Date,Copper_Open,Copper_High,Copper_Low,Copper_Close,Copper_Volume,LME_Stocks,Crude_Oil,DXY_Index,Interest_Rate,Basis_Spread_3M_Cash
2018-01-01,3.2041,3.2405,3.1828,3.2,22532,238426,62.43,102.41,2.45,-28.03
2018-01-02,3.2496,3.2795,3.2085,3.2368,50416,235819,62.91,102.25,2.43,-20.37
2018-01-03,3.2338,3.2746,3.2218,3.2449,33242,235082,63.11,102.34,2.36,-32.12
2018-01-04,3.294,3.3041,3.2744,3.2868,65254,234449,62.61,102.34,2.35,-24.56
2018-01-05,3.3787,3.4064,3.3388,3.3659,50249,232009,64.24,102.19,2.33,-19.31
2018-01-08,3.3506,3.3909,3.3297,3.3698,47294,232180,61.42,102.09,2.33,-42.98
2018-01-09,3.3776,3.3947,3.3562,3.3741,74784,230725,61.46,102.31,2.4,-31.98
2018-01-10,3.4518,3.4809,3.4223,3.4574,18684,226523,62.84,102.02,2.42,-23.63
2018-01-11,3.5091,3.5404,3.4918,3.51,38795,224272,63.04,101.94,2.47,-17.97
2018-01-12,3.5066,3.5332,3.482,3.5027,75301,226347,64.61,101.82,2.5,-23.88
2018-01-15,3.538,3.5587,3.5034,3.5435,84187,222372,64.18,101.78,2.49,-13.26
2018-01-16,3.5303,3.5668,3.4946,3.5379,25431,221578,64.05,101.77,2.5,-29.78
2018-01-17,3.5334,3.5506,3.4971,3.533,70372,223152,65.47,101.8,2.52,-35.84
2018-01-18,3.5465,3.5835,3.5261,3.5589,62387,223619,66.52,101.72,2.53,-18.07
2018-01-19,3.4838,3.5157,3.4511,3.4959,67927,226370,69.22,102.56,2.52,-27.04
2018-01-22,3.4376,3.4578,3.416,3.4301,24304,231178,69.4,102.66,2.57,-34.52
2018-01-23,3.4032,3.4439,3.3888,3.4158,32032,230941,69.68,103.03,2.58,-13.16
2018-01-24,3.3873,3.4005,3.3775,3.3801,74486,230736,69.23,103.57,2.54,-22.05
2018-01-25,3.4158,3.4536,3.3753,3.4108,80552,230303,69.07,103.62,2.53,-22.25
2018-01-26,3.3634,3.389,3.3488,3.3821,44654,233148,70.32,103.63,2.54,-14.82
2018-01-29,3.3227,3.3464,3.3024,3.3299,54244,237031,70.38,104.31,2.52,-32.69
2018-01-30,3.4323,3.4572,3.4048,3.4192,20942,231976,69.56,103.78,2.51,-15.6
2018-01-31,3.411,3.4484,3.3834,3.4217,65697,232103,69.21,103.94,2.5,-24.01
2018-02-01,3.4352,3.4615,3.4163,3.4403,17693,232274,69.17,103.88,2.45,-32.21
2018-02-02,3.3899,3.4111,3.3738,3.3849,71751,235128,68.41,104.06,2.39,-28.36
2018-02-05,3.3797,3.4046,3.3461,3.3712,21259,237480,67.97,104.27,2.37,-26.99
2018-02-06,3.3889,3.4114,3.3789,3.3916,19942,236076,66.94,104.64,2.36,-18.71
2018-02-07,3.3453,3.3844,3.3306,3.3517,62419,237787,66.53,104.9,2.32,-40.44
2018-02-08,3.4001,3.4286,3.3802,3.3847,71105,236585,67.88,105.23,2.29,-43.17
2018-02-09,3.3902,3.4188,3.3613,3.3714,80907,238183,67.99,105.25,2.29,-35.27
2018-02-12,3.3834,3.3972,3.3498,3.3728,42383,237887,70.76,105.26,2.32,-29.12
2018-02-13,3.3623,3.3832,3.3557,3.3614,38404,239512,69.98,105.01,2.35,-22.7
2018-02-14,3.4469,3.4754,3.4371,3.4558,20702,237190,70.58,104.4,2.38,-30.78
2018-02-15,3.461,3.484,3.4388,3.4702,71332,235920,70.89,104.28,2.35,-23.05
2018-02-16,3.4408,3.4658,3.4176,3.4351,54419,237302,71.66,104.37,2.34,-13.67
2018-02-19,3.4948,3.5126,3.4511,3.4901,54242,235989,71.06,103.85,2.38,-40.64
2018-02-20,3.462,3.4895,3.4093,3.4465,49142,240264,70.72,103.88,2.33,-28.23
2018-02-21,3.4791,3.4924,3.4569,3.4719,22393,239884,71.23,103.68,2.31,-6.0
2018-02-22,3.3784,3.4304,3.3521,3.3947,84939,242414,70.73,104.37,2.32,-34.15
2018-02-23,3.349,3.3632,3.3104,3.3378,84082,245213,68.84,104.28,2.27,-36.19
2018-02-26,3.3528,3.3868,3.3361,3.3635,43893,245208,70.35,103.63,2.29,-24.3
2018-02-27,3.4137,3.4463,3.4041,3.4179,24388,241785,71.38,102.92,2.33,-32.14
2018-02-28,3.4447,3.462,3.42,3.4419,77969,239411,70.99,102.58,2.37,-18.02
2018-03-01,3.473,3.5021,3.4303,3.451,51660,238588,71.29,102.7,2.37,-5.94
2018-03-02,3.4859,3.4978,3.4331,3.4516,39726,239352,72.46,102.61,2.39,-26.33
2018-03-05,3.4059,3.4395,3.3739,3.3993,77996,240063,74.0,102.77,2.34,-4.74
2018-03-06,3.377,3.4007,3.3615,3.379,15111,240144,74.17,102.78,2.35,-32.27
2018-03-07,3.3776,3.3944,3.3595,3.3718,32545,240797,73.59,102.34,2.34,-29.99
2018-03-08,3.445,3.4645,3.4123,3.4352,55168,239252,75.26,102.24,2.34,-35.45
2018-03-09,3.4629,3.4954,3.4375,3.4665,17379,238192,75.43,102.41,2.34,-30.5
2018-03-12,3.4209,3.4379,3.3892,3.4014,56120,241571,75.33,102.66,2.35,-30.0
2018-03-13,3.4352,3.451,3.4031,3.4327,32809,241369,75.68,102.52,2.31,-23.83
2018-03-14,3.4343,3.4544,3.4214,3.4288,67813,243461,77.01,102.57,2.28,-38.02
2018-03-15,3.4193,3.4315,3.3949,3.412,42967,246000,77.03,102.39,2.28,-32.16
2018-03-16,3.4595,3.4967,3.4348,3.4548,24748,241624,78.17,102.06,2.22,-31.09
2018-03-19,3.526,3.5437,3.4995,3.5166,38424,238961,78.01,102.2,2.23,-18.07
2018-03-20,3.5686,3.6057,3.5506,3.5757,38914,237396,78.74,101.9,2.25,-23.49
2018-03-21,3.5449,3.5757,3.5062,3.5512,34491,240538,77.75,102.08,2.3,-23.98
2018-03-22,3.5394,3.5662,3.5239,3.5519,64454,241276,78.99,101.9,2.3,-24.25
2018-03-23,3.5873,3.6102,3.5384,3.5823,66925,238877,78.31,101.64,2.36,-39.18
2018-03-26,3.65,3.6802,3.6138,3.6409,52049,235368,78.87,101.51,2.36,-9.52
2018-03-27,3.6402,3.6618,3.6108,3.6349,42821,234799,77.3,101.33,2.32,-31.16
2018-03-28,3.6619,3.6956,3.6149,3.6424,44945,234830,77.39,101.7,2.32,-15.59
2018-03-29,3.6114,3.6435,3.5664,3.6115,32384,235645,77.66,101.45,2.31,-25.68
2018-03-30,3.5831,3.6139,3.561,3.5754,43410,233616,76.97,101.47,2.33,-29.69
2018-04-02,3.6148,3.6467,3.6013,3.6275,78766,229858,76.91,100.84,2.34,-14.58
2018-04-03,3.7006,3.7193,3.6836,3.7052,22169,225828,77.25,100.79,2.35,-32.04
2018-04-04,3.7258,3.7441,3.6934,3.7175,55129,223639,77.93,100.72,2.38,-31.08
2018-04-05,3.7915,3.8175,3.7727,3.7812,18830,219317,78.1,100.33,2.36,-19.04
2018-04-06,3.8115,3.8445,3.7869,3.8151,71306,220252,79.63,100.26,2.38,-18.11
2018-04-09,3.8,3.8054,3.7602,3.8009,80267,220881,80.96,100.68,2.39,-13.02
2018-04-10,3.8154,3.8585,3.7895,3.834,42757,218928,80.99,100.56,2.39,-13.23
2018-04-11,3.9161,3.9472,3.8938,3.9206,78867,215832,79.59,100.42,2.39,-18.18
2018-04-12,3.9467,3.9693,3.9162,3.9355,50650,216537,79.11,100.27,2.36,-16.4
2018-04-13,4.0366,4.0749,3.9947,4.0292,48766,215009,76.72,99.56,2.35,-16.65
2018-04-16,3.9116,3.9405,3.888,3.9053,47419,222631,76.58,100.24,2.34,-5.84
2018-04-17,3.9803,4.0183,3.9366,3.9797,31668,219805,78.18,99.69,2.32,-24.75
2018-04-18,4.0028,4.0263,3.9585,4.0027,31246,216930,79.11,99.75,2.28,-15.68
2018-04-19,3.9915,4.0346,3.9634,4.0,39996,215849,79.26,99.66,2.27,-9.46
2018-04-20,4.0317,4.0732,3.9971,4.0227,66312,214345,78.52,99.53,2.25,-6.11
2018-04-23,3.9288,3.9663,3.8887,3.9235,18065,219417,78.71,99.46,2.21,-23.21
2018-04-24,3.9315,3.9463,3.8899,3.9253,25467,219449,81.11,99.42,2.17,-25.74
2018-04-25,3.9581,3.9878,3.9404,3.9648,65646,215904,82.81,99.16,2.11,-27.26
2018-04-26,4.0452,4.096,4.0243,4.0733,36007,209039,82.7,98.91,2.12,-17.45
2018-04-27,4.0698,4.1005,4.0425,4.0556,83079,210147,81.13,99.22,2.15,-12.73
2018-04-30,4.0145,4.0531,3.9848,4.0207,43702,211861,83.62,99.4,2.15,-19.6
2018-05-01,3.995,4.0237,3.963,4.0061,68952,212266,82.88,99.06,2.14,-9.93
2018-05-02,4.0877,4.1145,4.0657,4.0786,73065,209583,83.52,98.59,2.1,-14.99
2018-05-03,4.1108,4.1224,4.089,4.116,49169,209397,81.86,98.69,2.04,-8.5
2018-05-04,4.1161,4.1566,4.0892,4.1022,31829,210390,81.56,98.71,2.04,-12.7
2018-05-07,4.1568,4.1782,4.131,4.1486,75135,207172,79.9,98.22,2.06,-27.35
2018-05-08,4.1805,4.2078,4.1392,4.1714,19522,208444,78.68,98.39,2.03,-22.35
2018-05-09,4.2221,4.2646,4.2024,4.2406,50319,205118,77.72,97.64,2.06,-1.35
2018-05-10,4.2366,4.2752,4.1962,4.2202,41543,206096,78.31,97.71,2.04,-19.56
2018-05-11,4.2238,4.2255,4.2098,4.2203,45473,205308,78.26,97.85,2.08,-4.35
2018-05-14,4.2128,4.2446,4.1839,4.2178,22699,204131,81.3,97.89,2.05,-10.57
2018-05-15,4.165,4.1906,4.1369,4.1631,83165,205401,82.61,97.86,1.98,-21.11
2018-05-16,4.1724,4.2186,4.1529,4.1963,55455,202451,83.93,97.46,1.99,-5.7
2018-05-17,4.2327,4.2773,4.2021,4.2272,32441,197449,84.55,97.13,1.97,-15.52
2018-05-18,4.2311,4.2632,4.2021,4.2451,45716,196456,84.91,97.24,1.92,-9.81
2018-05-21,4.233,4.2865,4.2141,4.2514,77175,197495,86.27,97.25,1.94,-12.76
2018-05-22,4.1829,4.2339,4.1709,4.2034,21834,198474,83.71,97.39,1.91,-34.92
2018-05-23,4.2148,4.2544,4.1547,4.1998,33179,201707,83.08,97.51,1.87,-6.28
2018-05-24,4.1921,4.2208,4.1716,4.2006,41219,203335,81.64,97.32,1.91,-5.47
2018-05-25,4.2008,4.2202,4.1545,4.1803,30782,204227,79.63,97.61,1.9,-16.59
2018-05-28,4.1828,4.2278,4.1458,4.19,24496,202457,78.84,97.67,1.86,-6.74
2018-05-29,4.2026,4.2571,4.1398,4.2257,54238,198934,77.63,97.44,1.85,-18.9
2018-05-30,4.313,4.3402,4.2982,4.3285,61025,194171,79.0,96.88,1.91,-16.67
2018-05-31,4.3729,4.3951,4.3231,4.3557,74886,193029,79.16,96.66,1.92,-6.85
2018-06-01,4.3848,4.4191,4.3642,4.387,38563,191375,77.0,96.75,1.9,-14.18
2018-06-04,4.3935,4.4382,4.371,4.4012,18712,192020,77.41,96.73,1.92,-9.07
2018-06-05,4.3292,4.3498,4.3068,4.327,60489,197155,76.35,97.05,1.9,-17.44
2018-06-06,4.3502,4.3528,4.3271,4.3432,47664,196993,76.47,96.73,1.89,-20.05
2018-06-07,4.3797,4.4131,4.3366,4.3641,27420,196685,76.96,96.77,1.87,-6.95
2018-06-08,4.5318,4.5475,4.498,4.5109,69610,189700,76.19,96.17,1.9,-3.94
2018-06-11,4.5109,4.5231,4.4717,4.5161,20315,189460,76.49,96.01,1.9,-5.51
2018-06-12,4.5348,4.5559,4.5051,4.5541,78910,188244,76.98,95.72,1.95,-7.39
2018-06-13,4.5645,4.6087,4.5306,4.5705,75972,187126,76.86,95.61,1.96,-10.57
2018-06-14,4.5236,4.5539,4.4959,4.5198,70919,190200,76.12,95.57,2.0,-14.79
2018-06-15,4.5943,4.6355,4.5689,4.6085,19132,184942,76.18,95.15,2.02,-13.35
2018-06-18,4.6613,4.7211,4.6281,4.6756,56598,181043,76.08,94.4,2.02,-7.62
2018-06-19,4.7507,4.7883,4.7284,4.7455,35551,176642,76.48,93.73,2.01,7.59
2018-06-20,4.7058,4.7549,4.6797,4.7065,83206,177594,76.25,93.8,2.07,0.09
2018-06-21,4.8166,4.8313,4.7952,4.8161,41296,172317,74.99,93.09,2.11,3.38
2018-06-22,4.7268,4.7682,4.7066,4.7383,33066,177053,74.86,93.6,2.16,-11.91
2018-06-25,4.7971,4.8127,4.7907,4.8006,43892,174300,75.28,93.36,2.13,1.59
2018-06-26,4.9648,5.0086,4.9169,4.9795,79771,164708,75.53,92.81,2.07,6.46
2018-06-27,4.9248,4.9533,4.8875,4.9108,42484,166117,75.46,93.17,2.05,15.7
2018-06-28,4.8966,4.9352,4.8355,4.8804,42115,166986,74.98,93.38,2.05,1.45
2018-06-29,4.8793,4.9402,4.8353,4.9083,41038,166732,74.45,92.95,2.03,-1.18
2018-07-02,4.8731,4.9262,4.8569,4.8876,51622,169347,74.02,92.76,2.04,-4.76
2018-07-03,4.767,4.8286,4.7489,4.7899,50886,171834,75.26,93.26,2.02,0.31
2018-07-04,4.8045,4.8702,4.7441,4.8145,66284,171174,74.27,93.16,1.97,-1.37
2018-07-05,4.7512,4.7793,4.7008,4.7525,24901,173482,74.42,93.54,1.98,8.59
2018-07-06,4.7856,4.8278,4.7552,4.8079,71377,170600,73.09,93.58,1.99,7.82
2018-07-09,4.7449,4.7922,4.7115,4.7589,64862,171528,73.99,93.55,2.03,-9.28
2018-07-10,4.8772,4.9148,4.8533,4.8929,47806,165234,73.45,93.3,2.03,1.67
2018-07-11,4.8515,4.8998,4.8122,4.8483,32659,165910,72.59,93.15,2.06,21.77
2018-07-12,4.8429,4.8706,4.8191,4.8418,38453,165883,72.88,93.28,2.03,-11.62
2018-07-13,4.9112,4.9474,4.9037,4.9226,45498,163625,70.23,92.56,2.04,0.86
2018-07-16,4.8524,4.878,4.834,4.8497,31312,167663,68.85,93.11,2.07,7.39
2018-07-17,4.8777,4.9259,4.8462,4.8862,16436,168317,69.3,92.55,2.09,-0.3
2018-07-18,4.9982,5.0326,4.9798,5.0025,42569,163715,70.47,91.29,2.08,1.31
2018-07-19,4.9227,4.9465,4.866,4.8965,73813,168695,71.02,91.86,2.09,-2.06
2018-07-20,4.9525,5.0038,4.9125,4.9313,60986,167792,71.22,91.65,2.11,-6.42
2018-07-23,4.9506,4.9929,4.9281,4.9713,68177,165061,73.92,91.73,2.15,1.99
2018-07-24,5.0644,5.0972,5.0083,5.051,24305,158971,74.52,91.35,2.13,13.74
2018-07-25,4.9895,5.0291,4.9418,4.9766,47646,163275,73.42,91.53,2.1,-7.28
2018-07-26,4.8754,4.9056,4.8442,4.8934,55430,164864,74.6,91.82,2.07,4.13
2018-07-27,4.9677,5.0051,4.9125,4.9547,83659,163452,73.94,92.31,2.08,12.27
2018-07-30,5.0217,5.041,4.9594,4.9971,19158,162445,73.21,91.88,2.08,3.77
2018-07-31,5.017,5.0773,4.9673,5.0351,42738,159715,71.75,91.82,2.1,1.12
2018-08-01,5.0645,5.1002,5.0376,5.0794,24879,157199,71.34,91.7,2.13,11.32
2018-08-02,5.0684,5.1091,5.0248,5.0519,20543,158422,70.04,91.98,2.07,-2.61
2018-08-03,5.0913,5.1374,5.0702,5.0869,62924,155741,70.7,91.92,2.06,9.32
2018-08-06,5.1343,5.1777,5.0978,5.1253,57348,154661,70.62,91.66,2.06,5.09
2018-08-07,5.1057,5.1414,5.0557,5.1001,51679,156550,69.17,91.35,2.1,6.53
2018-08-08,5.2427,5.2733,5.1864,5.2362,58888,148694,69.13,90.7,2.1,22.97
2018-08-09,5.2685,5.3175,5.2224,5.291,45276,145240,70.27,90.43,2.14,19.65
2018-08-10,5.244,5.2959,5.2156,5.2265,19799,148098,72.11,90.78,2.16,21.12
2018-08-13,5.3143,5.3393,5.2469,5.2945,75558,146407,70.19,90.58,2.17,2.94
2018-08-14,5.2405,5.2648,5.2301,5.2443,51534,149449,69.38,90.73,2.17,0.2
2018-08-15,5.3206,5.3639,5.2751,5.3213,46668,143186,68.01,90.19,2.17,14.39
2018-08-16,5.3994,5.4504,5.3695,5.426,19111,138125,68.45,89.89,2.18,15.27
2018-08-17,5.3929,5.4151,5.3405,5.384,39686,140582,66.95,90.02,2.17,-5.12
2018-08-20,5.4869,5.503,5.4594,5.4769,31490,135441,68.16,89.43,2.21,16.41
2018-08-21,5.5281,5.5582,5.4772,5.5292,50194,132035,69.53,89.02,2.23,31.99
2018-08-22,5.6315,5.6663,5.5951,5.6113,29497,127444,70.48,89.0,2.27,32.35
2018-08-23,5.7702,5.8167,5.7425,5.7764,68516,119645,69.74,89.0,2.24,13.58
2018-08-24,5.7863,5.8365,5.7528,5.7759,59104,118493,69.07,89.0,2.21,25.56
2018-08-27,5.715,5.7776,5.7024,5.7337,20316,121184,68.61,89.0,2.22,11.12
2018-08-28,5.6813,5.7155,5.6436,5.6817,53130,122491,69.88,89.0,2.22,16.82
2018-08-29,5.6333,5.6698,5.5728,5.6364,44954,123286,68.06,89.0,2.23,9.76
2018-08-30,5.655,5.6981,5.5786,5.6509,36652,122155,68.53,89.0,2.2,7.08
2018-08-31,5.691,5.7516,5.6532,5.6977,29178,121824,67.55,89.0,2.15,25.46
2018-09-03,5.7365,5.7774,5.6844,5.7389,66163,120600,67.13,89.0,2.16,21.21
2018-09-04,5.8344,5.8651,5.7785,5.819,29751,117702,67.99,89.0,2.14,24.15
2018-09-05,5.8329,5.8646,5.7885,5.8411,80961,117051,66.37,89.0,2.16,26.2
2018-09-06,5.9332,5.9814,5.8999,5.9639,18044,110389,66.11,89.0,2.15,24.95
2018-09-07,5.9986,6.0463,5.9242,5.9652,78165,109562,66.01,89.0,2.12,14.48
2018-09-10,6.2175,6.2657,6.1425,6.1901,26480,98470,66.02,89.0,2.05,29.59
2018-09-11,6.2508,6.3257,6.2193,6.2768,80439,95878,65.95,89.0,2.09,27.68
2018-09-12,6.2276,6.2655,6.1753,6.2139,58874,99063,66.61,89.0,2.11,26.65
2018-09-13,6.122,6.1918,6.0836,6.1319,81775,100752,66.16,89.0,2.07,18.62
2018-09-14,6.2066,6.2391,6.1494,6.2014,21566,99368,66.6,89.0,2.01,15.23
2018-09-17,6.2081,6.262,6.1785,6.2023,68149,98929,67.01,89.0,1.99,23.22
2018-09-18,6.2845,6.3289,6.245,6.2892,18006,95803,67.37,89.0,2.02,34.42
2018-09-19,6.3382,6.3855,6.2684,6.3541,34423,94145,68.0,89.0,2.01,30.49
2018-09-20,6.3561,6.42,6.2975,6.3702,48952,90346,68.35,89.0,2.0,46.56
2018-09-21,6.3043,6.3695,6.2434,6.3228,42326,93024,68.3,89.0,2.03,29.9
2018-09-24,6.205,6.2667,6.1648,6.2216,46139,97275,66.94,89.0,2.0,30.09
2018-09-25,6.203,6.2452,6.1585,6.2043,77103,95147,68.48,89.0,1.98,28.23
2018-09-26,6.2844,6.3385,6.2289,6.2988,75857,89536,70.39,89.0,1.99,20.94
2018-09-27,6.353,6.4299,6.2749,6.3392,27937,87172,70.04,89.0,1.98,30.6
2018-09-28,6.2897,6.3476,6.2492,6.2599,45161,91756,70.58,89.0,1.96,20.12
2018-10-01,6.2847,6.3476,6.2643,6.2964,19383,89902,70.02,89.0,1.98,29.35
2018-10-02,6.3546,6.3969,6.2891,6.3497,29735,87681,69.27,89.0,2.0,16.03
2018-10-03,6.3123,6.3679,6.2661,6.3022,74919,89391,69.38,89.0,2.02,29.45
2018-10-04,6.3457,6.3941,6.3058,6.3361,82561,89171,72.51,89.0,2.02,31.98
2018-10-05,6.3638,6.4049,6.3407,6.3623,52622,88617,74.3,89.0,1.97,33.12
2018-10-08,6.3162,6.3519,6.2693,6.3012,53135,91562,75.94,89.0,1.97,17.83
2018-10-09,6.3596,6.399,6.3305,6.3498,50658,88004,76.55,89.0,1.93,35.08
2018-10-10,6.3873,6.4205,6.3141,6.4127,44696,85317,75.58,89.0,1.87,37.86
2018-10-11,6.532,6.577,6.4726,6.5139,18773,84101,76.76,89.0,1.86,26.13
2018-10-12,6.6358,6.6704,6.5756,6.617,39956,80416,73.68,89.0,1.87,44.72
2018-10-15,6.5144,6.5972,6.4634,6.5304,30819,83426,74.15,89.0,1.92,36.21
2018-10-16,6.4747,6.5164,6.4175,6.4739,16528,88191,75.4,89.0,1.88,32.97
2018-10-17,6.5535,6.5767,6.4825,6.5392,59588,84313,75.61,89.0,1.9,39.61
2018-10-18,6.5993,6.6452,6.54,6.6037,35511,82267,77.47,89.0,1.86,49.86
2018-10-19,6.6906,6.7165,6.6351,6.6677,25119,79332,75.94,89.0,1.89,36.16
2018-10-22,6.8514,6.9026,6.7613,6.8,31167,73597,77.74,89.0,1.87,35.8
2018-10-23,6.7829,6.8483,6.7268,6.8,71503,73859,77.61,89.0,1.87,57.69
2018-10-24,6.7699,6.8592,6.735,6.8,49889,73562,79.25,89.0,1.86,38.53
2018-10-25,6.8066,6.8372,6.7566,6.8,60678,73095,80.41,89.0,1.88,43.12
2018-10-26,6.8157,6.8598,6.75,6.8,75262,71515,82.11,89.0,1.84,38.53
2018-10-29,6.795,6.8212,6.7387,6.8,19681,70165,83.23,89.0,1.83,26.34
2018-10-30,6.8316,6.8866,6.7855,6.8,81008,70566,84.03,89.0,1.81,37.39
2018-10-31,6.7709,6.852,6.7157,6.8,28690,69746,85.57,89.0,1.88,49.44
2018-11-01,6.8151,6.8667,6.7603,6.8,40912,68654,85.67,89.0,1.85,33.12
2018-11-02,6.7868,6.8435,6.7317,6.8,21473,72047,86.37,89.0,1.77,51.21
2018-11-05,6.8374,6.8877,6.7438,6.8,56298,75034,86.4,89.0,1.82,46.49
2018-11-06,6.8434,6.9131,6.7302,6.8,33669,75731,85.68,89.0,1.84,31.46
2018-11-07,6.7833,6.8389,6.7177,6.8,35943,76597,86.3,89.0,1.82,29.76
2018-11-08,6.788,6.8458,6.7225,6.8,53785,75622,86.56,89.0,1.82,29.53
2018-11-09,6.8187,6.8445,6.7329,6.8,78427,74200,87.98,89.0,1.79,36.53
2018-11-12,6.7916,6.8293,6.7433,6.8,77001,73792,87.8,89.0,1.74,30.74
2018-11-13,6.799,6.8451,6.755,6.8,76724,73792,87.0,89.0,1.73,50.37
2018-11-14,6.8006,6.8621,6.7422,6.8,25832,74648,88.41,89.0,1.73,29.94
2018-11-15,6.7582,6.8393,6.7027,6.8,20385,72451,88.51,89.0,1.74,32.42
2018-11-16,6.7997,6.8397,6.7612,6.8,29708,75028,87.68,89.0,1.71,52.91
2018-11-19,6.785,6.8369,6.7349,6.8,73600,75326,89.24,89.0,1.69,37.76
2018-11-20,6.7893,6.8348,6.7464,6.8,38438,73465,90.3,89.0,1.68,43.58
2018-11-21,6.8314,6.8797,6.7704,6.8,75062,73654,92.37,89.0,1.65,43.95
2018-11-22,6.7727,6.8191,6.7081,6.8,80428,72571,92.03,89.0,1.68,27.64
2018-11-23,6.8177,6.8821,6.7556,6.8,26002,71404,91.53,89.0,1.71,46.82
2018-11-26,6.7939,6.8327,6.7169,6.8,51153,70129,90.37,89.0,1.69,45.21
2018-11-27,6.7939,6.8553,6.7769,6.8,37440,69821,89.78,89.0,1.71,45.55
2018-11-28,6.8172,6.84,6.7656,6.8,82501,72344,89.39,89.0,1.67,34.23
2018-11-29,6.8074,6.8618,6.7559,6.8,47556,72456,90.18,89.0,1.66,42.44
2018-11-30,6.8124,6.8669,6.7379,6.8,82963,73288,89.19,89.0,1.71,38.53
2018-12-03,6.8211,6.8709,6.75,6.8,21563,74414,88.5,89.0,1.73,40.79
2018-12-04,6.7928,6.8273,6.7442,6.8,20840,74241,90.4,89.0,1.74,33.39
2018-12-05,6.7867,6.8476,6.7616,6.8,30154,72847,87.2,89.0,1.73,38.38
2018-12-06,6.7764,6.8242,6.7518,6.8,39194,70929,87.77,89.0,1.73,48.3
2018-12-07,6.782,6.8394,6.7332,6.8,80020,70464,86.38,89.0,1.68,23.63
2018-12-10,6.8642,6.9245,6.7787,6.8,61861,71837,85.53,89.0,1.67,36.89
2018-12-11,6.8271,6.8836,6.7652,6.8,37448,72959,87.12,89.0,1.69,45.43
2018-12-12,6.7706,6.8438,6.7189,6.8,38528,73267,87.24,89.0,1.69,30.75
2018-12-13,6.7712,6.8276,6.7437,6.8,44402,73734,90.19,89.0,1.69,43.4
2018-12-14,6.8105,6.8646,6.7303,6.8,19352,73569,90.91,89.0,1.67,43.99
2018-12-17,6.8119,6.8557,6.7365,6.8,15184,72992,90.03,89.0,1.64,38.7
2018-12-18,6.8119,6.8176,6.7821,6.8,25384,72106,90.68,89.0,1.61,42.56
2018-12-19,6.7945,6.8563,6.7662,6.8,29319,70340,91.95,89.0,1.6,53.84
2018-12-20,6.7973,6.8431,6.7911,6.8,35449,72497,92.56,89.0,1.63,34.28
2018-12-21,6.8071,6.8702,6.7693,6.8,71333,72702,92.35,89.0,1.6,28.2
2018-12-24,6.8019,6.8275,6.744,6.8,56205,72171,90.52,89.0,1.6,36.39
2018-12-25,6.7517,6.8083,6.7149,6.8,25426,74356,90.2,89.0,1.61,31.55
2018-12-26,6.795,6.8481,6.744,6.8,22504,76771,92.06,89.0,1.63,43.27
2018-12-27,6.7815,6.8483,6.7628,6.8,71578,80065,91.21,89.0,1.64,36.13
2018-12-28,6.8038,6.8197,6.7435,6.8,73209,79767,90.79,89.0,1.59,45.21
2018-12-31,6.865,6.8926,6.7655,6.8,48368,79893,91.91,89.0,1.66,42.48
2019-01-01,6.808,6.8965,6.7563,6.8,67185,80674,92.62,89.0,1.69,34.18
2019-01-02,6.7932,6.8385,6.7512,6.8,23724,82669,91.21,89.0,1.7,32.16
2019-01-03,6.8201,6.8755,6.7772,6.8,20084,82743,91.12,89.0,1.69,28.16
2019-01-04,6.8105,6.8434,6.7753,6.8,49810,81563,92.7,89.0,1.68,48.94
2019-01-07,6.8091,6.8185,6.7407,6.8,35872,80659,92.75,89.0,1.63,44.46
2019-01-08,6.8132,6.8539,6.75,6.8,83843,82072,94.36,89.0,1.63,36.51
2019-01-09,6.8448,6.884,6.7393,6.8,17596,82817,96.02,89.0,1.63,45.15
2019-01-10,6.7754,6.837,6.7266,6.8,32167,82610,95.03,89.0,1.63,30.61
2019-01-11,6.8103,6.8519,6.7541,6.8,73326,82324,94.73,89.0,1.68,32.56
2019-01-14,6.7798,6.8478,6.7644,6.8,25782,82116,95.48,89.0,1.71,31.71
2019-01-15,6.8121,6.8532,6.7609,6.8,57002,83603,93.82,89.0,1.74,42.35
2019-01-16,6.78,6.8229,6.7369,6.8,39022,82656,93.6,89.0,1.75,34.86
2019-01-17,6.7909,6.8515,6.7155,6.8,29618,81200,94.22,89.0,1.76,27.64
2019-01-18,6.7936,6.8117,6.7389,6.8,32245,83380,93.57,89.0,1.77,40.78
2019-01-21,6.8212,6.8313,6.7314,6.8,25027,83410,94.24,89.0,1.71,44.87
2019-01-22,6.82,6.8756,6.7467,6.8,28986,83315,93.6,89.0,1.71,38.84
2019-01-23,6.7729,6.8518,6.741,6.8,18526,84120,92.96,89.0,1.67,49.69
2019-01-24,6.8012,6.8438,6.7546,6.8,59361,82934,93.8,89.0,1.63,46.82
2019-01-25,6.7846,6.8207,6.7372,6.8,82158,83834,95.33,89.0,1.67,49.51
2019-01-28,6.7726,6.832,6.7444,6.8,53286,83375,94.57,89.0,1.64,46.66
2019-01-29,6.7953,6.8392,6.7581,6.8,44533,84726,93.26,89.0,1.6,42.0
2019-01-30,6.7933,6.8175,6.7531,6.8,33316,82885,93.25,89.0,1.61,29.43
2019-01-31,6.8528,6.8843,6.7303,6.8,23699,83426,93.79,89.0,1.61,37.06
2019-02-01,6.8094,6.8636,6.7904,6.8,73465,83149,93.02,89.0,1.62,35.64
2019-02-04,6.77,6.8668,6.7068,6.8,31673,82303,94.87,89.0,1.68,32.45
2019-02-05,6.7877,6.8367,6.7595,6.8,38395,83229,94.73,89.0,1.69,35.11
2019-02-06,6.8222,6.8781,6.7789,6.8,38707,83051,93.95,89.0,1.65,27.55
2019-02-07,6.8454,6.8577,6.7372,6.8,71416,83610,96.1,89.0,1.68,47.51
2019-02-08,6.7655,6.8543,6.71,6.8,23758,85129,97.51,89.0,1.67,31.0
2019-02-11,6.7591,6.8304,6.6951,6.8,82009,86079,96.73,89.0,1.68,46.91
2019-02-12,6.8407,6.8892,6.7434,6.8,28281,84782,97.93,89.0,1.63,51.28
2019-02-13,6.8085,6.848,6.7229,6.8,47548,84132,97.23,89.0,1.64,33.49
2019-02-14,6.7811,6.8651,6.7285,6.8,33371,84683,98.1,89.0,1.61,35.29
2019-02-15,6.8116,6.8408,6.759,6.8,34644,85636,100.07,89.0,1.62,44.24
2019-02-18,6.7426,6.8538,6.6935,6.8,38874,85167,98.76,89.0,1.6,36.29
2019-02-19,6.8001,6.8391,6.7362,6.8,29281,85404,98.19,89.0,1.62,33.2
2019-02-20,6.8071,6.848,6.7692,6.8,83787,85634,97.65,89.0,1.59,43.75
2019-02-21,6.8201,6.8606,6.7671,6.8,37289,86031,97.96,89.0,1.54,33.7
2019-02-22,6.7779,6.8297,6.7394,6.8,20054,84616,98.5,89.0,1.53,58.17
2019-02-25,6.8019,6.8452,6.7908,6.8,81846,82918,98.42,89.0,1.53,44.77
2019-02-26,6.7799,6.8425,6.7341,6.8,64769,80207,96.59,89.0,1.5,45.69
2019-02-27,6.8056,6.8531,6.7873,6.8,44312,80334,95.26,89.0,1.51,39.24
2019-02-28,6.7805,6.8449,6.7361,6.8,19257,78697,94.3,89.0,1.53,55.84
2019-03-01,6.7911,6.8565,6.7335,6.8,30846,81261,94.94,89.0,1.5,33.69
2019-03-04,6.7783,6.8586,6.7426,6.8,37483,82046,93.42,89.0,1.5,46.47
2019-03-05,6.8142,6.8406,6.7291,6.8,41558,80628,92.44,89.0,1.52,28.63
2019-03-06,6.8187,6.8764,6.7803,6.8,58188,81990,91.21,89.0,1.51,59.5
2019-03-07,6.7949,6.8242,6.7319,6.8,28012,83355,91.6,89.0,1.51,46.97
2019-03-08,6.8008,6.8539,6.7455,6.8,48236,84817,92.86,89.0,1.47,32.01
2019-03-11,6.7685,6.8536,6.753,6.8,60076,83848,93.05,89.0,1.49,44.47
2019-03-12,6.7935,6.8123,6.7057,6.8,63402,84707,95.26,89.0,1.49,49.03
2019-03-13,6.7989,6.845,6.7564,6.8,47076,86190,95.45,89.0,1.49,32.4
2019-03-14,6.857,6.8929,6.7708,6.8,32335,88075,95.36,89.0,1.56,36.09
2019-03-15,6.7758,6.8311,6.7552,6.8,58773,86246,94.51,89.0,1.55,31.56
2019-03-18,6.8319,6.8975,6.7601,6.8,67158,85985,94.75,89.0,1.56,44.07
2019-03-19,6.8217,6.8546,6.7586,6.8,43570,84972,93.86,89.0,1.6,41.55
2019-03-20,6.8061,6.8365,6.7548,6.8,55658,87209,92.8,89.0,1.6,40.27
2019-03-21,6.8383,6.8831,6.7613,6.8,74184,87798,91.7,89.0,1.58,33.15
2019-03-22,6.8081,6.8628,6.7461,6.8,73194,88868,91.47,89.0,1.59,38.24
2019-03-25,6.8085,6.8497,6.7628,6.8,82507,89440,90.94,89.0,1.57,33.92
2019-03-26,6.7988,6.8626,6.7869,6.8,48959,89890,93.87,89.0,1.61,44.12
2019-03-27,6.8266,6.8788,6.7589,6.8,68072,88854,94.12,89.0,1.62,31.05
2019-03-28,6.8239,6.8319,6.7951,6.8,60588,88318,94.34,89.0,1.6,33.21
2019-03-29,6.7864,6.8349,6.7371,6.8,55533,88404,93.75,89.0,1.56,46.93
2019-04-01,6.7713,6.8344,6.7438,6.8,83582,87626,97.13,89.0,1.57,36.26
2019-04-02,6.7956,6.8513,6.7494,6.8,76743,86626,96.13,89.0,1.58,54.97
2019-04-03,6.7826,6.8007,6.7176,6.8,59518,86379,95.62,89.0,1.54,41.67
2019-04-04,6.7986,6.8851,6.7706,6.8,27703,85653,96.74,89.0,1.57,24.59
2019-04-05,6.8269,6.8791,6.7392,6.8,64456,85713,96.97,89.0,1.59,28.74
2019-04-08,6.79,6.8459,6.7536,6.8,70491,85181,95.58,89.0,1.6,34.98
2019-04-09,6.7991,6.8628,6.727,6.8,23043,84359,95.62,89.0,1.62,46.31
2019-04-10,6.8013,6.8831,6.7624,6.8,83340,83246,96.38,89.0,1.59,45.45
2019-04-11,6.8185,6.8762,6.7702,6.8,25176,83254,96.96,89.0,1.56,35.89
2019-04-12,6.7511,6.859,6.6964,6.8,18936,84320,97.7,89.0,1.56,50.48
2019-04-15,6.7868,6.8457,6.7504,6.8,46174,85101,100.11,89.0,1.54,42.79
2019-04-16,6.8046,6.8458,6.7702,6.8,40909,83268,100.42,89.0,1.55,37.29
2019-04-17,6.8261,6.8619,6.7643,6.8,59158,84300,101.31,89.0,1.58,49.97
2019-04-18,6.7893,6.83,6.7465,6.8,23366,85073,98.65,89.0,1.56,33.14
2019-04-19,6.7592,6.8323,6.6938,6.8,69337,86137,100.71,89.0,1.53,44.72
2019-04-22,6.8135,6.835,6.788,6.8,74331,87438,100.79,89.0,1.56,45.59
2019-04-23,6.7862,6.8423,6.7423,6.8,77197,86564,99.85,89.0,1.53,45.26
2019-04-24,6.7741,6.816,6.7204,6.8,65924,86205,99.64,89.0,1.52,38.68
2019-04-25,6.7864,6.8466,6.7397,6.8,43842,88353,100.38,89.0,1.49,47.4
2019-04-26,6.796,6.8429,6.7311,6.8,32458,90430,101.53,89.0,1.48,55.65
2019-04-29,6.7868,6.8459,6.7445,6.8,80382,90339,101.43,89.0,1.43,38.68
2019-04-30,6.752,6.835,6.7115,6.8,26170,91062,102.1,89.0,1.47,40.57
2019-05-01,6.8195,6.9132,6.7468,6.8,59942,91891,101.82,89.0,1.5,47.86
2019-05-02,6.8277,6.8934,6.7549,6.8,31208,94000,102.37,89.0,1.48,37.74
2019-05-03,6.8142,6.8374,6.7629,6.8,50178,94415,102.6,89.0,1.5,37.51
2019-05-06,6.7752,6.8473,6.7233,6.8,24039,92960,102.94,89.0,1.45,30.14
2019-05-07,6.7956,6.8336,6.7627,6.8,29990,92389,102.6,89.0,1.47,25.34
2019-05-08,6.7999,6.827,6.7664,6.8,21441,96149,103.06,89.0,1.45,30.35
2019-05-09,6.813,6.8347,6.7651,6.8,60959,94638,102.15,89.0,1.48,47.33
2019-05-10,6.8145,6.8651,6.7344,6.8,41862,94699,102.37,89.0,1.5,31.26
2019-05-13,6.784,6.8324,6.775,6.8,42273,97475,101.68,89.0,1.49,44.14
2019-05-14,6.8018,6.8611,6.75,6.8,57500,96515,100.59,89.0,1.48,52.63
2019-05-15,6.81,6.8697,6.7559,6.8,18956,93243,99.82,89.0,1.48,41.35
2019-05-16,6.8317,6.8976,6.7839,6.8,17365,90191,99.6,89.0,1.46,32.5
2019-05-17,6.8153,6.8449,6.7514,6.8,20000,89238,99.02,89.0,1.49,38.88
2019-05-20,6.8172,6.8685,6.7487,6.8,72072,87123,99.46,89.0,1.5,43.23
2019-05-21,6.8018,6.8556,6.7469,6.8,67499,88367,99.55,89.0,1.53,43.27
2019-05-22,6.8307,6.8665,6.7998,6.8,84211,88689,100.67,89.0,1.46,40.99
2019-05-23,6.8089,6.8398,6.7342,6.8,27907,86129,100.59,89.0,1.46,45.37
2019-05-24,6.7813,6.8698,6.7498,6.8,32336,84214,100.79,89.0,1.47,48.5
2019-05-27,6.8305,6.8777,6.7453,6.8,67331,85702,102.84,89.0,1.47,35.92
2019-05-28,6.8152,6.8691,6.7444,6.8,83783,85934,102.36,89.0,1.47,51.94
2019-05-29,6.7904,6.8301,6.7612,6.8,84951,87655,102.05,89.0,1.46,42.8
2019-05-30,6.7896,6.8236,6.7353,6.8,67509,88997,103.38,89.0,1.53,21.08
2019-05-31,6.8065,6.8407,6.7628,6.8,21472,87617,102.33,89.0,1.54,38.4
2019-06-03,6.8101,6.8516,6.7903,6.8,37380,88675,103.78,89.0,1.54,38.52
2019-06-04,6.8043,6.8305,6.7374,6.8,42280,89351,103.52,89.0,1.57,49.18
2019-06-05,6.8068,6.8502,6.7691,6.8,36859,86996,102.6,89.0,1.56,35.06
2019-06-06,6.837,6.853,6.7704,6.8,63402,85362,103.6,89.0,1.52,41.27
2019-06-07,6.8233,6.8485,6.7631,6.8,23262,88287,103.32,89.0,1.55,27.94
2019-06-10,6.8041,6.8586,6.752,6.8,26066,87174,105.33,89.0,1.54,32.94
2019-06-11,6.8205,6.8739,6.7574,6.8,30554,87668,105.42,89.0,1.58,46.77
2019-06-12,6.7775,6.8371,6.725,6.8,22008,87439,105.5,89.0,1.62,29.62
2019-06-13,6.8087,6.8356,6.7783,6.8,31238,87660,104.86,89.0,1.55,48.21
2019-06-14,6.8394,6.8662,6.7686,6.8,32153,87510,104.7,89.0,1.55,49.69
2019-06-17,6.7953,6.8374,6.7537,6.8,74353,88668,104.4,89.0,1.58,50.55
2019-06-18,6.7816,6.854,6.7071,6.8,67092,89795,105.86,89.0,1.53,53.14
2019-06-19,6.7858,6.8587,6.7441,6.8,58152,89937,106.18,89.0,1.54,46.59
2019-06-20,6.7763,6.8354,6.7151,6.8,64104,88851,106.95,89.0,1.57,43.62
2019-06-21,6.7829,6.8247,6.7388,6.8,39283,88169,107.06,89.0,1.56,45.27
2019-06-24,6.7919,6.8479,6.7563,6.8,61429,86278,106.6,89.0,1.56,40.61
2019-06-25,6.7694,6.8301,6.7299,6.8,69957,85876,107.01,89.0,1.6,36.82
2019-06-26,6.8003,6.8354,6.7592,6.8,43887,83757,108.76,89.0,1.56,46.55
2019-06-27,6.8196,6.8847,6.7466,6.8,61172,84019,107.6,89.0,1.58,43.82
2019-06-28,6.7802,6.857,6.7142,6.8,19355,84375,108.06,89.0,1.6,47.48
2019-07-01,6.8331,6.8792,6.7506,6.8,48701,85581,109.7,89.0,1.64,38.23
2019-07-02,6.8111,6.8339,6.7371,6.8,56534,84117,108.8,89.0,1.61,38.98
2019-07-03,6.8224,6.8694,6.7722,6.8,76274,82734,109.81,89.0,1.65,41.8
2019-07-04,6.7857,6.8609,6.7489,6.8,27279,84564,110.82,89.0,1.61,38.92
2019-07-05,6.8186,6.856,6.7683,6.8,58491,82921,109.4,89.0,1.6,64.16
2019-07-08,6.7762,6.8656,6.7275,6.8,23261,85383,110.61,89.0,1.57,56.44
2019-07-09,6.8194,6.884,6.7623,6.8,19474,84274,109.95,89.0,1.59,40.04
2019-07-10,6.8037,6.8744,6.7446,6.8,43390,83174,110.34,89.0,1.57,38.89
2019-07-11,6.812,6.8605,6.7717,6.8,41925,84185,111.47,89.0,1.61,43.79
2019-07-12,6.7744,6.8531,6.7302,6.8,74051,84844,112.78,89.0,1.56,36.35
2019-07-15,6.7805,6.8666,6.7258,6.8,19787,86814,111.08,89.0,1.54,36.21
2019-07-16,6.813,6.8638,6.7902,6.8,73177,84545,113.05,89.0,1.6,40.36
2019-07-17,6.7794,6.8353,6.7013,6.8,58724,85185,114.6,89.0,1.58,36.84
2019-07-18,6.8101,6.8463,6.7611,6.8,25663,85130,115.75,89.0,1.61,41.56
2019-07-19,6.7703,6.8474,6.7598,6.8,31120,83838,116.14,89.0,1.63,43.15
2019-07-22,6.8185,6.841,6.7539,6.8,37740,86096,115.65,89.0,1.59,12.95
2019-07-23,6.7732,6.8412,6.7291,6.8,17035,86378,114.45,89.0,1.6,23.63
2019-07-24,6.812,6.8734,6.7578,6.8,72443,86303,112.66,89.0,1.64,32.79
2019-07-25,6.8136,6.8214,6.7403,6.8,82388,86847,113.36,89.0,1.63,42.38
2019-07-26,6.7848,6.8686,6.7291,6.8,67335,84773,114.51,89.0,1.61,33.45
2019-07-29,6.8127,6.8745,6.7516,6.8,58315,83275,114.41,89.0,1.62,59.64
2019-07-30,6.8057,6.8417,6.7491,6.8,79165,82876,113.89,89.0,1.62,47.6
2019-07-31,6.7883,6.8524,6.7465,6.8,61627,83256,113.96,89.0,1.57,56.65
2019-08-01,6.7781,6.8436,6.7056,6.8,23303,84785,113.25,89.0,1.57,47.65
2019-08-02,6.7573,6.8636,6.7379,6.8,64334,83723,113.26,89.0,1.55,26.54
2019-08-05,6.8076,6.8672,6.7542,6.8,70892,82387,112.48,89.0,1.55,30.09
2019-08-06,6.7659,6.8207,6.7213,6.8,76196,82989,113.15,89.0,1.48,35.65
2019-08-07,6.8021,6.8552,6.7432,6.8,80700,82826,114.5,89.0,1.49,29.83
2019-08-08,6.7943,6.8402,6.7646,6.8,54726,80520,115.05,89.0,1.44,49.19
2019-08-09,6.8148,6.8597,6.7849,6.8,64606,79418,114.95,89.0,1.47,38.65
2019-08-12,6.7934,6.8316,6.7473,6.8,45694,79200,116.03,89.0,1.5,41.74
2019-08-13,6.7928,6.872,6.7447,6.8,46253,79015,116.04,89.0,1.44,51.7
2019-08-14,6.8159,6.8764,6.7322,6.8,39230,79123,117.08,89.0,1.48,56.38
2019-08-15,6.8073,6.8387,6.7772,6.8,68974,77563,116.37,89.0,1.48,37.69
2019-08-16,6.8069,6.8286,6.7376,6.8,78545,77405,115.8,89.0,1.51,28.4
2019-08-19,6.8102,6.8474,6.7178,6.8,31925,78542,114.7,89.0,1.54,29.9
2019-08-20,6.7666,6.8506,6.7292,6.8,21033,75077,114.18,89.0,1.5,49.77
2019-08-21,6.8165,6.8639,6.7775,6.8,77461,74738,115.24,89.0,1.47,42.26
2019-08-22,6.8133,6.8773,6.7631,6.8,17665,72743,114.27,89.0,1.52,32.43
2019-08-23,6.7779,6.8564,6.7342,6.8,42025,72705,111.72,89.0,1.49,46.02
2019-08-26,6.7947,6.8593,6.742,6.8,38533,70899,111.25,89.0,1.5,30.85
2019-08-27,6.7991,6.8489,6.7652,6.8,60897,71060,109.95,89.0,1.47,24.93
2019-08-28,6.7971,6.8208,6.7282,6.8,35998,73012,109.38,89.0,1.45,22.93
2019-08-29,6.8073,6.8476,6.7747,6.8,76248,71837,111.68,89.0,1.45,27.71
2019-08-30,6.8311,6.8919,6.7849,6.8,38057,70835,110.69,89.0,1.52,49.84
2019-09-02,6.8235,6.8662,6.7384,6.8,82173,70271,111.37,89.0,1.54,38.28
2019-09-03,6.7714,6.8517,6.765,6.8,53734,70654,111.27,89.0,1.51,39.71
2019-09-04,6.8135,6.8518,6.7598,6.8,77072,69431,111.66,89.0,1.52,41.59
2019-09-05,6.8289,6.8556,6.7056,6.8,79175,68975,111.09,89.0,1.46,31.41
2019-09-06,6.8084,6.8499,6.7567,6.8,78783,68171,112.35,89.0,1.39,35.92
2019-09-09,6.8237,6.8723,6.7748,6.8,66042,67611,112.8,89.0,1.4,36.74
2019-09-10,6.8438,6.8766,6.7574,6.8,67357,68008,113.29,89.0,1.42,32.09
2019-09-11,6.8223,6.862,6.7573,6.8,23669,68669,113.38,89.0,1.47,35.87
2019-09-12,6.8054,6.8336,6.7539,6.8,82902,66897,114.74,89.0,1.48,38.97
2019-09-13,6.8227,6.8845,6.7457,6.8,33910,67289,115.34,89.0,1.48,37.89
2019-09-16,6.8032,6.8419,6.7734,6.8,71959,71064,115.73,89.0,1.47,43.68
2019-09-17,6.8005,6.8677,6.7289,6.8,15366,72917,116.43,89.0,1.49,35.87
2019-09-18,6.7924,6.8685,6.7449,6.8,63415,72147,114.48,89.0,1.45,53.13
2019-09-19,6.834,6.8762,6.7446,6.8,24907,72305,114.67,89.0,1.43,31.22
2019-09-20,6.7822,6.8271,6.7489,6.8,47780,72265,114.58,89.0,1.4,35.49
2019-09-23,6.8333,6.8428,6.7355,6.8,72879,72816,115.85,89.0,1.38,43.35
2019-09-24,6.8109,6.8304,6.7607,6.8,50085,72309,115.05,89.0,1.36,45.25
2019-09-25,6.7696,6.8211,6.7216,6.8,80499,71986,115.26,89.0,1.34,29.75
2019-09-26,6.808,6.874,6.7717,6.8,35426,71109,117.35,89.0,1.32,39.13
2019-09-27,6.7543,6.8454,6.727,6.8,63197,72424,117.31,89.0,1.33,46.8
2019-09-30,6.8136,6.8635,6.7452,6.8,22485,72797,115.82,89.0,1.37,26.38
2019-10-01,6.8193,6.8266,6.7637,6.8,64527,73179,118.19,89.0,1.38,39.25
2019-10-02,6.7871,6.824,6.7575,6.8,79600,74641,117.39,89.0,1.36,27.36
2019-10-03,6.8027,6.8607,6.767,6.8,83748,76121,116.22,89.0,1.37,33.09
2019-10-04,6.8425,6.8907,6.7451,6.8,73528,77375,115.1,89.0,1.38,40.73
2019-10-07,6.789,6.8411,6.7557,6.8,42799,78818,115.88,89.0,1.38,38.15
2019-10-08,6.777,6.8527,6.7354,6.8,61339,80694,117.29,89.0,1.39,30.3
2019-10-09,6.8322,6.9024,6.7562,6.8,31087,79534,119.2,89.0,1.44,50.38
2019-10-10,6.8427,6.8826,6.7878,6.8,22446,79175,119.2,89.0,1.44,37.16
2019-10-11,6.8001,6.8448,6.7805,6.8,65460,80026,118.09,89.0,1.43,44.67
2019-10-14,6.822,6.8687,6.751,6.8,73260,78963,117.44,89.0,1.4,52.76
2019-10-15,6.8292,6.9118,6.7685,6.8,29877,78527,117.45,89.0,1.43,34.25
2019-10-16,6.7838,6.8093,6.723,6.8,39723,78761,117.41,89.0,1.4,45.23
2019-10-17,6.7894,6.8547,6.7301,6.8,27943,78485,118.82,89.0,1.44,43.53
2019-10-18,6.8268,6.8684,6.7447,6.8,25306,78564,117.35,89.0,1.38,28.19
2019-10-21,6.8367,6.8895,6.7268,6.8,51784,77189,116.1,89.0,1.42,50.26
2019-10-22,6.8122,6.845,6.7578,6.8,35455,77144,115.74,89.0,1.44,40.86
2019-10-23,6.7809,6.8427,6.7268,6.8,44974,77305,116.12,89.0,1.43,35.47
2019-10-24,6.8432,6.8983,6.766,6.8,42371,79243,115.61,89.0,1.41,26.23
2019-10-25,6.7884,6.8943,6.7049,6.8,18936,78920,115.01,89.0,1.45,29.17
2019-10-28,6.7927,6.8567,6.7168,6.8,48166,78140,116.27,89.0,1.5,39.08
2019-10-29,6.8074,6.8371,6.7563,6.8,40727,78996,116.77,89.0,1.48,28.63
2019-10-30,6.8338,6.8704,6.7502,6.8,78969,75186,115.66,89.0,1.5,45.38
2019-10-31,6.8186,6.8547,6.7343,6.8,43368,74805,115.07,89.0,1.53,36.78
2019-11-01,6.809,6.8232,6.7589,6.8,83531,74189,115.61,89.0,1.55,26.73
2019-11-04,6.8101,6.8482,6.7672,6.8,54097,74502,114.2,89.0,1.55,34.36
2019-11-05,6.8009,6.8564,6.7422,6.8,49984,75997,114.74,89.0,1.54,30.97
2019-11-06,6.8121,6.8348,6.7552,6.8,65859,77859,114.33,89.0,1.55,29.59
2019-11-07,6.745,6.8606,6.6985,6.8,59291,78155,114.7,89.0,1.49,21.17
2019-11-08,6.7935,6.8515,6.7636,6.8,80228,76293,114.81,89.0,1.53,40.85
2019-11-11,6.8053,6.8368,6.7845,6.8,37150,75676,113.55,89.0,1.48,31.89
2019-11-12,6.775,6.8412,6.7276,6.8,37061,75191,112.83,89.0,1.46,55.95
2019-11-13,6.8084,6.878,6.7417,6.8,44178,75631,114.39,89.0,1.45,48.44
2019-11-14,6.7956,6.8555,6.7558,6.8,71790,75699,116.97,89.0,1.42,53.87
2019-11-15,6.8382,6.8819,6.733,6.8,80696,74873,115.02,89.0,1.38,46.08
2019-11-18,6.8342,6.8738,6.768,6.8,30648,73371,116.14,89.0,1.43,35.03
2019-11-19,6.7899,6.8448,6.7636,6.8,76779,72329,116.44,89.0,1.48,42.75
2019-11-20,6.7967,6.8352,6.7543,6.8,51672,71242,118.7,89.0,1.53,37.43
2019-11-21,6.7984,6.8092,6.7562,6.8,84109,73188,118.05,89.0,1.56,42.9
2019-11-22,6.7902,6.8768,6.7341,6.8,75521,72264,119.01,89.0,1.63,47.58
2019-11-25,6.8042,6.8503,6.7691,6.8,49593,72337,118.65,89.0,1.62,45.08
2019-11-26,6.7835,6.85,6.7177,6.8,28786,73499,120.03,89.0,1.61,40.07
2019-11-27,6.7754,6.8426,6.6998,6.8,24815,73733,122.54,89.0,1.61,40.56
2019-11-28,6.8136,6.8451,6.7571,6.8,36966,72429,122.75,89.0,1.66,41.87
2019-11-29,6.8137,6.8542,6.7361,6.8,28794,73612,121.46,89.0,1.68,49.4
2019-12-02,6.7825,6.8174,6.7562,6.8,46423,74037,122.99,89.0,1.73,35.84
2019-12-03,6.8195,6.9002,6.7389,6.8,36302,71414,123.58,89.0,1.73,37.8
2019-12-04,6.7863,6.8234,6.7257,6.8,76064,72909,123.97,89.0,1.69,35.69
2019-12-05,6.8055,6.8322,6.7424,6.8,42835,73957,125.0,89.0,1.67,41.17
2019-12-06,6.8179,6.8542,6.7567,6.8,64282,74363,124.39,89.0,1.7,45.41
2019-12-09,6.7993,6.8645,6.7946,6.8,67714,76325,123.57,89.0,1.69,42.55
2019-12-10,6.8099,6.8537,6.767,6.8,82035,77345,124.2,89.0,1.69,39.51
2019-12-11,6.7888,6.8233,6.7555,6.8,38814,78699,123.35,89.0,1.7,49.12
2019-12-12,6.7957,6.864,6.7681,6.8,39089,79943,122.97,89.0,1.75,33.25
2019-12-13,6.7955,6.8554,6.75,6.8,70831,80851,124.34,89.0,1.78,27.25
2019-12-16,6.7838,6.8523,6.7471,6.8,47746,78702,124.78,89.0,1.8,42.73
2019-12-17,6.7962,6.8552,6.7661,6.8,66940,76696,123.45,89.0,1.81,39.66
2019-12-18,6.7663,6.8826,6.7401,6.8,51476,77717,123.87,89.0,1.78,38.58
2019-12-19,6.7893,6.8792,6.7575,6.8,41283,79195,125.0,89.0,1.79,28.78
2019-12-20,6.7938,6.8323,6.732,6.8,16769,78349,125.0,89.0,1.86,41.69
2019-12-23,6.7944,6.87,6.7617,6.8,57278,77013,125.0,89.0,1.87,55.26
2019-12-24,6.7947,6.8498,6.7596,6.8,61994,77328,125.0,89.0,1.86,28.68
2019-12-25,6.7987,6.8517,6.7626,6.8,77898,75585,125.0,89.0,1.85,38.66
2019-12-26,6.8104,6.8263,6.7509,6.8,30634,75383,124.16,89.0,1.89,40.64
2019-12-27,6.819,6.8597,6.749,6.8,25965,74956,124.82,89.0,1.87,36.23
2019-12-30,6.7859,6.8303,6.7797,6.8,42566,74687,125.0,89.0,1.87,41.4
2019-12-31,6.7738,6.857,6.7136,6.8,67196,76948,123.72,89.0,1.83,36.2
2020-01-01,6.7773,6.861,6.7103,6.8,63285,76188,125.0,89.0,1.83,41.31
2020-01-02,6.7894,6.8097,6.763,6.8,70499,76252,125.0,89.0,1.84,37.83
2020-01-03,6.7923,6.8432,6.7646,6.8,34420,74677,125.0,89.0,1.83,35.43
2020-01-06,6.7832,6.8618,6.747,6.8,40236,75806,125.0,89.0,1.84,39.34
2020-01-07,6.7718,6.8405,6.7406,6.8,21218,75590,124.72,89.0,1.8,44.09
2020-01-08,6.7901,6.8554,6.7429,6.8,64892,77004,123.75,89.0,1.79,26.76
2020-01-09,6.8039,6.8532,6.7882,6.8,79057,74055,122.64,89.0,1.85,45.9
2020-01-10,6.8129,6.862,6.7747,6.8,26226,73986,121.49,89.0,1.85,33.83
2020-01-13,6.7879,6.8391,6.7193,6.8,67271,74144,121.94,89.0,1.86,45.26
2020-01-14,6.791,6.8237,6.7626,6.8,25046,75238,122.01,89.0,1.84,34.31
2020-01-15,6.7798,6.8252,6.716,6.8,52117,74468,122.79,89.0,1.84,46.06
2020-01-16,6.7993,6.8551,6.75,6.8,19965,75412,119.65,89.0,1.83,39.58
2020-01-17,6.7815,6.8438,6.7675,6.8,74478,74779,119.18,89.0,1.86,32.1
2020-01-20,6.8125,6.8538,6.7461,6.8,72277,74891,118.73,89.0,1.9,36.27
2020-01-21,6.7611,6.8366,6.7195,6.8,74613,75998,118.75,89.0,1.93,50.15
2020-01-22,6.7922,6.8385,6.7561,6.8,32373,74882,118.74,89.0,1.94,40.44
2020-01-23,6.8066,6.8672,6.7525,6.8,60452,75771,118.95,89.0,2.0,36.11
2020-01-24,6.804,6.842,6.7487,6.8,65089,76173,119.01,89.0,2.02,49.69
2020-01-27,6.8586,6.8802,6.7449,6.8,21654,75772,118.47,89.0,1.98,47.27
2020-01-28,6.8076,6.8633,6.7373,6.8,46280,74970,117.99,89.0,2.03,32.86
2020-01-29,6.7782,6.8402,6.728,6.8,71141,72449,117.89,89.0,2.03,38.26
2020-01-30,6.7979,6.844,6.7768,6.8,82894,72353,118.41,89.0,2.06,25.02
2020-01-31,6.7613,6.8698,6.7255,6.8,41583,71955,118.46,89.0,2.03,47.41
2020-02-03,6.7982,6.8432,6.7066,6.8,21360,72722,117.55,89.0,2.03,40.03
2020-02-04,6.7819,6.8482,6.7266,6.8,68968,73367,116.59,89.0,2.05,45.7
2020-02-05,6.8199,6.8442,6.7178,6.8,18743,74651,117.11,89.0,2.06,23.58
2020-02-06,6.788,6.8399,6.7217,6.8,22159,75980,117.91,89.0,2.06,37.61
2020-02-07,6.7975,6.8535,6.75,6.8,47151,79766,119.04,89.0,1.99,41.42
2020-02-10,6.7862,6.8181,6.7378,6.8,15518,80383,118.46,89.0,1.96,21.99
2020-02-11,6.8378,6.8846,6.7571,6.8,31652,79350,116.35,89.0,1.94,45.58
2020-02-12,6.793,6.8452,6.7778,6.8,57348,80341,116.73,89.0,1.88,37.25
2020-02-13,6.8399,6.8841,6.7562,6.8,39395,82268,115.9,89.0,1.86,25.08
2020-02-14,6.8177,6.8781,6.7367,6.8,17335,82838,115.75,89.0,1.92,35.63
2020-02-17,6.8105,6.8595,6.7663,6.8,15500,80289,115.87,89.0,1.95,43.88
2020-02-18,6.808,6.8756,6.7498,6.8,23083,80956,116.44,89.0,1.93,32.24
2020-02-19,6.8086,6.8359,6.7426,6.8,20543,80200,117.38,89.0,1.91,39.61
2020-02-20,6.7581,6.8457,6.7294,6.8,83812,78613,118.62,89.0,1.89,36.32
2020-02-21,6.7939,6.8449,6.7577,6.8,67237,78838,120.03,89.0,1.92,23.05
2020-02-24,6.8184,6.8445,6.7731,6.8,21613,77007,120.1,89.0,1.93,45.3
2020-02-25,6.7989,6.8591,6.7688,6.8,81863,78234,118.2,89.0,1.91,46.87
2020-02-26,6.7694,6.8815,6.7469,6.8,55540,79111,117.48,89.0,1.89,49.76
2020-02-27,6.7989,6.8432,6.7701,6.8,41255,79007,118.99,89.0,1.93,40.08
2020-02-28,6.8371,6.8889,6.7333,6.8,37068,78347,119.11,89.0,1.97,44.12
2020-03-02,6.8271,6.872,6.7714,6.8,64057,78126,121.46,89.0,1.95,26.28
2020-03-03,6.7987,6.8319,6.7531,6.8,33946,76913,121.0,89.0,1.94,42.04
2020-03-04,6.8207,6.8345,6.7647,6.8,35547,76821,123.5,89.0,1.95,37.3
2020-03-05,6.792,6.832,6.7292,6.8,20769,73407,123.45,89.0,1.94,39.35
2020-03-06,6.7629,6.8208,6.698,6.8,39883,73514,122.95,89.0,1.98,30.5
2020-03-09,6.7799,6.8713,6.7223,6.8,76340,73651,122.12,89.0,1.97,49.54
2020-03-10,6.834,6.8756,6.7515,6.8,50162,74665,122.8,89.0,2.03,25.97
2020-03-11,6.794,6.8379,6.7543,6.8,48434,75025,121.2,89.0,2.07,42.31
2020-03-12,6.7947,6.858,6.7706,6.8,37102,76198,120.55,89.0,2.05,32.2
2020-03-13,6.7935,6.8252,6.7183,6.8,36536,76854,120.45,89.0,2.05,58.01
2020-03-16,6.8414,6.8724,6.7689,6.8,82770,78098,117.92,89.0,2.02,45.91
2020-03-17,6.8354,6.88,6.7456,6.8,65388,81244,117.76,89.0,2.01,39.76
2020-03-18,6.8483,6.9086,6.7392,6.8,65775,81748,119.61,89.0,2.04,31.26
2020-03-19,6.7965,6.8517,6.762,6.8,46147,81969,120.04,89.0,2.05,47.57
2020-03-20,6.8064,6.854,6.7395,6.8,65526,83393,119.27,89.0,2.11,12.25
2020-03-23,6.767,6.8448,6.711,6.8,38659,82831,118.7,89.0,2.08,43.27
2020-03-24,6.8321,6.8822,6.7283,6.8,38088,82688,119.02,89.0,2.08,44.34
2020-03-25,6.7746,6.8468,6.7387,6.8,83464,83193,118.41,89.0,2.06,43.84
2020-03-26,6.8047,6.8314,6.7775,6.8,74998,83280,118.88,89.0,2.05,47.12
2020-03-27,6.7761,6.8443,6.7408,6.8,55382,83362,118.24,89.0,2.06,35.2
2020-03-30,6.7872,6.826,6.7403,6.8,43184,84441,117.06,89.0,2.04,44.67
2020-03-31,6.7818,6.8448,6.7373,6.8,35099,82406,118.31,89.0,2.07,34.31
2020-04-01,6.7868,6.8357,6.7497,6.8,84810,84846,119.05,89.0,2.12,32.94
2020-04-02,6.7883,6.885,6.7759,6.8,52739,85429,116.92,89.0,2.05,31.23
2020-04-03,6.7881,6.8429,6.7369,6.8,23389,84949,116.5,89.0,2.09,37.86
2020-04-06,6.8181,6.8387,6.7243,6.8,32352,86903,117.6,89.0,2.17,49.45
2020-04-07,6.776,6.8413,6.7249,6.8,36148,87027,117.37,89.0,2.17,54.58
2020-04-08,6.8048,6.8568,6.7465,6.8,46828,87183,116.68,89.0,2.16,37.7
2020-04-09,6.8265,6.8973,6.7471,6.8,83040,86925,116.36,89.0,2.14,34.52
2020-04-10,6.7888,6.8339,6.7388,6.8,71795,88686,116.43,89.0,2.13,51.3
2020-04-13,6.7844,6.8177,6.7257,6.8,73620,88675,116.18,89.0,2.15,43.68
2020-04-14,6.795,6.8569,6.745,6.8,72114,88005,116.04,89.0,2.13,40.25
2020-04-15,6.8257,6.8467,6.7616,6.8,55711,89204,115.83,89.0,2.13,30.6
2020-04-16,6.8042,6.8406,6.7695,6.8,32748,90623,114.71,89.0,2.1,52.17
2020-04-17,6.7884,6.8393,6.7489,6.8,48691,92551,113.53,89.0,2.09,40.8
2020-04-20,6.8105,6.8529,6.7514,6.8,80282,93311,112.28,89.0,2.08,40.0
2020-04-21,6.776,6.8548,6.7376,6.8,75360,94687,112.33,89.0,2.08,44.6
2020-04-22,6.8148,6.8472,6.7513,6.8,25246,94376,112.92,89.0,2.04,40.19
2020-04-23,6.8089,6.848,6.7493,6.8,74395,95607,111.84,89.0,2.03,52.53
2020-04-24,6.7933,6.8433,6.7362,6.8,47486,96498,110.13,89.0,2.02,48.6
2020-04-27,6.7818,6.846,6.7173,6.8,45340,97134,109.12,89.0,2.03,35.23
2020-04-28,6.7807,6.8451,6.7359,6.8,65300,95266,110.62,89.0,2.07,40.74
2020-04-29,6.8116,6.8622,6.7778,6.8,18086,94800,110.22,89.0,2.07,35.02
2020-04-30,6.8267,6.884,6.7621,6.8,29860,94745,109.93,89.0,2.03,56.06
2020-05-01,6.7861,6.8499,6.7419,6.8,32013,95383,109.01,89.0,2.04,33.86
2020-05-04,6.81,6.8609,6.7864,6.8,22407,98264,109.58,89.0,2.02,38.99
2020-05-05,6.7546,6.8177,6.6884,6.8,48542,99295,109.4,89.0,2.0,43.09
2020-05-06,6.7873,6.8443,6.7415,6.8,39935,98323,108.54,89.0,1.99,44.3
2020-05-07,6.7993,6.8513,6.7496,6.8,64079,97747,107.36,89.0,1.97,45.73
2020-05-08,6.7802,6.8554,6.7144,6.8,49111,99415,107.72,89.0,1.94,46.81
2020-05-11,6.7796,6.8322,6.7464,6.8,71550,98786,107.96,89.0,1.93,45.89
2020-05-12,6.7855,6.8328,6.7326,6.8,55565,100008,106.55,89.0,1.94,36.32
2020-05-13,6.8064,6.8406,6.7583,6.8,34283,100149,107.84,89.0,1.95,35.36
2020-05-14,6.7959,6.8523,6.7554,6.8,81470,99949,107.08,89.0,1.92,40.32
2020-05-15,6.7513,6.8604,6.7204,6.8,53233,99338,104.58,89.0,1.89,35.31
2020-05-18,6.7539,6.8369,6.6832,6.8,37695,95682,106.21,89.0,1.9,34.41
2020-05-19,6.7868,6.8583,6.7494,6.8,57734,96330,106.05,89.0,1.87,36.41
2020-05-20,6.81,6.8555,6.7451,6.8,16505,95068,106.47,89.0,1.84,57.87
2020-05-21,6.7402,6.8415,6.7273,6.8,20363,93366,108.26,89.0,1.82,53.12
2020-05-22,6.7891,6.8401,6.7263,6.8,63708,93663,107.1,89.0,1.8,37.97
2020-05-25,6.7885,6.8557,6.7278,6.8,58614,94898,107.57,89.0,1.8,22.43
2020-05-26,6.8302,6.879,6.7549,6.8,16010,92862,108.81,89.0,1.79,34.98
2020-05-27,6.7916,6.8807,6.7518,6.8,34861,94066,107.73,89.0,1.83,47.48
2020-05-28,6.8083,6.8379,6.75,6.8,39125,92982,109.28,89.0,1.8,26.69
2020-05-29,6.8031,6.8551,6.7191,6.8,24369,93761,107.68,89.0,1.84,45.13
2020-06-01,6.7536,6.8349,6.7389,6.8,84393,94456,107.52,89.0,1.84,44.59
2020-06-02,6.8167,6.846,6.7437,6.8,41671,94208,106.28,89.0,1.89,40.15
2020-06-03,6.8047,6.848,6.7714,6.8,79512,94244,106.99,89.0,1.93,39.68
2020-06-04,6.8111,6.8569,6.7568,6.8,59138,93768,105.88,89.0,1.92,32.31
2020-06-05,6.8854,6.9765,6.7605,6.8,68420,94084,105.14,89.0,1.88,45.92
2020-06-08,6.7546,6.8405,6.7181,6.8,83089,94390,104.12,89.0,1.87,42.63
2020-06-09,6.8375,6.8626,6.7567,6.8,30489,93281,102.74,89.0,1.82,35.91
2020-06-10,6.7937,6.848,6.7687,6.8,74789,91652,101.85,89.0,1.84,33.33
2020-06-11,6.8063,6.816,6.7397,6.8,84925,92862,101.74,89.0,1.84,29.86
2020-06-12,6.799,6.842,6.7848,6.8,64703,93107,101.57,89.0,1.82,43.16
2020-06-15,6.7908,6.8438,6.7385,6.8,73228,94151,101.28,89.0,1.81,38.28
2020-06-16,6.7876,6.8565,6.7494,6.8,18051,93346,100.49,89.0,1.78,38.39
2020-06-17,6.8072,6.8666,6.7756,6.8,53090,92357,100.04,89.0,1.78,26.73
2020-06-18,6.767,6.8353,6.7202,6.8,43805,91143,98.24,89.0,1.75,30.69
2020-06-19,6.8163,6.8574,6.7819,6.8,59557,90926,97.42,89.0,1.75,29.77
2020-06-22,6.7909,6.831,6.7467,6.8,17555,91205,97.12,89.0,1.76,46.53
2020-06-23,6.7754,6.8251,6.7551,6.8,65241,90552,97.39,89.0,1.78,41.46
2020-06-24,6.7902,6.8486,6.7392,6.8,80994,92430,97.52,89.0,1.8,37.59
2020-06-25,6.8274,6.8501,6.7716,6.8,31066,91659,96.11,89.0,1.79,49.4
2020-06-26,6.7884,6.8368,6.7522,6.8,19721,91958,96.53,89.0,1.8,48.2
2020-06-29,6.8078,6.8351,6.7517,6.8,21304,90898,96.6,89.0,1.81,49.4
2020-06-30,6.7841,6.8525,6.7532,6.8,57967,90091,98.13,89.0,1.81,37.94
2020-07-01,6.8165,6.8894,6.7574,6.8,55462,89987,96.43,89.0,1.78,27.98
2020-07-02,6.8149,6.8372,6.7812,6.8,65155,88988,96.22,89.0,1.75,54.51
2020-07-03,6.8402,6.8535,6.7462,6.8,17589,89095,97.3,89.0,1.76,44.46
2020-07-06,6.7962,6.8415,6.7239,6.8,52078,89623,96.92,89.0,1.77,44.63
2020-07-07,6.8145,6.8583,6.7109,6.8,69918,90935,95.86,89.0,1.75,45.74
2020-07-08,6.8021,6.8492,6.755,6.8,28601,89640,94.9,89.0,1.79,63.49
2020-07-09,6.8282,6.8644,6.7436,6.8,22711,89841,95.71,89.0,1.86,39.15
2020-07-10,6.7844,6.8402,6.7699,6.8,74430,89767,93.95,89.0,1.91,52.21
2020-07-13,6.8162,6.8657,6.732,6.8,78327,87549,93.52,89.0,1.9,32.75
2020-07-14,6.7958,6.8605,6.7396,6.8,18970,86194,92.5,89.0,1.89,46.93
2020-07-15,6.7986,6.8116,6.763,6.8,84535,86764,91.56,89.0,1.91,55.16
2020-07-16,6.802,6.8395,6.7363,6.8,51176,85141,91.99,89.0,1.94,39.6
2020-07-17,6.8055,6.8525,6.7606,6.8,56730,85053,91.5,89.0,1.9,23.69
2020-07-20,6.7975,6.8285,6.7615,6.8,28385,82506,91.69,89.0,1.9,44.82
2020-07-21,6.8047,6.8765,6.7487,6.8,20950,82382,90.27,89.0,1.92,38.16
2020-07-22,6.8343,6.8675,6.7738,6.8,68009,79918,91.12,89.0,1.89,47.18
2020-07-23,6.8214,6.8642,6.7398,6.8,38398,79193,91.3,89.0,1.87,36.04
2020-07-24,6.8189,6.8715,6.7737,6.8,40277,78667,92.6,89.0,1.85,60.29
2020-07-27,6.7901,6.8339,6.7637,6.8,41761,78815,92.1,89.0,1.84,40.9
2020-07-28,6.7807,6.8134,6.752,6.8,79435,78512,92.53,89.0,1.79,46.72
2020-07-29,6.8208,6.8573,6.7441,6.8,78944,77029,93.33,89.0,1.82,31.5
2020-07-30,6.7526,6.8123,6.7006,6.7337,46533,78552,93.75,89.0,1.8,28.69
2020-07-31,6.6899,6.7271,6.6374,6.6585,37880,79999,95.56,89.0,1.8,26.15
2020-08-03,6.4288,6.4693,6.3969,6.4412,56753,90025,93.67,89.0,1.81,21.86
2020-08-04,6.3062,6.3652,6.2663,6.3108,16561,96088,93.8,89.0,1.78,35.98
2020-08-05,6.1087,6.1753,6.0868,6.1409,68205,104537,93.3,89.0,1.72,21.69
2020-08-06,6.3608,6.4018,6.3376,6.3688,74810,93681,92.71,89.0,1.73,20.58
2020-08-07,6.5216,6.5655,6.4264,6.5009,79482,85655,94.29,89.0,1.72,28.1
2020-08-10,6.6784,6.7436,6.6494,6.6884,84192,76839,93.55,89.0,1.73,43.75
2020-08-11,6.8065,6.8888,6.7544,6.7926,43330,72163,94.43,89.0,1.75,45.62
2020-08-12,6.5865,6.6458,6.5501,6.5905,31139,79860,93.21,89.0,1.69,44.28
2020-08-13,6.4948,6.5544,6.4531,6.4881,47977,83184,94.27,89.0,1.69,31.37
2020-08-14,6.5203,6.5782,6.4687,6.5443,19983,81196,94.19,89.0,1.72,51.86
2020-08-17,6.3541,6.3791,6.2973,6.3524,54909,89952,93.82,89.0,1.76,40.25
2020-08-18,6.376,6.4798,6.3395,6.4376,79480,87478,92.07,89.0,1.71,22.77
2020-08-19,6.3822,6.4285,6.3603,6.386,64029,91866,91.7,89.0,1.75,38.62
2020-08-20,6.2864,6.3435,6.2266,6.3194,36329,93060,90.88,89.0,1.72,30.55
2020-08-21,6.4133,6.4515,6.3492,6.3886,51734,89443,92.74,89.0,1.74,30.37
2020-08-24,6.4395,6.4868,6.3557,6.4235,57837,88021,92.74,89.0,1.72,32.55
2020-08-25,6.3739,6.4201,6.358,6.3644,81786,91117,92.02,89.0,1.75,25.63
2020-08-26,6.5026,6.5518,6.4267,6.4711,19758,87534,91.26,89.0,1.74,42.0
2020-08-27,6.3145,6.3787,6.2448,6.3337,82699,94592,89.71,89.0,1.69,25.76
2020-08-28,6.4193,6.4524,6.3482,6.3836,36832,93712,91.32,89.0,1.68,26.91
2020-08-31,6.448,6.4812,6.3911,6.4288,16868,91752,92.64,89.0,1.69,39.04
2020-09-01,6.3734,6.4007,6.3281,6.3782,65665,93275,92.51,89.0,1.68,50.01
2020-09-02,6.4147,6.483,6.3592,6.3915,56862,95016,94.84,89.0,1.65,27.61
2020-09-03,6.2356,6.2981,6.2002,6.2578,34728,101217,94.77,89.0,1.61,18.56
2020-09-04,6.3109,6.3647,6.2755,6.3276,54857,97785,95.91,89.0,1.59,40.24
2020-09-07,6.2791,6.3176,6.2483,6.2914,43183,98128,96.47,89.0,1.57,31.49
2020-09-08,6.2155,6.3097,6.1573,6.226,33940,101262,95.78,89.0,1.58,32.79
2020-09-09,6.2772,6.3226,6.2299,6.2985,20280,99205,95.92,89.0,1.57,30.26
2020-09-10,6.2422,6.2756,6.1744,6.2179,17164,102232,96.27,89.0,1.56,33.4
2020-09-11,6.0751,6.1251,6.0244,6.0801,33405,108272,94.77,89.0,1.56,28.7
2020-09-14,5.9312,5.9777,5.8903,5.9245,17821,115573,95.03,89.0,1.58,18.04
2020-09-15,5.9537,6.0165,5.9266,5.9646,70090,114336,96.22,89.0,1.6,29.27
2020-09-16,5.7958,5.8924,5.7669,5.8298,37516,120090,95.4,89.0,1.58,24.85
2020-09-17,5.9848,6.0303,5.9413,5.9796,25473,112876,95.11,89.0,1.57,20.44
2020-09-18,5.7055,5.7628,5.6834,5.7406,61454,123019,93.83,89.0,1.59,17.34
2020-09-21,5.9343,5.9699,5.9034,5.9356,57530,112916,93.23,89.0,1.57,16.03
2020-09-22,5.9212,5.9897,5.8905,5.9472,84081,111469,92.73,89.0,1.56,26.87
2020-09-23,5.9541,6.0213,5.8485,5.9165,39798,111894,94.4,89.0,1.58,26.35
2020-09-24,5.8494,5.8672,5.8309,5.8324,15863,113828,93.99,89.0,1.56,20.32
2020-09-25,5.8624,5.9168,5.8254,5.8604,31148,113760,93.35,89.0,1.57,11.53
2020-09-28,5.8619,5.9018,5.7768,5.8383,69459,115186,93.18,89.0,1.52,3.57
2020-09-29,5.9176,5.9836,5.8779,5.9337,81189,111063,91.24,89.0,1.54,20.71
2020-09-30,5.9377,5.9742,5.8787,5.9274,23129,112912,88.58,89.0,1.54,24.56
2020-10-01,5.9276,5.9535,5.8845,5.9238,38118,113936,87.0,89.0,1.55,27.96
2020-10-02,5.8768,5.925,5.8436,5.8718,15443,115328,87.3,89.0,1.58,31.06
2020-10-05,5.8724,5.919,5.8426,5.8486,42041,117780,87.23,89.0,1.58,17.94
2020-10-06,5.8695,5.9206,5.8154,5.8558,36053,118623,88.13,89.0,1.53,7.67
2020-10-07,5.7095,5.7458,5.6783,5.7042,52204,124104,86.39,89.0,1.52,13.72
2020-10-08,5.5419,5.599,5.5169,5.5714,57240,131163,86.1,89.0,1.56,33.99
2020-10-09,5.6029,5.6351,5.5737,5.6202,76102,128406,84.29,89.0,1.56,30.38
2020-10-12,5.6152,5.6644,5.5557,5.6174,23291,129729,84.52,89.0,1.53,19.99
2020-10-13,5.5861,5.6275,5.5164,5.5844,31285,130808,82.95,89.0,1.53,12.02
2020-10-14,5.5481,5.5909,5.5096,5.5682,76589,130897,82.62,89.0,1.54,14.59
2020-10-15,5.6192,5.6477,5.5467,5.5762,28944,130021,82.78,89.0,1.54,30.1
2020-10-16,5.5471,5.5762,5.5006,5.5203,69391,131370,82.29,89.0,1.54,16.19
2020-10-19,5.4602,5.4757,5.4087,5.4497,16607,132770,79.74,89.0,1.52,9.76
2020-10-20,5.4467,5.4709,5.3872,5.4454,17953,129965,81.5,89.0,1.5,24.18
2020-10-21,5.3619,5.3852,5.3307,5.3655,59941,132295,80.9,89.0,1.5,-5.25
2020-10-22,5.3581,5.4036,5.3544,5.3745,76683,135047,79.06,89.0,1.52,2.95
2020-10-23,5.2531,5.2774,5.2097,5.2518,26154,141142,79.84,89.0,1.52,2.19
2020-10-26,5.3106,5.3238,5.2597,5.3062,24047,140931,80.65,89.0,1.5,18.64
2020-10-27,5.3014,5.3824,5.2876,5.3225,29323,139816,80.26,89.0,1.52,5.68
2020-10-28,5.3285,5.3786,5.2865,5.3228,52693,139240,81.89,89.0,1.51,-4.61
2020-10-29,5.3677,5.3947,5.3275,5.3704,73730,139158,81.01,89.0,1.52,5.52
2020-10-30,5.4327,5.5047,5.3987,5.4661,41292,135303,81.14,89.0,1.54,9.32
2020-11-02,5.5111,5.5672,5.4862,5.5263,60111,131447,81.64,89.0,1.5,13.95
2020-11-03,5.3589,5.4157,5.3115,5.366,54491,139420,83.24,89.0,1.51,12.41
2020-11-04,5.27,5.2932,5.2099,5.2384,64336,146663,81.04,89.0,1.43,16.99
2020-11-05,5.1754,5.222,5.1516,5.1662,31905,148199,83.5,89.0,1.42,4.67
2020-11-06,5.1293,5.1775,5.1217,5.1513,45273,149427,84.73,89.0,1.44,2.07
2020-11-09,5.1833,5.1998,5.1265,5.1753,41234,146713,85.16,89.0,1.45,7.9
2020-11-10,5.0777,5.1445,5.0375,5.103,81538,151403,84.22,89.0,1.48,8.12
2020-11-11,5.1175,5.1659,5.0661,5.0998,47573,151823,83.18,89.0,1.49,0.88
2020-11-12,5.0227,5.0937,4.9958,5.0303,79320,155707,83.44,89.0,1.47,-9.87
2020-11-13,4.9706,4.9896,4.9451,4.9721,26330,158065,83.92,89.0,1.43,-0.72
2020-11-16,4.8848,4.9241,4.8456,4.8642,56353,160782,84.26,89.0,1.43,8.15
2020-11-17,4.7654,4.811,4.7397,4.7851,31011,163812,84.37,89.0,1.45,-0.97
2020-11-18,4.6578,4.7174,4.6517,4.6787,75985,169716,84.78,89.0,1.4,8.15
2020-11-19,4.5867,4.6085,4.5654,4.5953,32044,175861,82.32,89.0,1.41,0.18
2020-11-20,4.6684,4.6841,4.6266,4.6529,53292,173608,81.96,89.0,1.41,-7.43
2020-11-23,4.5483,4.5912,4.5124,4.5705,20250,176492,80.38,89.0,1.4,7.9
2020-11-24,4.6985,4.7727,4.6686,4.7415,38289,169440,80.27,89.0,1.42,-8.56
2020-11-25,4.7653,4.7954,4.7257,4.7722,48087,169066,81.65,89.0,1.41,-14.79
2020-11-26,4.7811,4.8192,4.7267,4.7727,51368,169203,80.58,89.0,1.4,2.38
2020-11-27,4.702,4.7435,4.6421,4.684,76040,173280,79.74,89.0,1.36,-8.98
2020-11-30,4.7188,4.7628,4.6832,4.7258,73900,171656,78.74,89.0,1.38,-1.97
2020-12-01,4.6575,4.7116,4.6275,4.6636,30494,174507,77.89,89.0,1.34,-11.84
2020-12-02,4.674,4.7085,4.638,4.6568,60166,175170,78.44,89.0,1.32,-2.83
2020-12-03,4.7995,4.8452,4.76,4.8284,40333,169641,79.24,89.0,1.33,4.69
2020-12-04,4.7964,4.8488,4.7463,4.8024,48050,168371,80.8,89.0,1.33,5.42
2020-12-07,4.8931,4.9173,4.8548,4.8901,63070,164139,79.63,89.0,1.38,-7.87
2020-12-08,4.8151,4.8564,4.7553,4.8082,20166,166705,80.32,89.0,1.4,-11.35
2020-12-09,4.7806,4.8371,4.7675,4.7884,22121,169013,81.19,89.0,1.42,3.15
2020-12-10,4.921,4.9579,4.9026,4.9205,29677,162900,82.95,89.0,1.45,-0.82
2020-12-11,4.8053,4.8575,4.7644,4.8439,71561,167018,81.86,89.0,1.44,-3.85
2020-12-14,4.9829,5.0144,4.9478,4.9934,52664,162004,79.6,89.0,1.43,2.87
2020-12-15,5.0581,5.1065,5.0025,5.0508,16293,158123,79.23,89.0,1.39,3.57
2020-12-16,4.9602,5.0056,4.9285,4.9758,37443,160865,82.26,89.0,1.35,6.69
2020-12-17,5.0206,5.0537,4.998,5.0197,64212,160479,80.99,89.0,1.38,8.54
2020-12-18,5.1012,5.1431,5.0639,5.0939,27559,155794,81.46,89.0,1.37,14.24
2020-12-21,5.1295,5.1765,5.1155,5.1351,80231,153348,78.96,89.0,1.39,4.51
2020-12-22,4.9776,5.0128,4.9565,4.9749,54044,158637,80.9,89.0,1.35,11.96
2020-12-23,4.8726,4.9165,4.8299,4.8877,36747,164197,78.77,89.0,1.34,6.75
2020-12-24,4.8446,4.8752,4.8034,4.8478,45129,165295,76.08,89.0,1.38,8.38
2020-12-25,4.8336,4.8744,4.7891,4.8242,15037,166778,76.12,89.0,1.39,-8.92
2020-12-28,4.8594,4.8969,4.846,4.857,63503,166113,76.19,89.0,1.4,0.26
2020-12-29,4.8445,4.8817,4.8176,4.8536,43207,165302,77.69,89.0,1.39,17.18
2020-12-30,4.7425,4.7851,4.7227,4.7391,48241,168170,78.56,89.0,1.36,-12.87
2020-12-31,4.7619,4.7908,4.7072,4.751,15058,167371,76.3,89.0,1.36,14.25
2021-01-01,4.7469,4.799,4.723,4.7782,83172,165864,76.07,89.0,1.33,14.42
2021-01-04,4.8183,4.8403,4.7823,4.8005,29834,164788,75.24,89.0,1.32,6.23
2021-01-05,4.8523,4.8772,4.8209,4.8575,42190,162157,73.71,89.0,1.35,-10.3
2021-01-06,4.9057,4.9339,4.8752,4.899,36383,159691,74.13,89.0,1.32,0.14
2021-01-07,4.9326,4.9786,4.8649,4.9138,39660,158380,75.21,89.0,1.34,9.01
2021-01-08,4.8698,4.9132,4.8471,4.8913,17674,159750,74.26,89.0,1.37,-9.44
2021-01-11,4.7576,4.8011,4.7431,4.7684,37820,164292,73.84,89.0,1.36,5.12
2021-01-12,4.7767,4.8042,4.7708,4.7811,40666,163606,73.48,89.0,1.36,0.54
2021-01-13,4.7657,4.8053,4.7355,4.7777,58794,163083,72.69,89.0,1.35,-5.28
2021-01-14,4.8041,4.8174,4.7535,4.7776,17076,163442,72.16,89.0,1.34,-9.96
2021-01-15,4.6705,4.7108,4.6566,4.6833,79854,169016,71.37,89.0,1.36,10.07
2021-01-18,4.5908,4.6263,4.5482,4.599,67342,174189,71.45,89.0,1.39,2.58
2021-01-19,4.652,4.6878,4.6118,4.649,52555,173486,70.74,89.0,1.4,-4.42
2021-01-20,4.6116,4.6615,4.5823,4.6294,70208,173967,71.15,89.0,1.42,-3.12
2021-01-21,4.6485,4.6708,4.6035,4.6544,47406,172542,70.44,89.0,1.43,-5.19
2021-01-22,4.6438,4.6856,4.602,4.6391,76572,171708,71.09,89.0,1.39,-18.58
2021-01-25,4.6189,4.6557,4.5984,4.6238,55262,171985,70.35,89.0,1.42,7.43
2021-01-26,4.657,4.6904,4.6388,4.6584,38216,170060,70.96,89.0,1.4,-0.97
2021-01-27,4.6048,4.642,4.5662,4.6126,83117,171380,69.96,89.0,1.39,4.36
2021-01-28,4.5785,4.6245,4.5447,4.6008,45284,171165,70.88,89.0,1.42,-7.84
2021-01-29,4.5647,4.5963,4.529,4.56,35171,170964,68.86,89.0,1.38,-4.02
2021-02-01,4.5468,4.5809,4.5016,4.5214,29333,171091,68.79,89.0,1.4,-2.85
2021-02-02,4.49,4.4999,4.4544,4.4897,45535,172571,68.11,89.0,1.36,2.56
2021-02-03,4.4868,4.5097,4.463,4.4836,48700,172944,67.99,89.0,1.38,8.91
2021-02-04,4.4551,4.4808,4.4178,4.4452,56516,175251,66.63,89.0,1.42,-10.06
2021-02-05,4.4668,4.5165,4.4225,4.485,30577,173150,66.35,89.0,1.4,-9.25
2021-02-08,4.4497,4.4907,4.4043,4.4256,30015,175837,65.07,89.0,1.37,-9.58
2021-02-09,4.403,4.423,4.3887,4.4002,36236,178480,64.75,89.0,1.38,-13.06
2021-02-10,4.3863,4.409,4.3466,4.3635,81640,180068,64.32,89.0,1.35,13.76
2021-02-11,4.4025,4.4357,4.3637,4.4129,60704,177087,64.63,89.0,1.29,-22.04
2021-02-12,4.4318,4.4515,4.3753,4.4062,57369,175959,64.64,89.0,1.29,14.96
2021-02-15,4.4506,4.4753,4.4126,4.4396,18646,175413,66.64,89.0,1.3,-1.78
2021-02-16,4.3572,4.3931,4.327,4.3495,40906,177424,66.02,89.33,1.29,-9.71
2021-02-17,4.3508,4.3676,4.3146,4.3475,62728,176508,65.82,89.0,1.29,-16.17
2021-02-18,4.3736,4.4096,4.3545,4.3771,29878,175678,69.26,89.0,1.32,-8.8
2021-02-19,4.3817,4.3918,4.3338,4.3649,24145,173939,68.95,89.0,1.31,-13.49
2021-02-22,4.4039,4.4261,4.3815,4.4019,33226,171537,69.94,89.0,1.31,3.77
2021-02-23,4.3312,4.383,4.3127,4.3586,17802,173640,70.52,89.06,1.31,-3.46
2021-02-24,4.3976,4.4594,4.3761,4.4134,39119,170714,73.02,89.0,1.3,6.47
2021-02-25,4.5216,4.5503,4.4967,4.5243,78560,164545,71.39,89.0,1.29,-7.98
2021-02-26,4.4863,4.4913,4.4537,4.4819,72353,165740,69.63,89.0,1.34,-5.16
2021-03-01,4.4349,4.4428,4.404,4.4357,77126,168800,68.34,89.0,1.35,-8.11
2021-03-02,4.5283,4.5575,4.4996,4.5107,66712,167622,68.47,89.0,1.34,-8.96
2021-03-03,4.5741,4.639,4.5536,4.6028,67189,163645,67.31,89.0,1.38,-12.69
2021-03-04,4.5478,4.581,4.5209,4.5457,72784,163829,64.9,89.0,1.41,1.03
2021-03-05,4.4721,4.5289,4.4271,4.4983,83285,166644,63.83,89.0,1.43,-3.14
2021-03-08,4.4729,4.5139,4.4451,4.4621,57949,167797,64.17,89.0,1.42,-7.16
2021-03-09,4.3584,4.382,4.3288,4.3597,49129,171090,63.12,89.0,1.5,-4.53
2021-03-10,4.2886,4.3252,4.24,4.2828,39512,173591,64.32,89.2,1.45,-13.85
2021-03-11,4.1903,4.2123,4.1766,4.2019,78554,176322,63.02,89.81,1.4,-11.83
2021-03-12,4.1539,4.1714,4.1066,4.137,17064,177549,62.98,90.35,1.41,-5.93
2021-03-15,4.1328,4.1413,4.1007,4.1191,66567,178279,62.49,90.28,1.4,-5.13
2021-03-16,4.1247,4.1483,4.0956,4.117,45011,180567,62.63,90.4,1.33,-0.67
2021-03-17,4.1864,4.2144,4.1677,4.1881,25960,176049,62.89,90.17,1.33,-21.67
2021-03-18,4.1186,4.146,4.0919,4.111,73920,181675,64.58,90.78,1.33,-21.96
2021-03-19,4.1463,4.1829,4.0926,4.1557,36387,179913,65.28,90.15,1.33,-22.68
2021-03-22,4.1378,4.155,4.0917,4.1265,30324,181116,64.76,90.62,1.33,-18.98
2021-03-23,4.1295,4.1539,4.0706,4.1078,78960,181571,65.37,90.89,1.32,-16.69
2021-03-24,4.1435,4.1551,4.0981,4.1294,47628,179632,66.14,90.5,1.32,-9.7
2021-03-25,4.0435,4.0922,4.0332,4.053,62452,183420,68.33,90.85,1.36,-5.04
2021-03-26,4.0632,4.0862,4.0287,4.0585,56098,183799,68.1,91.03,1.39,-18.18
2021-03-29,4.0348,4.0728,3.9984,4.0516,54235,181199,67.95,90.79,1.38,-10.09
2021-03-30,4.0682,4.1097,4.0431,4.0608,42949,183837,69.34,90.52,1.4,-3.92
2021-03-31,4.0652,4.0791,4.0239,4.0593,37821,181731,67.08,90.53,1.43,-18.68
2021-04-01,4.1361,4.1764,4.1024,4.161,37032,176528,66.8,89.91,1.4,-15.17
2021-04-02,4.0903,4.1211,4.0458,4.1056,30303,175951,67.5,90.25,1.41,-13.33
2021-04-05,4.0546,4.0836,4.0327,4.0583,27303,177758,68.6,90.69,1.42,-29.08
2021-04-06,4.0036,4.0373,3.9885,4.0075,65701,179490,66.11,91.01,1.44,-11.5
2021-04-07,3.9465,3.9942,3.9246,3.9618,65511,180933,64.58,91.24,1.41,-27.01
2021-04-08,3.9182,3.9674,3.8748,3.9133,33280,183480,61.78,91.69,1.41,-11.02
2021-04-09,3.9618,3.9658,3.9506,3.9586,54427,181149,62.68,91.44,1.39,-20.49
2021-04-12,4.0168,4.0509,4.011,4.0193,21967,179064,62.85,90.95,1.4,-19.95
2021-04-13,3.9613,3.991,3.935,3.9709,21661,179757,64.36,91.48,1.37,-24.9
2021-04-14,3.923,3.9425,3.889,3.9099,81046,182595,64.33,91.18,1.36,-13.2
2021-04-15,3.941,3.9603,3.895,3.9202,50200,181373,66.74,91.14,1.36,-13.05
2021-04-16,3.8703,3.8927,3.8367,3.8763,82442,182904,65.65,91.27,1.33,-22.34
2021-04-19,3.8854,3.9337,3.8656,3.893,76671,182477,65.18,90.96,1.29,-2.86
2021-04-20,3.8939,3.9266,3.8804,3.8878,73168,182106,65.58,91.06,1.32,-17.95
2021-04-21,3.7977,3.8266,3.7547,3.8021,63322,185836,64.74,91.6,1.3,-20.08
2021-04-22,3.8641,3.9031,3.8486,3.8658,52696,181585,65.14,91.08,1.26,-18.18
2021-04-23,3.9616,3.9725,3.937,3.9522,53892,179012,64.97,90.29,1.23,-22.74
2021-04-26,3.8736,3.9099,3.8383,3.8974,30583,182352,64.73,90.24,1.22,-26.5
2021-04-27,3.8747,3.8792,3.8373,3.8584,70215,184227,64.53,90.89,1.27,-22.01
2021-04-28,3.8609,3.8791,3.8359,3.86,39853,183863,65.25,91.36,1.27,-13.41
2021-04-29,3.8583,3.8896,3.8291,3.8634,21109,183585,64.82,91.35,1.29,-34.47
2021-04-30,3.8821,3.909,3.8471,3.8832,74757,183983,63.53,90.91,1.28,-31.08
2021-05-03,3.9732,4.0006,3.9509,3.9737,21659,180700,63.55,90.42,1.28,-21.69
2021-05-04,3.9252,3.959,3.8855,3.9471,16238,183206,62.8,90.01,1.28,-32.31
2021-05-05,3.9036,3.936,3.8801,3.885,30064,185590,61.64,90.39,1.3,-30.34
2021-05-06,3.7925,3.8189,3.7608,3.792,46115,190355,59.68,90.61,1.26,-13.28
2021-05-07,3.7396,3.7701,3.7179,3.7343,46952,194378,60.65,90.6,1.27,-25.04
2021-05-10,3.7291,3.736,3.6818,3.7178,20620,194009,61.33,90.92,1.27,-28.83
2021-05-11,3.7879,3.8275,3.7623,3.8003,59258,189110,62.82,90.47,1.28,-18.8
2021-05-12,3.7592,3.7725,3.7355,3.7535,19470,191546,62.77,90.92,1.24,-19.95
2021-05-13,3.7487,3.7723,3.7187,3.7519,37003,190136,63.9,91.23,1.23,-11.06
2021-05-14,3.7464,3.7751,3.7044,3.7363,42571,188659,62.81,91.29,1.25,-36.4
2021-05-17,3.7585,3.8093,3.7285,3.7843,39668,187909,60.66,91.05,1.26,-28.19
2021-05-18,3.9092,3.9274,3.8938,3.9104,47046,183853,59.78,90.68,1.31,-22.87
2021-05-19,3.8491,3.8812,3.8289,3.8565,20397,184862,59.49,90.82,1.29,-15.55
2021-05-20,3.8131,3.8235,3.7835,3.8078,37233,185335,59.84,91.35,1.24,4.74
2021-05-21,3.8669,3.9023,3.8368,3.8611,75308,182153,61.19,90.58,1.22,-13.79
2021-05-24,3.8825,3.9143,3.8506,3.8913,84726,182297,61.49,90.34,1.14,-20.43
2021-05-25,3.9881,4.0335,3.9818,3.9972,78219,177039,63.92,89.85,1.17,-26.37
2021-05-26,4.0245,4.0466,3.9955,4.0259,16130,175861,64.0,89.41,1.17,-26.86
2021-05-27,3.9725,4.0044,3.9498,3.9839,29071,178141,64.06,89.71,1.18,-8.65
2021-05-28,4.0196,4.0379,3.9912,4.0088,17118,177229,64.38,89.63,1.2,-22.58
2021-05-31,4.0622,4.1016,4.0434,4.067,15663,176403,64.74,89.16,1.23,-17.67
2021-06-01,4.0692,4.1267,4.045,4.1074,77408,173721,65.09,89.0,1.15,0.23
2021-06-02,4.1208,4.1585,4.1115,4.1257,66786,172775,63.68,89.0,1.09,-28.06
2021-06-03,4.1657,4.2025,4.146,4.1796,34158,170628,64.57,89.0,1.07,-10.11
2021-06-04,4.2199,4.249,4.2017,4.242,46087,167762,67.27,89.0,1.06,-18.84
2021-06-07,4.3056,4.3444,4.2724,4.3227,68121,162667,66.25,89.0,1.07,4.36
2021-06-08,4.3561,4.3716,4.3351,4.3546,34874,159465,66.15,89.0,1.07,-16.89
2021-06-09,4.3436,4.3716,4.2998,4.3252,55821,158995,64.59,89.0,1.08,-3.81
2021-06-10,4.3225,4.3378,4.2746,4.3182,75582,160182,65.37,89.0,1.03,-25.01
2021-06-11,4.3712,4.4175,4.3327,4.3797,37787,156430,66.14,89.0,1.01,4.8
2021-06-14,4.3139,4.3405,4.2707,4.3076,79703,160238,64.43,89.0,1.0,-2.03
2021-06-15,4.3085,4.3406,4.2861,4.3148,36705,160018,62.94,89.0,1.0,-14.43
2021-06-16,4.2638,4.3074,4.2309,4.2733,84381,160715,60.6,89.0,0.98,-7.19
2021-06-17,4.2425,4.2953,4.2176,4.2582,59653,160255,62.28,89.0,0.99,-2.7
2021-06-18,4.2895,4.3411,4.2639,4.3137,47252,157918,61.3,89.0,0.96,-8.43
2021-06-21,4.3028,4.3278,4.271,4.3082,77185,158259,61.1,89.0,0.94,-13.14
2021-06-22,4.296,4.3052,4.2725,4.2938,56538,159497,60.65,89.0,0.96,-10.96
2021-06-23,4.203,4.2243,4.161,4.2043,35343,162976,61.69,89.0,0.97,-10.98
2021-06-24,4.2243,4.2507,4.1989,4.2299,56232,160808,62.36,89.0,0.96,-10.92
2021-06-25,4.2364,4.2776,4.2029,4.2493,68106,160067,62.98,89.0,0.95,-7.32
2021-06-28,4.3613,4.3856,4.3097,4.3528,68079,157113,62.04,89.0,0.93,-17.62
2021-06-29,4.2966,4.3495,4.2583,4.3148,40028,156571,62.74,89.0,0.92,-15.21
2021-06-30,4.3226,4.3439,4.2989,4.3119,57135,155743,63.71,89.0,0.91,-13.08
2021-07-01,4.2963,4.3371,4.2641,4.3101,46066,156532,64.38,89.0,0.9,-5.79
2021-07-02,4.3748,4.4259,4.3378,4.3854,35910,153404,62.91,89.0,0.91,-21.28
2021-07-05,4.3415,4.3935,4.3042,4.362,22141,155183,61.62,89.0,0.92,-7.45
2021-07-06,4.3548,4.3891,4.3385,4.3618,60950,154676,63.48,89.0,0.88,-2.13
2021-07-07,4.3938,4.4155,4.359,4.3801,70723,151918,65.57,89.0,0.93,-7.99
2021-07-08,4.3807,4.402,4.3351,4.3735,31225,154221,65.44,89.0,0.92,-7.89
2021-07-09,4.3457,4.3646,4.3123,4.3321,47959,157385,65.32,89.0,0.93,-11.93
2021-07-12,4.3324,4.3545,4.3006,4.3252,64192,157666,65.44,89.0,0.9,-8.97
2021-07-13,4.3468,4.398,4.3024,4.3622,25051,154991,66.03,89.0,0.95,-12.51
2021-07-14,4.2875,4.3172,4.2605,4.292,18449,157561,64.4,89.0,0.96,-11.57
2021-07-15,4.2714,4.2956,4.2515,4.2821,56095,158282,64.6,89.0,0.98,-14.11
2021-07-16,4.2484,4.2934,4.2122,4.2304,44190,160306,63.42,89.0,0.97,-12.92
2021-07-19,4.2563,4.3033,4.2255,4.2727,41141,158385,63.35,89.0,0.92,-13.25
2021-07-20,4.1898,4.2024,4.1645,4.1779,38908,164584,62.33,89.0,0.97,-22.48
2021-07-21,4.1424,4.1645,4.1066,4.1306,47322,167821,61.57,89.0,0.99,-26.19
2021-07-22,4.1587,4.1863,4.1047,4.1345,65710,166240,61.73,89.0,0.99,-12.64
2021-07-23,4.1937,4.2433,4.1537,4.1992,29012,163421,61.0,89.0,1.0,-6.88
2021-07-26,4.1885,4.2041,4.1456,4.179,49889,163705,59.74,89.0,0.96,0.79
2021-07-27,4.1629,4.199,4.1133,4.1327,32412,166147,61.3,89.0,0.91,-4.02
2021-07-28,4.2073,4.2567,4.1684,4.2156,39657,162340,60.06,89.0,0.91,-4.0
2021-07-29,4.0909,4.1312,4.0675,4.1111,20656,170604,57.47,89.0,0.88,-11.83
2021-07-30,3.9325,3.979,3.9189,3.9563,23967,178085,58.05,89.0,0.87,-15.86
2021-08-02,3.983,3.9985,3.9501,3.9739,30764,177132,57.69,89.0,0.87,-23.23
2021-08-03,3.899,3.9458,3.8604,3.9226,30873,181652,57.61,89.0,0.83,-25.22
2021-08-04,3.8346,3.8634,3.8085,3.8392,66030,185652,57.74,89.33,0.83,-17.6
2021-08-05,3.8767,3.9076,3.8464,3.8713,82807,182385,59.09,89.0,0.8,-25.67
2021-08-06,3.8743,3.9092,3.832,3.872,16607,182204,61.1,89.0,0.83,-19.33
2021-08-09,3.8277,3.8453,3.8112,3.8225,34523,185168,61.33,89.0,0.83,-40.78
2021-08-10,3.7365,3.7428,3.7214,3.7338,63447,189741,59.99,89.0,0.85,-17.35
2021-08-11,3.7867,3.8106,3.7618,3.7713,64757,189259,60.11,89.0,0.79,-29.37
2021-08-12,3.7838,3.8224,3.7561,3.7954,84201,188359,60.71,89.0,0.81,-32.23
2021-08-13,3.7666,3.8012,3.7409,3.7748,20462,189386,61.77,89.0,0.86,-14.36
2021-08-16,3.8526,3.8838,3.8136,3.8621,46795,183775,61.88,89.0,0.86,-10.57
2021-08-17,3.7895,3.8148,3.7531,3.7795,84806,189326,61.22,89.0,0.88,-21.13
2021-08-18,3.6803,3.7171,3.6498,3.6697,63465,193900,60.18,89.0,0.87,-28.7
2021-08-19,3.6152,3.6416,3.5869,3.61,76109,195411,60.01,89.3,0.88,-17.69
2021-08-20,3.6066,3.6264,3.569,3.593,65528,199330,58.31,89.05,0.93,-30.68
2021-08-23,3.5799,3.6121,3.5713,3.5934,51230,201328,58.7,89.35,1.0,-25.47
2021-08-24,3.5851,3.6065,3.5201,3.5661,63242,202019,58.86,89.8,1.01,-13.22
2021-08-25,3.5881,3.625,3.5434,3.5707,80883,199555,59.0,89.29,0.98,-21.4
2021-08-26,3.5029,3.5237,3.4706,3.4947,16783,202113,59.75,89.08,1.0,-26.5
2021-08-27,3.5761,3.5987,3.5278,3.5558,43390,201258,61.3,89.0,0.96,-27.23
2021-08-30,3.5186,3.5559,3.4899,3.5374,23417,202298,61.18,89.0,0.95,-24.88
2021-08-31,3.5766,3.615,3.5549,3.5826,32426,198645,61.23,89.0,0.93,-22.09
2021-09-01,3.579,3.6272,3.5615,3.5874,45750,199370,60.78,89.0,0.99,-33.82
2021-09-02,3.6055,3.6324,3.569,3.5972,73188,198677,61.34,89.0,1.04,-13.79
2021-09-03,3.5996,3.6355,3.5731,3.6117,25872,197246,61.3,89.0,1.08,-27.66
2021-09-06,3.6283,3.6518,3.6034,3.6195,63086,196208,62.53,89.0,1.1,-25.35
2021-09-07,3.6517,3.6542,3.6001,3.6358,81770,197042,63.73,89.0,1.07,-16.37
2021-09-08,3.6917,3.7219,3.6573,3.6835,49720,195551,64.04,89.0,1.08,-23.53
2021-09-09,3.6823,3.707,3.649,3.679,33079,193971,63.91,89.0,1.14,-14.93
2021-09-10,3.6867,3.7259,3.6507,3.6984,32338,193538,63.57,89.0,1.15,-22.43
2021-09-13,3.67,3.6973,3.6463,3.68,18291,194495,64.06,89.0,1.18,-21.56
2021-09-14,3.7452,3.7656,3.7036,3.7303,64393,191727,64.55,89.0,1.14,-19.56
2021-09-15,3.6925,3.7124,3.6526,3.6833,84770,193401,64.21,89.0,1.16,-19.16
2021-09-16,3.7544,3.7881,3.7369,3.7549,41720,189141,64.49,89.0,1.13,-16.15
2021-09-17,3.7333,3.7588,3.7089,3.7383,28368,189093,63.6,89.0,1.12,-12.29
2021-09-20,3.6272,3.6925,3.6027,3.6509,69313,193374,64.05,89.0,1.17,-14.54
2021-09-21,3.6313,3.6709,3.6163,3.6438,62969,193360,63.26,89.0,1.18,-29.87
2021-09-22,3.6173,3.6293,3.5523,3.5953,63838,196197,64.07,89.0,1.2,-11.73
2021-09-23,3.6084,3.6453,3.5974,3.6232,23734,194000,63.68,89.0,1.2,-37.99
2021-09-24,3.5795,3.5968,3.5656,3.5773,27197,196914,65.48,89.0,1.14,-29.82
2021-09-27,3.5538,3.5578,3.5086,3.5424,83895,200062,65.49,89.0,1.11,-26.32
2021-09-28,3.4303,3.4794,3.4024,3.4441,71831,204478,65.71,89.15,1.13,-37.03
2021-09-29,3.4099,3.4375,3.3945,3.4079,73073,206731,64.14,89.73,1.15,-25.46
2021-09-30,3.2892,3.3144,3.2536,3.2794,65302,213185,65.65,90.6,1.2,-24.12
2021-10-01,3.1747,3.1963,3.1431,3.1746,30624,217299,65.57,91.23,1.2,-38.57
2021-10-04,3.2397,3.2496,3.1899,3.2102,82271,216373,67.45,91.29,1.17,-27.86
2021-10-05,3.2291,3.2634,3.1881,3.2464,39315,212022,67.46,91.4,1.17,-23.96
2021-10-06,3.2709,3.2983,3.2525,3.2599,32422,208214,67.19,91.4,1.21,-47.25
2021-10-07,3.1906,3.2048,3.1649,3.1924,54137,210857,66.59,91.96,1.15,-30.67
2021-10-08,3.1855,3.1865,3.1485,3.1777,63232,212278,67.26,91.87,1.16,-29.27
2021-10-11,3.17,3.1885,3.1385,3.1655,47743,212725,67.8,92.19,1.13,-40.49
2021-10-12,3.0897,3.1158,3.0714,3.097,30636,216703,66.3,92.36,1.13,-44.22
2021-10-13,3.1628,3.1841,3.1425,3.1605,25108,212403,65.63,91.79,1.16,-38.64
2021-10-14,3.1776,3.2226,3.1537,3.1966,51180,211838,66.39,91.58,1.17,-33.66
2021-10-15,3.1787,3.2039,3.1461,3.1726,33883,214873,65.65,91.36,1.21,-38.93
2021-10-18,3.165,3.1872,3.1372,3.162,59400,214514,64.72,91.27,1.22,-28.04
2021-10-19,3.1666,3.1959,3.132,3.1601,60999,215525,64.9,91.37,1.24,-29.18
2021-10-20,3.0676,3.076,3.0451,3.0572,62951,220183,64.96,91.96,1.26,-31.66
2021-10-21,3.0366,3.0597,3.0152,3.033,22160,221802,64.42,92.24,1.23,-24.65
2021-10-22,2.9902,3.0138,2.9764,2.9888,70262,225743,66.33,92.62,1.22,-30.74
2021-10-25,2.9231,2.9414,2.9071,2.9314,34929,228719,66.13,93.0,1.15,-34.96
2021-10-26,2.9011,2.9158,2.8754,2.9077,26123,230703,64.7,92.91,1.16,-48.26
2021-10-27,2.9867,3.0004,2.9556,2.9754,43357,226140,62.89,92.8,1.08,-26.65
2021-10-28,3.0103,3.0247,2.9586,2.9965,48556,226071,63.98,92.67,1.11,-25.3
2021-10-29,2.9554,2.982,2.9351,2.9577,76934,229749,62.74,92.92,1.16,-39.64
2021-11-01,2.9737,2.9883,2.9538,2.9733,45881,227939,62.74,92.87,1.17,-43.41
2021-11-02,3.0168,3.0387,2.9967,3.0256,33409,225198,61.75,93.0,1.2,-29.07
2021-11-03,3.0711,3.0862,3.0447,3.0596,70416,224491,61.6,92.53,1.23,-50.28
2021-11-04,3.0576,3.0853,3.032,3.0511,82982,225411,61.96,92.49,1.22,-31.59
2021-11-05,3.029,3.0484,2.9829,3.0103,45657,225615,60.42,92.83,1.18,-23.07
2021-11-08,3.0216,3.0482,3.0014,3.0301,63951,224922,59.89,92.73,1.18,-38.64
2021-11-09,3.0323,3.0546,3.0187,3.036,23752,224258,59.12,92.58,1.16,-33.22
2021-11-10,3.0645,3.0936,3.0494,3.0622,28440,221916,58.02,91.97,1.16,-33.9
2021-11-11,3.0841,3.0983,3.0613,3.0777,59864,222847,57.58,91.82,1.17,-25.58
2021-11-12,3.1076,3.1394,3.0871,3.1097,64691,221413,56.86,91.75,1.16,-32.9
2021-11-15,3.0672,3.097,3.0387,3.0758,37343,224118,57.79,92.06,1.14,-37.4
2021-11-16,3.1271,3.1459,3.1084,3.1183,34673,220798,56.98,91.8,1.07,-46.55
2021-11-17,3.1227,3.1613,3.098,3.1155,74954,221631,57.44,91.86,1.07,-32.89
2021-11-18,3.1815,3.2032,3.16,3.1909,69698,219512,57.87,91.2,1.06,-32.78
2021-11-19,3.1583,3.1758,3.1384,3.1447,41520,221300,56.19,91.53,1.05,-50.4
2021-11-22,3.2304,3.2415,3.2041,3.2183,30784,217391,55.6,91.16,1.07,-40.19
2021-11-23,3.2189,3.2468,3.2022,3.2175,53079,215862,55.45,91.21,1.13,-36.73
2021-11-24,3.1729,3.2061,3.1579,3.1721,59220,216864,55.72,91.38,1.12,-37.64
2021-11-25,3.1422,3.1748,3.1151,3.1366,35491,217918,55.43,91.61,1.13,-33.51
2021-11-26,3.1015,3.1391,3.0828,3.1101,63720,217939,56.55,91.9,1.14,-34.73
2021-11-29,3.1181,3.1366,3.102,3.1178,29718,216671,56.63,91.93,1.17,-34.18
2021-11-30,3.1075,3.1464,3.0843,3.1291,50597,216353,57.1,91.41,1.15,-14.21
2021-12-01,3.1027,3.1101,3.0614,3.094,76217,218265,56.42,91.66,1.12,-37.87
2021-12-02,3.0666,3.1168,3.0347,3.082,41832,220114,56.9,91.62,1.1,-41.75
2021-12-03,3.1686,3.1923,3.1478,3.1534,69818,215987,59.0,91.09,1.03,-19.61
2021-12-06,3.221,3.2412,3.1959,3.2244,27864,212820,59.55,91.07,1.03,-19.07
2021-12-07,3.2343,3.2675,3.215,3.2365,23177,211774,60.74,90.78,1.0,-40.47
2021-12-08,3.2204,3.24,3.1985,3.2269,61115,211620,60.39,90.62,1.01,-21.15
2021-12-09,3.2182,3.245,3.2007,3.2212,71210,211498,61.38,90.09,0.93,-47.27
2021-12-10,3.2526,3.272,3.2163,3.2379,66954,210511,62.47,90.36,0.93,-6.84
2021-12-13,3.1557,3.2062,3.1342,3.181,26844,213372,62.71,90.87,0.93,-17.23
2021-12-14,3.1712,3.1909,3.1425,3.1583,28418,213997,62.61,90.9,0.91,-28.31
2021-12-15,3.0809,3.0899,3.0645,3.0776,49854,219101,60.94,91.46,0.94,-27.15
2021-12-16,3.0731,3.1053,3.0567,3.085,58950,216723,60.88,90.87,0.92,-30.53
2021-12-17,3.0919,3.1303,3.0703,3.1026,80227,217195,61.47,90.9,0.93,-39.55
2021-12-20,3.0875,3.1069,3.0469,3.071,27835,218175,60.61,90.84,0.91,-24.42
2021-12-21,3.1159,3.1512,3.0895,3.1254,32533,215501,59.19,90.99,0.96,-21.96
2021-12-22,3.0475,3.0707,3.0316,3.0588,25223,218486,59.28,91.41,0.96,-41.01
2021-12-23,2.9916,3.0105,2.9597,2.9808,25273,222843,59.51,91.83,0.98,-36.66
2021-12-24,2.9845,2.9991,2.9553,2.9813,48519,221764,58.0,91.63,1.0,-46.86
2021-12-27,3.0103,3.0441,2.9825,3.0194,39160,219261,58.02,91.23,1.03,-36.02
2021-12-28,3.0912,3.1112,3.0698,3.0891,63988,216725,58.32,91.03,1.04,-36.49
2021-12-29,3.044,3.0786,3.0261,3.054,25348,216267,59.75,91.0,1.0,-24.27
2021-12-30,3.1091,3.137,3.077,3.0982,82519,214237,59.2,90.56,1.01,-20.43
2021-12-31,3.0959,3.1208,3.0742,3.0854,29629,213856,61.47,90.98,1.02,-43.33
2022-01-03,3.0716,3.0932,3.0482,3.0664,64056,213501,61.51,91.14,0.93,-28.13
2022-01-04,3.0999,3.1123,3.071,3.0963,26273,210189,60.17,90.72,0.88,-26.6
2022-01-05,3.1333,3.1532,3.091,3.1157,55416,210243,59.78,90.76,0.9,-48.54
2022-01-06,3.0352,3.0507,3.0177,3.0352,22894,214056,58.54,91.09,0.95,-27.09
2022-01-07,3.0843,3.1133,3.0629,3.096,61073,210513,58.33,90.35,0.95,-46.64
2022-01-10,3.1629,3.1803,3.1444,3.1584,60693,207508,58.83,89.91,0.97,-37.18
2022-01-11,3.1334,3.146,3.0874,3.1126,66466,208258,59.1,89.88,0.98,-41.41
2022-01-12,3.1131,3.1285,3.0937,3.1232,39343,207137,57.84,89.89,0.98,-46.89
2022-01-13,3.1342,3.1529,3.1162,3.1378,58095,206242,56.44,89.65,0.97,-23.86
2022-01-14,3.1441,3.1657,3.1225,3.1399,46174,206224,56.88,89.67,0.98,-41.21
2022-01-17,3.1033,3.1136,3.0839,3.1038,65801,208319,57.57,90.01,0.99,-37.29
2022-01-18,3.0541,3.0834,3.0378,3.0637,84336,207957,57.01,90.8,0.98,-34.78
2022-01-19,3.0633,3.0968,3.0279,3.0523,57926,208944,54.2,91.36,1.02,-28.64
2022-01-20,3.1127,3.1401,3.073,3.0898,53827,205186,52.91,91.22,0.99,-42.44
2022-01-21,3.1044,3.1365,3.0708,3.1025,59775,205132,53.98,91.15,1.04,-29.81
2022-01-24,3.068,3.0995,3.0375,3.0769,56201,206028,53.15,91.13,1.03,-36.43
2022-01-25,3.0816,3.1255,3.0684,3.097,44373,206433,52.75,90.62,1.03,-42.63
2022-01-26,2.9797,2.9936,2.9576,2.9772,42525,211015,53.34,90.64,1.01,-27.78
2022-01-27,3.0379,3.0526,3.0126,3.0272,45486,209702,52.98,90.18,1.03,-17.79
2022-01-28,2.9297,2.9302,2.9089,2.9253,33640,212887,54.5,91.1,1.02,-35.76
2022-01-31,2.8948,2.9216,2.8624,2.8948,76455,214386,54.07,91.65,1.0,-43.28
2022-02-01,2.8201,2.8539,2.8041,2.8254,51136,215064,53.11,92.02,1.02,-45.75
2022-02-02,2.7381,2.7616,2.7181,2.7477,77425,219620,54.39,92.52,1.06,-34.19
2022-02-03,2.8095,2.8257,2.7804,2.802,71539,219249,54.43,92.1,1.03,-39.85
2022-02-04,2.7748,2.7875,2.7556,2.7667,39942,219999,53.23,92.27,1.05,-49.7
2022-02-07,2.7622,2.7962,2.7501,2.7759,83363,219732,53.73,92.03,1.09,-54.87
2022-02-08,2.7786,2.8038,2.7548,2.7645,73596,220778,53.39,91.89,1.04,-37.47
2022-02-09,2.7829,2.7891,2.7659,2.7778,50255,218319,52.12,91.98,1.02,-51.2
2022-02-10,2.7846,2.8051,2.771,2.7722,77129,217672,52.21,91.86,1.05,-43.98
2022-02-11,2.6982,2.7253,2.6773,2.7098,77286,219507,52.02,92.29,1.06,-27.96
2022-02-14,2.7322,2.7625,2.7011,2.7442,31277,220848,50.15,92.08,1.12,-48.18
2022-02-15,2.7125,2.7342,2.6942,2.7138,16643,223471,48.97,92.59,1.11,-32.77
2022-02-16,2.6456,2.6613,2.6335,2.6414,38729,226468,51.01,93.09,1.1,-51.85
2022-02-17,2.6292,2.6453,2.6015,2.6142,36818,228627,51.08,93.29,1.14,-36.28
2022-02-18,2.6746,2.6903,2.6545,2.6686,80555,226432,52.55,92.66,1.11,-37.74
2022-02-21,2.6969,2.7226,2.6862,2.699,68629,225776,52.88,92.38,1.11,-37.87
2022-02-22,2.6659,2.6945,2.6433,2.6747,70438,225605,54.22,92.49,1.13,-47.68
2022-02-23,2.6618,2.6802,2.6293,2.6514,24457,228302,54.82,92.62,1.15,-37.56
2022-02-24,2.622,2.6389,2.6125,2.6301,74629,228339,53.77,92.89,1.12,-40.21
2022-02-25,2.7157,2.7305,2.6796,2.7016,48922,224262,54.42,92.59,1.13,-25.92
2022-02-28,2.7084,2.7341,2.6811,2.7109,24820,224552,53.36,92.28,1.12,-47.02
2022-03-01,2.7353,2.753,2.6916,2.7214,47750,224495,54.38,92.38,1.07,-30.64
2022-03-02,2.7627,2.7847,2.7201,2.7567,52790,222934,54.6,92.09,1.06,-48.52
2022-03-03,2.7572,2.7877,2.7455,2.7584,49421,223865,54.61,91.92,1.01,-42.86
2022-03-04,2.7346,2.7636,2.6985,2.7392,83038,223336,54.12,91.74,0.99,-46.64
2022-03-07,2.7201,2.7411,2.705,2.7231,77325,226273,54.99,91.73,0.96,-45.75
2022-03-08,2.7158,2.7298,2.6986,2.7121,40600,226168,54.8,91.64,0.98,-43.1
2022-03-09,2.7031,2.7038,2.683,2.7024,44394,226498,52.69,91.98,0.99,-29.7
2022-03-10,2.7129,2.7344,2.6993,2.7181,51171,228023,50.8,91.84,1.04,-37.76
2022-03-11,2.7101,2.7267,2.6901,2.7115,76526,227469,49.39,92.0,1.01,-31.28
2022-03-14,2.7269,2.7469,2.7174,2.7262,28149,228035,50.24,91.48,1.02,-41.35
2022-03-15,2.6969,2.7318,2.6811,2.7154,45394,228264,51.18,91.72,0.98,-30.79
2022-03-16,2.7135,2.7288,2.6838,2.7095,29396,227519,51.53,91.91,0.97,-39.88
2022-03-17,2.6357,2.6496,2.6191,2.644,38324,230006,51.87,91.87,0.96,-49.83
2022-03-18,2.6572,2.6781,2.6392,2.667,62198,229651,53.45,91.54,1.02,-33.68
2022-03-21,2.6564,2.6909,2.6363,2.6708,46016,230697,53.82,91.35,1.03,-29.97
2022-03-22,2.6802,2.7241,2.6554,2.6957,18194,229847,54.51,91.18,1.02,-36.66
2022-03-23,2.5804,2.6076,2.5741,2.5916,47398,232614,54.49,91.52,1.06,-37.11
2022-03-24,2.6734,2.6988,2.6525,2.6795,19789,229421,53.98,91.02,1.08,-31.54
2022-03-25,2.6804,2.7035,2.6485,2.6638,79967,229957,53.66,91.27,1.08,-45.02
2022-03-28,2.7087,2.7254,2.6902,2.7133,76134,226407,55.91,90.88,1.1,-47.84
2022-03-29,2.6523,2.6716,2.6271,2.6508,39977,229635,54.71,91.26,1.09,-39.9
2022-03-30,2.6783,2.6907,2.6654,2.6749,15129,229911,55.05,91.19,1.18,-27.83
2022-03-31,2.6158,2.638,2.6043,2.6147,74683,232628,53.38,90.75,1.22,-41.15
2022-04-01,2.5759,2.5939,2.5714,2.5765,60331,235455,52.7,90.74,1.21,-39.12
2022-04-04,2.6497,2.6788,2.6362,2.6599,49626,232257,53.55,90.57,1.23,-42.17
2022-04-05,2.6539,2.6658,2.6163,2.6416,63503,233651,51.55,90.44,1.25,-40.66
2022-04-06,2.6605,2.6819,2.629,2.6452,42549,233122,52.54,90.15,1.26,-47.58
2022-04-07,2.6656,2.7106,2.6571,2.68,27342,232539,54.79,90.24,1.27,-37.74
2022-04-08,2.6875,2.707,2.6734,2.6963,51417,232902,55.19,90.19,1.25,-34.61
2022-04-11,2.6932,2.7107,2.6856,2.6956,67249,233885,56.57,90.56,1.24,-54.86
2022-04-12,2.6955,2.7226,2.6855,2.7038,67664,233139,56.84,90.4,1.29,-54.68
2022-04-13,2.8026,2.8258,2.7776,2.7981,23833,230078,57.62,90.23,1.29,-54.95
2022-04-14,2.7805,2.8011,2.7705,2.787,75658,231041,58.11,90.07,1.27,-27.72
2022-04-15,2.8086,2.8097,2.764,2.7893,44473,229771,57.55,89.41,1.27,-48.07
2022-04-18,2.8427,2.8701,2.8143,2.8319,15737,227396,56.89,89.37,1.26,-36.37
2022-04-19,2.8804,2.9041,2.8594,2.8784,61647,224667,58.18,89.28,1.28,-23.26
2022-04-20,2.9403,2.9468,2.9139,2.9307,79054,219928,58.13,89.18,1.27,-34.56
2022-04-21,2.9668,2.9814,2.9319,2.9563,16299,219980,57.98,89.0,1.27,-32.5
2022-04-22,2.8849,2.9195,2.861,2.8901,78281,226680,57.8,89.7,1.25,-45.36
2022-04-25,2.9589,2.9959,2.9375,2.9666,80875,224688,58.13,89.54,1.32,-33.84
2022-04-26,2.894,2.919,2.8709,2.8933,47920,228182,56.83,90.11,1.34,-46.59
2022-04-27,2.9106,2.9279,2.8855,2.9026,69836,227144,56.62,90.09,1.36,-54.13
2022-04-28,2.8556,2.8744,2.8323,2.8543,57381,228208,56.96,90.0,1.38,-38.47
2022-04-29,2.8289,2.8605,2.813,2.8432,71298,228888,55.56,90.07,1.37,-36.41
2022-05-02,2.844,2.8773,2.8257,2.8513,39509,229686,55.79,90.12,1.41,-43.47
2022-05-03,2.8576,2.8706,2.8412,2.8583,57095,228561,54.8,90.59,1.41,-45.18
2022-05-04,2.8682,2.8817,2.853,2.8689,66524,231161,55.14,90.61,1.47,-40.44
2022-05-05,2.9479,2.9738,2.9155,2.9294,81909,226778,57.52,90.04,1.46,-43.59
2022-05-06,2.9297,2.9613,2.9076,2.9428,40532,226444,57.39,90.09,1.48,-30.84
2022-05-09,2.9286,2.957,2.896,2.9239,75285,227379,56.2,90.5,1.48,-33.72
2022-05-10,2.9714,2.9856,2.9301,2.9573,33866,225884,56.46,90.76,1.49,-23.02
2022-05-11,3.023,3.0418,2.991,3.0012,22593,223226,56.99,90.52,1.44,-39.0
2022-05-12,2.9345,2.9506,2.9066,2.9383,24495,226155,55.96,90.78,1.42,-36.64
2022-05-13,2.9627,2.9817,2.9413,2.958,22837,224729,54.07,90.33,1.46,-35.36
2022-05-16,2.9871,2.9956,2.9583,2.9817,33680,225208,53.04,90.06,1.42,-39.54
2022-05-17,2.9628,2.9783,2.9484,2.9609,70476,228089,52.99,90.27,1.45,-53.64
2022-05-18,3.0098,3.0197,2.9895,3.0108,45346,225377,52.5,89.64,1.53,-32.01
2022-05-19,3.0004,3.0246,2.9748,2.9962,38412,224060,53.68,90.23,1.55,-16.23
2022-05-20,2.9695,3.0181,2.961,2.9938,45804,224550,54.26,90.15,1.61,-27.63
2022-05-23,2.9856,2.9923,2.9557,2.9791,80206,225549,54.37,90.25,1.63,-19.77
2022-05-24,2.9733,3.0018,2.9435,2.9721,25934,225990,52.46,90.37,1.64,-28.94
2022-05-25,2.923,2.9614,2.9055,2.9251,45723,228745,53.15,90.89,1.65,-38.79
2022-05-26,2.884,2.9027,2.8375,2.8652,35405,233098,55.34,91.26,1.65,-33.58
2022-05-27,2.9142,2.9347,2.8968,2.9205,33748,231609,56.29,90.71,1.64,-28.5
2022-05-30,2.8728,2.9144,2.8485,2.8765,61413,234227,55.57,91.04,1.63,-52.08
2022-05-31,2.8456,2.8547,2.8246,2.8276,37354,237332,55.43,91.56,1.64,-35.67
2022-06-01,2.7243,2.7492,2.691,2.7316,32388,241954,55.94,91.82,1.71,-42.2
2022-06-02,2.689,2.7121,2.6621,2.6937,51523,242525,57.47,92.21,1.75,-29.57
2022-06-03,2.6251,2.6516,2.6101,2.6263,72693,247298,56.7,92.61,1.76,-40.31
2022-06-06,2.706,2.7256,2.6942,2.6987,50732,244163,56.19,92.27,1.78,-62.94
2022-06-07,2.7484,2.7627,2.7271,2.7466,56646,240873,56.15,91.87,1.78,-37.33
2022-06-08,2.6916,2.7139,2.6837,2.7028,36021,241490,56.01,92.04,1.82,-59.47
2022-06-09,2.8101,2.8306,2.7891,2.8149,67776,235344,56.89,91.59,1.77,-28.87
2022-06-10,2.8675,2.8845,2.8463,2.8731,34116,231246,57.19,91.19,1.83,-45.07
2022-06-13,2.844,2.8632,2.8322,2.8447,59771,233327,55.66,91.09,1.82,-48.72
2022-06-14,2.6916,2.7052,2.6635,2.6879,43756,240173,54.94,91.61,1.81,-48.8
2022-06-15,2.8607,2.8687,2.8331,2.8569,17919,233499,54.26,90.84,1.77,-46.46
2022-06-16,2.7039,2.745,2.6801,2.7194,38550,241090,51.83,91.65,1.77,-42.94
2022-06-17,2.5686,2.5819,2.5435,2.5599,51524,249360,52.86,92.43,1.75,-52.12
2022-06-20,2.6582,2.6671,2.6481,2.6561,69606,245792,53.02,92.4,1.79,-45.44
2022-06-21,2.9205,2.9379,2.8822,2.9076,83819,234820,52.43,90.72,1.81,-50.96
2022-06-22,3.1031,3.1234,3.0809,3.0987,38212,225992,53.43,89.86,1.79,-36.16
2022-06-23,3.1905,3.1975,3.1696,3.1793,55118,222216,53.78,89.0,1.77,-20.32
2022-06-24,3.2665,3.29,3.2301,3.2616,43602,219214,52.37,89.0,1.75,-34.58
2022-06-27,3.3944,3.4075,3.3411,3.3798,32540,212741,53.05,89.0,1.72,-23.1
2022-06-28,3.4901,3.5267,3.4623,3.4843,50829,207974,54.57,89.0,1.71,-36.99
2022-06-29,3.516,3.544,3.4753,3.5171,71309,205607,54.43,89.0,1.69,-20.73
2022-06-30,3.5489,3.5681,3.5,3.5233,80403,206735,54.37,89.0,1.72,-15.86
2022-07-01,3.5175,3.5337,3.4883,3.5075,37277,208307,54.5,89.0,1.71,-13.74
2022-07-04,3.4197,3.4407,3.3967,3.4134,74673,215106,53.17,89.0,1.73,-26.03
2022-07-05,3.3617,3.4021,3.3268,3.3755,32676,215903,53.33,89.0,1.75,-22.78
2022-07-06,3.1895,3.223,3.175,3.2027,57844,222898,52.37,89.0,1.69,-42.83
2022-07-07,3.1884,3.2071,3.1594,3.1854,79708,223745,52.37,89.0,1.71,-35.55
2022-07-08,3.0862,3.1064,3.0692,3.0848,24752,227402,52.57,89.0,1.66,-41.11
2022-07-11,2.9721,2.9927,2.9563,2.978,55670,232853,53.16,89.0,1.64,-33.65
2022-07-12,2.989,3.0057,2.9612,2.9877,82603,232355,53.8,89.0,1.66,-40.74
2022-07-13,3.1152,3.1195,3.0824,3.0994,46478,226743,52.79,89.0,1.66,-28.17
2022-07-14,3.1841,3.2119,3.1598,3.177,41439,224556,53.01,89.0,1.65,-11.48
2022-07-15,3.0194,3.0521,2.9918,3.0305,49747,228929,54.08,89.02,1.6,-30.11
2022-07-18,2.9321,2.9464,2.9021,2.9331,44810,233962,52.82,89.62,1.63,-25.34
2022-07-19,3.0044,3.0452,2.9805,3.0122,33302,229742,54.76,89.0,1.65,-45.82
2022-07-20,2.9149,2.9378,2.9008,2.9185,81236,234938,53.7,89.0,1.62,-38.35
2022-07-21,2.8892,2.9043,2.8742,2.893,79467,237353,55.51,89.0,1.59,-36.3
2022-07-22,2.9267,2.956,2.9074,2.9312,49841,232902,54.47,89.0,1.62,-36.82
2022-07-25,2.8404,2.8729,2.82,2.8519,59713,236217,54.42,89.45,1.63,-23.29
2022-07-26,2.8526,2.8748,2.8411,2.8538,64546,236201,54.23,89.91,1.59,-45.25
2022-07-27,2.7529,2.7726,2.7305,2.7578,18048,237692,52.74,90.53,1.57,-38.1
2022-07-28,2.6857,2.7314,2.6678,2.7111,48290,240067,53.52,90.99,1.63,-62.42
2022-07-29,2.7443,2.76,2.7202,2.7264,73906,238745,54.36,90.94,1.66,-37.86
2022-08-01,2.6345,2.6548,2.6145,2.6254,44778,241843,55.06,91.32,1.66,-39.19
2022-08-02,2.6452,2.6532,2.6315,2.6484,42425,240027,54.81,90.93,1.67,-43.48
2022-08-03,2.6422,2.6564,2.6256,2.642,73176,239327,54.05,90.67,1.6,-39.8
2022-08-04,2.6581,2.6962,2.6289,2.6681,27674,237468,55.28,90.2,1.64,-47.44
2022-08-05,2.6896,2.7018,2.6565,2.6751,77402,237375,55.53,90.35,1.63,-52.88
2022-08-08,2.757,2.7706,2.7284,2.7404,48053,235614,54.72,89.92,1.61,-49.59
2022-08-09,2.7434,2.758,2.723,2.742,26957,235448,54.97,89.73,1.63,-48.41
2022-08-10,2.7237,2.7332,2.6997,2.7148,68616,237996,53.15,89.36,1.61,-52.69
2022-08-11,2.717,2.72,2.696,2.7155,32829,236709,53.28,89.13,1.56,-53.01
2022-08-12,2.7234,2.7511,2.7021,2.7351,20837,236011,54.02,89.0,1.57,-48.35
2022-08-15,2.7286,2.7506,2.7032,2.7322,79141,238669,53.84,89.0,1.52,-44.38
2022-08-16,2.7299,2.747,2.7114,2.7287,30032,236918,54.65,89.27,1.52,-40.31
2022-08-17,2.6925,2.7127,2.6646,2.6964,41352,236417,55.56,89.1,1.53,-52.48
2022-08-18,2.6647,2.6839,2.6418,2.6666,45215,239294,55.88,89.53,1.53,-50.61
2022-08-19,2.6103,2.6342,2.598,2.6111,71319,242056,57.85,89.78,1.52,-49.0
2022-08-22,2.6731,2.6897,2.6418,2.6738,56247,238513,59.36,89.33,1.57,-38.81
2022-08-23,2.6154,2.6285,2.5962,2.615,58048,239803,60.07,89.56,1.61,-53.86
2022-08-24,2.5709,2.5945,2.5596,2.5797,81714,241348,60.48,89.74,1.59,-48.8
2022-08-25,2.539,2.5646,2.5126,2.5448,50319,243079,60.22,89.97,1.57,-36.84
2022-08-26,2.5665,2.6023,2.5372,2.5771,31025,241792,59.53,89.56,1.56,-51.21
2022-08-29,2.5685,2.581,2.5443,2.5605,24780,241171,60.43,89.78,1.55,-55.39
2022-08-30,2.5872,2.6221,2.5737,2.6048,37706,238774,60.23,89.49,1.55,-44.65
2022-08-31,2.5824,2.601,2.5575,2.5729,57916,239527,59.13,89.32,1.61,-51.61
2022-09-01,2.5909,2.6013,2.5586,2.5795,45856,240006,58.27,89.18,1.6,-67.89
2022-09-02,2.5415,2.5604,2.5174,2.544,24179,240307,57.56,89.71,1.57,-43.43
2022-09-05,2.5975,2.6268,2.5772,2.6193,53623,237010,59.51,89.39,1.55,-36.22
2022-09-06,2.5587,2.5672,2.5417,2.5617,32587,242763,60.47,89.68,1.57,-44.96
2022-09-07,2.571,2.5902,2.5453,2.5715,38733,240943,60.53,89.53,1.56,-35.7
2022-09-08,2.5864,2.609,2.5717,2.5948,18975,238998,61.01,89.33,1.57,-38.63
2022-09-09,2.6037,2.626,2.5806,2.608,60463,238292,61.61,89.32,1.56,-51.11
2022-09-12,2.609,2.6255,2.5815,2.5963,57154,235287,60.68,89.32,1.59,-26.65
2022-09-13,2.5927,2.6032,2.568,2.5872,43830,233985,59.42,89.47,1.58,-41.53
2022-09-14,2.5771,2.601,2.5613,2.5847,61745,234470,60.6,89.57,1.55,-40.67
2022-09-15,2.5624,2.5845,2.5463,2.5756,45609,234669,59.14,89.32,1.54,-52.93
2022-09-16,2.6002,2.6282,2.5859,2.6029,32401,234706,59.15,89.31,1.61,-57.08
2022-09-19,2.6712,2.6814,2.6455,2.673,42729,231266,58.38,89.0,1.64,-51.75
2022-09-20,2.65,2.6657,2.6335,2.6458,60167,232098,58.65,89.0,1.61,-35.26
2022-09-21,2.5836,2.5981,2.5716,2.588,72391,233856,58.39,89.0,1.66,-29.7
2022-09-22,2.5846,2.6046,2.5508,2.5804,73171,233786,59.01,89.0,1.67,-41.94
2022-09-23,2.6948,2.7098,2.6548,2.6782,21647,227931,56.49,89.0,1.65,-41.65
2022-09-26,2.6394,2.653,2.6307,2.6325,36106,229811,57.75,89.0,1.65,-35.13
2022-09-27,2.7117,2.735,2.698,2.7121,21015,225064,58.59,89.0,1.65,-30.02
2022-09-28,2.803,2.8227,2.7972,2.8046,36506,219448,59.73,89.0,1.68,-52.25
2022-09-29,2.762,2.7863,2.7506,2.7652,39067,220454,60.74,89.0,1.69,-26.86
2022-09-30,2.8063,2.8176,2.7925,2.7957,17056,219623,61.11,89.0,1.7,-43.32
2022-10-03,2.8824,2.8969,2.8649,2.8882,44328,215631,60.43,89.0,1.74,-29.02
2022-10-04,2.8597,2.8787,2.8488,2.8593,67832,217732,60.94,89.0,1.73,-47.89
2022-10-05,2.8434,2.8594,2.8243,2.8429,57771,217363,61.29,89.0,1.74,-30.36
2022-10-06,2.8015,2.8282,2.7945,2.806,61515,219007,62.28,89.0,1.75,-52.07
2022-10-07,2.736,2.7652,2.7179,2.7481,79538,223655,62.99,89.0,1.75,-31.51
2022-10-10,2.7131,2.7318,2.6957,2.7103,83650,227033,63.13,89.0,1.77,-36.33
2022-10-11,2.6456,2.6527,2.6191,2.6461,55151,228392,63.63,89.0,1.75,-56.44
2022-10-12,2.6485,2.6774,2.6184,2.6443,16629,227263,64.23,89.0,1.78,-32.27
2022-10-13,2.6004,2.6204,2.5788,2.6048,43155,231078,65.46,89.0,1.76,-52.2
2022-10-14,2.6222,2.6433,2.5973,2.612,33288,231296,67.4,89.0,1.78,-34.05
2022-10-17,2.5357,2.554,2.5073,2.5428,65588,234181,68.09,89.0,1.79,-43.92
2022-10-18,2.5686,2.5868,2.5478,2.5546,51085,233287,68.7,89.0,1.77,-55.5
2022-10-19,2.5729,2.5959,2.5651,2.5874,26251,232084,68.48,89.0,1.82,-52.86
2022-10-20,2.5036,2.5223,2.4846,2.5001,40574,236300,68.13,89.0,1.87,-12.82
2022-10-21,2.519,2.5329,2.4855,2.5152,24623,234981,67.37,89.0,1.84,-26.08
2022-10-24,2.5627,2.5858,2.5475,2.5692,69715,232355,63.88,89.0,1.87,-46.41
2022-10-25,2.5116,2.5319,2.4933,2.5082,21123,234418,62.98,89.0,1.86,-42.23
2022-10-26,2.5982,2.6071,2.58,2.5876,18061,231048,62.83,89.0,1.84,-34.02
2022-10-27,2.5892,2.6201,2.5666,2.6077,54095,229258,62.52,89.0,1.86,-54.83
2022-10-28,2.5721,2.5914,2.5457,2.568,74618,229523,63.05,89.0,1.88,-38.78
2022-10-31,2.5418,2.5915,2.5205,2.5622,43451,231555,62.2,89.0,1.89,-36.37
2022-11-01,2.5775,2.6012,2.5649,2.5855,49814,230423,61.4,89.0,1.88,-41.21
2022-11-02,2.5995,2.6197,2.5738,2.586,52832,232437,59.11,89.0,1.92,-32.46
2022-11-03,2.6011,2.622,2.5925,2.606,24445,229218,59.66,89.0,1.96,-42.58
2022-11-04,2.556,2.594,2.5391,2.5656,48490,229297,58.71,89.0,1.94,-35.29
2022-11-07,2.5681,2.5754,2.5583,2.5697,44767,229672,57.96,89.0,1.94,-42.6
2022-11-08,2.5302,2.5469,2.5046,2.5136,61057,232114,58.61,89.0,1.9,-58.76
2022-11-09,2.4918,2.5128,2.4783,2.5065,56043,231045,57.68,89.0,1.92,-37.89
2022-11-10,2.4621,2.4713,2.4492,2.4704,42946,234033,58.13,89.0,1.96,-35.53
2022-11-11,2.4527,2.4701,2.4285,2.441,51587,234312,56.83,89.0,1.98,-48.47
2022-11-14,2.4976,2.5143,2.4641,2.4828,18364,233869,56.85,89.0,1.95,-57.73
2022-11-15,2.5208,2.536,2.5042,2.5216,84854,232039,56.21,89.0,1.99,-38.19
2022-11-16,2.5328,2.5585,2.5183,2.5429,71088,229796,55.95,89.0,2.06,-42.45
2022-11-17,2.5161,2.5507,2.4822,2.4993,22398,230956,57.65,89.0,2.04,-43.49
2022-11-18,2.4976,2.512,2.4749,2.4849,17452,233250,55.88,89.0,2.06,-44.7
2022-11-21,2.532,2.5513,2.5097,2.5265,48193,231021,57.48,89.0,2.08,-36.9
2022-11-22,2.5229,2.5417,2.5058,2.5295,40345,232053,56.51,89.0,2.11,-42.96
2022-11-23,2.6114,2.6304,2.6041,2.6118,74196,230030,57.5,89.0,2.11,-47.8
2022-11-24,2.6264,2.643,2.6033,2.6277,38053,229218,58.71,89.0,2.16,-57.18
2022-11-25,2.6366,2.6509,2.6225,2.6338,20015,228676,59.22,89.0,2.12,-47.25
2022-11-28,2.6308,2.659,2.6013,2.6186,23657,228874,57.91,89.0,2.07,-35.9
2022-11-29,2.629,2.6532,2.5975,2.6216,66116,229161,58.25,89.0,2.07,-46.41
2022-11-30,2.6047,2.6313,2.5822,2.6137,36951,231324,61.1,89.0,2.13,-36.01
2022-12-01,2.6482,2.6505,2.6195,2.6366,41521,228821,61.15,89.0,2.16,-55.29
2022-12-02,2.6707,2.6855,2.6532,2.668,69431,227671,61.08,89.0,2.12,-51.24
2022-12-05,2.6438,2.6778,2.6151,2.638,25731,229232,60.9,89.0,2.2,-52.33
2022-12-06,2.602,2.6171,2.569,2.5898,33744,229236,61.5,89.1,2.22,-43.05
2022-12-07,2.5131,2.5449,2.5007,2.5221,78094,231217,61.45,89.27,2.19,-30.33
2022-12-08,2.5404,2.5658,2.529,2.5407,33423,229561,61.8,89.25,2.19,-26.11
2022-12-09,2.492,2.5135,2.4884,2.4962,32568,232481,61.51,89.72,2.22,-37.09
2022-12-12,2.3996,2.4223,2.3833,2.4117,62411,237410,60.41,90.13,2.25,-64.41
2022-12-13,2.4304,2.4317,2.4126,2.4277,18934,234440,63.0,90.24,2.25,-53.84
2022-12-14,2.5565,2.5769,2.513,2.5361,23172,230329,62.94,89.53,2.27,-71.11
2022-12-15,2.5191,2.5453,2.5007,2.534,42358,231035,66.49,89.26,2.27,-43.92
2022-12-16,2.5773,2.5952,2.5525,2.5776,81313,229767,67.0,89.22,2.27,-30.64
2022-12-19,2.5856,2.5944,2.5681,2.5803,34763,229829,67.7,89.06,2.29,-37.46
2022-12-20,2.5747,2.5895,2.5502,2.5737,63673,231266,67.4,89.0,2.33,-59.53
2022-12-21,2.6144,2.6322,2.601,2.6153,82975,230800,66.79,89.0,2.3,-31.89
2022-12-22,2.5892,2.6183,2.5677,2.6,22804,229528,66.51,89.0,2.29,-33.76
2022-12-23,2.6122,2.6219,2.6027,2.6103,62594,229006,65.64,89.0,2.27,-30.68
2022-12-26,2.6158,2.6465,2.5975,2.6222,82525,228165,64.66,89.0,2.25,-34.13
2022-12-27,2.5759,2.607,2.5717,2.5941,39604,228742,66.66,89.0,2.21,-48.59
2022-12-28,2.6411,2.6474,2.6158,2.631,37135,226537,67.58,89.0,2.22,-59.15
2022-12-29,2.6307,2.6468,2.6031,2.6227,52918,227134,69.27,89.0,2.18,-33.59
2022-12-30,2.5938,2.6106,2.58,2.5934,65849,226897,70.55,89.0,2.15,-37.53
2023-01-02,2.6134,2.6311,2.6014,2.6115,45847,226887,69.93,89.0,2.15,-60.53
2023-01-03,2.5876,2.6125,2.557,2.5787,58774,227920,68.28,89.0,2.12,-52.62
2023-01-04,2.5803,2.5953,2.5625,2.5784,75709,228983,67.82,89.0,2.14,-52.39
2023-01-05,2.5844,2.6002,2.5634,2.5769,25680,228307,67.96,89.0,2.12,-38.28
2023-01-06,2.6076,2.6199,2.5906,2.6101,70037,226004,69.26,89.0,2.09,-43.93
2023-01-09,2.6356,2.6576,2.5912,2.6246,73914,224217,69.24,89.0,2.16,-45.75
2023-01-10,2.6253,2.6432,2.5986,2.6226,41309,223569,72.55,89.0,2.09,-47.11
2023-01-11,2.6483,2.6626,2.6224,2.6467,25349,221523,72.12,89.0,2.12,-52.63
2023-01-12,2.6781,2.6939,2.6581,2.689,75820,220141,72.81,89.0,2.13,-34.01
2023-01-13,2.7094,2.7361,2.6885,2.7069,49553,220592,72.19,89.0,2.12,-48.04
2023-01-16,2.699,2.7155,2.6972,2.7062,43525,221089,72.68,89.0,2.09,-32.0
2023-01-17,2.6584,2.6771,2.6457,2.6638,20948,222905,72.59,89.0,2.14,-54.56
2023-01-18,2.6208,2.6468,2.607,2.6277,29498,225113,72.36,89.12,2.21,-47.63
2023-01-19,2.6076,2.6257,2.6026,2.6165,33991,225574,71.72,89.0,2.2,-26.97
2023-01-20,2.6139,2.6212,2.5868,2.5962,74790,226521,71.93,89.0,2.19,-42.08
2023-01-23,2.6005,2.6039,2.5852,2.5895,22660,226455,72.89,89.0,2.22,-48.38
2023-01-24,2.6063,2.6274,2.5741,2.5904,41245,227418,71.87,89.0,2.22,-49.53
2023-01-25,2.5948,2.6183,2.573,2.605,15238,223682,71.86,89.0,2.23,-51.29
2023-01-26,2.6029,2.6378,2.5787,2.6023,34920,221244,72.44,89.0,2.25,-40.1
2023-01-27,2.6042,2.6255,2.5849,2.615,61659,221905,73.24,89.0,2.25,-36.06
2023-01-30,2.6103,2.6271,2.5996,2.6161,57517,221620,75.33,89.0,2.26,-41.54
2023-01-31,2.5564,2.5768,2.5519,2.5639,61350,225070,76.02,89.0,2.27,-45.23
2023-02-01,2.5447,2.5624,2.5291,2.5346,43274,225659,75.62,89.0,2.24,-40.19
2023-02-02,2.5264,2.5429,2.5179,2.5296,60013,227893,75.04,89.0,2.22,-57.35
2023-02-03,2.5022,2.5218,2.4831,2.4937,54913,229344,74.45,89.0,2.23,-42.91
2023-02-06,2.5166,2.5268,2.4966,2.5117,60819,229074,73.8,89.0,2.21,-42.07
2023-02-07,2.5767,2.5846,2.5477,2.5578,79910,226463,74.08,89.0,2.3,-42.57
2023-02-08,2.5864,2.6041,2.5677,2.5987,38485,223545,74.59,89.0,2.3,-48.75
2023-02-09,2.6012,2.604,2.5757,2.5908,17860,221812,75.54,89.0,2.25,-50.77
2023-02-10,2.651,2.6646,2.6243,2.6413,64875,220482,76.32,89.0,2.17,-54.23
2023-02-13,2.6384,2.6616,2.6142,2.6466,29919,220718,77.74,89.0,2.19,-30.57
2023-02-14,2.643,2.6559,2.6251,2.6345,24586,221375,77.05,89.0,2.2,-43.78
2023-02-15,2.6163,2.6408,2.5941,2.6135,66986,220954,78.9,89.0,2.24,-47.33
2023-02-16,2.6016,2.6278,2.585,2.6035,38055,223102,78.25,89.0,2.22,-48.36
2023-02-17,2.5843,2.6056,2.5698,2.5911,49890,223787,78.68,89.0,2.22,-52.31
2023-02-20,2.5903,2.6017,2.5682,2.5963,78081,224397,78.52,89.0,2.23,-48.63
2023-02-21,2.618,2.6311,2.5788,2.6009,43807,224186,78.54,89.0,2.23,-33.69
2023-02-22,2.601,2.6139,2.5903,2.601,62177,222874,79.33,89.0,2.22,-39.04
2023-02-23,2.6196,2.6322,2.5975,2.6131,83625,223521,77.79,89.0,2.24,-36.7
2023-02-24,2.6388,2.658,2.6201,2.6455,29242,222604,76.93,89.0,2.22,-34.94
2023-02-27,2.6664,2.686,2.651,2.6731,71317,221144,77.8,89.0,2.24,-23.84
2023-02-28,2.6386,2.653,2.609,2.6295,54978,223627,77.85,89.0,2.29,-43.17
2023-03-01,2.5382,2.5616,2.5202,2.5492,31433,228221,77.61,89.0,2.34,-48.65
2023-03-02,2.5841,2.6054,2.5562,2.5875,48282,227290,76.43,89.0,2.29,-40.53
2023-03-03,2.5327,2.5511,2.5255,2.5324,58578,227716,76.2,89.01,2.27,-39.84
2023-03-06,2.5241,2.5347,2.5078,2.5232,39133,226342,77.0,89.16,2.28,-45.83
2023-03-07,2.476,2.5008,2.4655,2.4774,65317,229282,76.43,89.08,2.32,-54.05
2023-03-08,2.4095,2.4192,2.3876,2.4065,80950,231637,77.98,89.64,2.33,-46.29
2023-03-09,2.4363,2.4424,2.4248,2.4309,74612,229281,79.22,89.29,2.37,-42.75
2023-03-10,2.4697,2.4877,2.4461,2.4639,79873,228242,78.88,89.23,2.35,-43.77
2023-03-13,2.4325,2.451,2.4206,2.4402,77002,228014,78.28,89.13,2.36,-62.82
2023-03-14,2.3369,2.3558,2.3261,2.339,67508,231993,75.29,89.58,2.37,-62.74
2023-03-15,2.3212,2.3227,2.3056,2.3124,53379,234213,74.15,89.6,2.41,-43.66
2023-03-16,2.3382,2.3609,2.3192,2.3315,30231,231536,72.95,89.44,2.44,-52.53
2023-03-17,2.2566,2.2848,2.2362,2.2666,56163,232815,71.43,89.74,2.46,-31.76
2023-03-20,2.2784,2.2848,2.2614,2.2758,46676,230468,71.44,89.79,2.49,-39.08
2023-03-21,2.2614,2.2823,2.2434,2.2758,70535,229434,71.84,89.77,2.45,-61.26
2023-03-22,2.3006,2.3246,2.2764,2.3003,61110,228431,73.88,89.86,2.45,-41.27
2023-03-23,2.3198,2.3305,2.2896,2.3058,61978,227441,74.01,89.7,2.42,-36.28
2023-03-24,2.2634,2.2803,2.2519,2.2703,19752,230843,71.82,89.99,2.4,-54.38
2023-03-27,2.3095,2.3179,2.2921,2.3157,39507,229346,71.05,89.55,2.4,-50.42
2023-03-28,2.316,2.3288,2.2986,2.3104,56495,229562,71.78,90.02,2.33,-54.45
2023-03-29,2.2988,2.3237,2.2868,2.3102,75886,231092,71.74,90.13,2.33,-59.34
2023-03-30,2.2746,2.2977,2.2683,2.2792,15982,230890,72.73,90.11,2.3,-37.01
2023-03-31,2.2694,2.2763,2.2456,2.2651,31146,232564,72.22,90.62,2.27,-72.71
2023-04-03,2.233,2.2437,2.2208,2.2375,69843,233523,73.54,90.88,2.28,-56.98
2023-04-04,2.2313,2.2497,2.216,2.233,38636,233179,73.86,90.73,2.27,-54.93
2023-04-05,2.2917,2.3119,2.2774,2.2863,42332,231514,74.21,90.43,2.28,-48.94
2023-04-06,2.2432,2.2491,2.2235,2.2402,66434,233093,74.43,90.38,2.26,-61.73
2023-04-07,2.1859,2.2055,2.174,2.184,76271,235840,73.64,90.38,2.25,-40.8
2023-04-10,2.2399,2.2569,2.2263,2.2423,77726,233097,73.63,90.39,2.33,-66.76
2023-04-11,2.2372,2.2574,2.2156,2.2346,25108,233811,74.01,90.2,2.35,-66.79
2023-04-12,2.2086,2.2233,2.1903,2.2095,83896,234332,72.52,89.99,2.32,-51.32
2023-04-13,2.2536,2.2544,2.236,2.2503,57553,233608,72.66,89.95,2.36,-61.93
2023-04-14,2.2247,2.2416,2.2199,2.2282,55880,232150,74.05,90.47,2.41,-49.67
2023-04-17,2.2966,2.3185,2.2654,2.2979,67077,229782,74.59,90.41,2.43,-56.33
2023-04-18,2.3212,2.3385,2.2965,2.3286,18625,226131,76.14,90.83,2.4,-42.57
2023-04-19,2.3091,2.322,2.2903,2.3094,53237,226091,76.65,91.53,2.44,-57.7
2023-04-20,2.3925,2.413,2.3815,2.3987,16223,222700,75.71,90.86,2.42,-35.75
2023-04-21,2.3618,2.3715,2.3473,2.3702,74303,221566,76.64,90.93,2.46,-43.25
2023-04-24,2.4089,2.434,2.3946,2.4069,80197,220114,75.44,90.35,2.45,-54.31
2023-04-25,2.424,2.4343,2.3995,2.4224,52760,217771,75.26,89.98,2.45,-42.25
2023-04-26,2.4883,2.5072,2.4647,2.4821,72966,213921,75.01,89.95,2.46,-45.12
2023-04-27,2.5548,2.5741,2.5432,2.5583,44024,209274,74.32,89.64,2.51,-38.16
2023-04-28,2.565,2.5891,2.5482,2.5617,38202,207509,76.99,89.99,2.58,-39.67
2023-05-01,2.5313,2.5499,2.5038,2.5268,66524,207004,76.97,89.95,2.58,-42.41
2023-05-02,2.5539,2.5688,2.5242,2.5503,58908,208432,79.01,89.69,2.57,-44.44
2023-05-03,2.515,2.5324,2.4896,2.5217,51067,209500,79.45,89.98,2.54,-37.88
2023-05-04,2.6134,2.6351,2.5907,2.6122,24360,203943,78.6,89.79,2.5,-33.81
2023-05-05,2.6245,2.6295,2.6062,2.6214,27941,202854,78.21,89.34,2.47,-42.41
2023-05-08,2.6055,2.6262,2.6018,2.6054,30993,203618,78.22,89.36,2.48,-38.74
2023-05-09,2.5986,2.6259,2.58,2.6161,29620,202682,77.9,89.41,2.51,-35.71
2023-05-10,2.5611,2.5852,2.5434,2.5598,35193,203696,77.65,89.88,2.49,-31.15
2023-05-11,2.5363,2.5534,2.5015,2.5185,66559,204475,78.34,90.34,2.51,-33.46
2023-05-12,2.5712,2.5947,2.5544,2.5742,36248,203391,78.8,90.04,2.48,-35.76
2023-05-15,2.5402,2.5629,2.532,2.5461,60852,202973,79.61,89.87,2.46,-48.6
2023-05-16,2.5053,2.5108,2.4829,2.5023,20027,202547,81.35,89.61,2.43,-57.11
2023-05-17,2.5306,2.5416,2.5081,2.5281,78410,200921,80.89,89.43,2.47,-40.68
2023-05-18,2.5911,2.6118,2.5605,2.5812,19260,196213,82.17,89.1,2.52,-39.69
2023-05-19,2.6052,2.6335,2.5825,2.6157,52596,193569,83.76,89.0,2.5,-47.06
2023-05-22,2.6683,2.6929,2.6412,2.6621,24012,189979,85.24,89.0,2.48,-54.1
2023-05-23,2.6359,2.6553,2.6167,2.6309,40823,189891,83.36,89.0,2.5,-29.31
2023-05-24,2.5715,2.5832,2.5555,2.5727,62027,192593,85.4,89.0,2.55,-40.93
2023-05-25,2.6464,2.6583,2.626,2.6435,40099,189716,84.75,89.0,2.6,-53.4
2023-05-26,2.6388,2.6563,2.6126,2.6301,51992,189352,82.79,89.0,2.59,-44.48
2023-05-29,2.6283,2.6305,2.5979,2.621,25977,189648,84.79,89.0,2.58,-55.0
2023-05-30,2.6726,2.7103,2.6513,2.6824,71234,185858,85.42,89.0,2.55,-36.56
2023-05-31,2.7184,2.7386,2.6804,2.7113,62376,185039,86.08,89.0,2.54,-26.05
2023-06-01,2.7343,2.7605,2.7023,2.7349,48978,182203,85.78,89.0,2.54,-42.88
2023-06-02,2.8349,2.8423,2.8155,2.8342,24218,177933,86.03,89.0,2.5,-40.1
2023-06-05,2.8029,2.8292,2.7943,2.8022,36788,179662,85.94,89.0,2.48,-42.3
2023-06-06,2.8525,2.8874,2.8258,2.8539,35501,180139,85.31,89.0,2.49,-40.83
2023-06-07,2.8708,2.88,2.8453,2.8599,30210,177764,85.39,89.0,2.45,-45.4
2023-06-08,2.8756,2.9001,2.8627,2.8764,60489,180208,85.58,89.0,2.46,-26.72
2023-06-09,2.9415,2.971,2.9254,2.9521,78721,177710,84.18,89.0,2.49,-35.3
2023-06-12,2.9782,2.99,2.9623,2.982,57653,178557,84.3,89.0,2.51,-35.82
2023-06-13,3.0142,3.037,2.9888,3.0125,55950,178271,82.39,89.0,2.5,-37.67
2023-06-14,3.0808,3.1066,3.0605,3.0687,23916,174610,84.56,89.0,2.53,-45.45
2023-06-15,3.0599,3.075,3.0424,3.054,80911,176060,84.51,89.0,2.58,-26.94
2023-06-16,3.0098,3.0458,2.988,3.018,46449,176882,83.39,89.0,2.59,-23.54
2023-06-19,2.9971,3.0042,2.95,2.9735,35782,178778,84.01,89.0,2.59,-52.35
2023-06-20,2.89,2.8981,2.8647,2.8876,35243,181234,83.25,89.0,2.57,-32.22
2023-06-21,3.0128,3.033,2.9871,3.0006,44379,175335,83.28,89.0,2.56,-28.66
2023-06-22,2.9332,2.9536,2.9213,2.9346,52780,179381,83.84,89.0,2.59,-26.39
2023-06-23,2.9293,2.943,2.9091,2.9243,45740,180370,82.78,89.0,2.65,-27.27
2023-06-26,2.9195,2.9438,2.8914,2.9117,34984,182166,84.98,89.0,2.64,-15.36
2023-06-27,2.9439,2.9664,2.9033,2.9325,15050,179553,87.29,89.0,2.63,-33.95
2023-06-28,2.9894,3.0146,2.9749,2.9793,21590,175202,86.77,89.0,2.62,-27.98
2023-06-29,3.037,3.0555,3.0107,3.0285,55205,174310,85.6,89.0,2.6,-35.32
2023-06-30,2.9991,3.0257,2.9895,3.0021,30162,176732,85.07,89.0,2.57,-42.78
2023-07-03,2.9923,3.0138,2.985,2.9978,64746,177179,84.61,89.0,2.58,-30.02
2023-07-04,3.0184,3.0526,2.9889,3.0152,28105,176899,85.89,89.0,2.54,-27.25
2023-07-05,3.0172,3.0306,2.985,3.0082,52499,178252,85.38,89.0,2.53,-32.93
2023-07-06,3.0792,3.1167,3.0562,3.0814,51641,175176,84.17,89.0,2.53,-48.48
2023-07-07,3.1199,3.1401,3.0825,3.1093,26628,174564,84.34,89.0,2.49,-46.13
2023-07-10,3.1625,3.1723,3.1314,3.1479,57032,173805,82.76,89.0,2.47,-26.52
2023-07-11,3.1737,3.2138,3.1566,3.183,80029,172114,83.99,89.0,2.43,-35.45
2023-07-12,3.2324,3.2628,3.1947,3.2411,53516,169084,84.71,89.0,2.47,-28.15
2023-07-13,3.253,3.282,3.2341,3.2545,16476,168940,84.11,89.0,2.51,-26.81
2023-07-14,3.2041,3.234,3.1748,3.2009,55800,174069,83.63,89.0,2.49,-32.95
2023-07-17,3.219,3.2477,3.1983,3.2244,50788,171995,83.97,89.0,2.57,-33.69
2023-07-18,3.2137,3.2296,3.1936,3.1999,41240,172580,82.82,89.0,2.54,-33.11
2023-07-19,3.186,3.2138,3.177,3.1817,25922,171292,82.01,89.0,2.53,-27.34
2023-07-20,3.2117,3.2323,3.1952,3.2113,79198,170481,81.82,89.0,2.55,-27.69
2023-07-21,3.2529,3.2942,3.2237,3.2679,73739,167298,80.43,89.0,2.57,-37.43
2023-07-24,3.2601,3.2779,3.233,3.2739,27089,165348,79.99,89.0,2.56,-30.65
2023-07-25,3.295,3.3196,3.2637,3.292,47600,164457,78.87,89.0,2.59,-39.18
2023-07-26,3.3439,3.3833,3.3303,3.3669,61176,162880,80.5,89.0,2.63,-24.29
2023-07-27,3.3945,3.4296,3.3487,3.3835,23167,161711,80.12,89.0,2.63,-32.29
2023-07-28,3.5054,3.5349,3.4911,3.5072,36164,155832,79.14,89.0,2.62,-19.74
2023-07-31,3.5842,3.6089,3.5229,3.5474,46415,155770,79.94,89.0,2.61,-27.1
2023-08-01,3.4763,3.5024,3.4288,3.4508,73650,160111,79.31,89.0,2.58,-17.26
2023-08-02,3.5033,3.5193,3.4823,3.5053,73981,156209,78.16,89.0,2.55,-14.56
2023-08-03,3.5342,3.5718,3.5002,3.5354,15615,155681,79.2,89.0,2.57,-21.52
2023-08-04,3.6321,3.6726,3.6036,3.6206,60612,153197,78.9,89.0,2.57,-26.71
2023-08-07,3.6906,3.7176,3.659,3.6706,56936,150706,79.89,89.0,2.56,-30.56
2023-08-08,3.6489,3.7056,3.6252,3.6681,44372,150975,79.93,89.0,2.55,-14.46
2023-08-09,3.5812,3.6199,3.5616,3.6018,82875,152385,80.14,89.0,2.53,-24.53
2023-08-10,3.5882,3.6115,3.536,3.5954,76700,151629,80.82,89.0,2.53,-23.68
2023-08-11,3.5599,3.583,3.5248,3.5533,23109,153124,80.18,89.0,2.53,-28.24
2023-08-14,3.5329,3.5592,3.5082,3.5273,38758,154386,79.35,89.0,2.53,-37.21
2023-08-15,3.5773,3.5967,3.5513,3.5651,28317,151941,80.74,89.0,2.52,-15.56
2023-08-16,3.6457,3.6879,3.6388,3.6598,84001,147235,81.43,89.0,2.5,-23.52
2023-08-17,3.6626,3.7162,3.6481,3.6899,66423,145732,81.42,89.0,2.5,-38.03
2023-08-18,3.6389,3.6534,3.6047,3.6289,40622,147279,82.36,89.0,2.52,-24.6
2023-08-21,3.6516,3.6893,3.6156,3.6613,21800,145498,83.02,89.0,2.5,-34.29
2023-08-22,3.7114,3.7671,3.6774,3.7355,50539,143547,84.11,89.0,2.43,-16.27
2023-08-23,3.7084,3.7336,3.6809,3.7067,17600,144127,82.92,89.0,2.39,-18.02
2023-08-24,3.7154,3.7494,3.6852,3.706,44369,143078,82.91,89.0,2.43,-9.06
2023-08-25,3.7122,3.7266,3.686,3.7137,31689,145233,84.22,89.0,2.46,-34.28
2023-08-28,3.6757,3.7088,3.6567,3.6811,53469,146971,86.12,89.0,2.48,-10.16
2023-08-29,3.7185,3.7338,3.6793,3.7204,15958,144275,85.59,89.0,2.49,-17.18
2023-08-30,3.7172,3.7355,3.6951,3.7216,75012,144993,85.83,89.0,2.53,-33.19
2023-08-31,3.7323,3.7668,3.7091,3.7485,84074,144090,85.91,89.0,2.52,-5.5
2023-09-01,3.707,3.7309,3.703,3.7155,75021,144891,84.61,89.0,2.52,-22.75
2023-09-04,3.709,3.7278,3.6808,3.7028,65782,145404,84.35,89.0,2.5,-32.07
2023-09-05,3.7459,3.7679,3.7105,3.742,74315,143290,82.68,89.0,2.49,-12.32
2023-09-06,3.735,3.7664,3.7187,3.733,39642,144883,82.56,89.0,2.55,-30.6
2023-09-07,3.8026,3.8362,3.7851,3.8147,15205,142024,81.48,89.0,2.53,-9.88
2023-09-08,3.8005,3.8126,3.7689,3.8027,27442,139993,81.73,89.0,2.49,-21.58
2023-09-11,3.7944,3.8559,3.7835,3.821,20691,141453,81.45,89.0,2.49,-22.55
2023-09-12,3.8739,3.8909,3.8371,3.8717,53909,138825,81.15,89.0,2.48,-29.63
2023-09-13,3.831,3.8549,3.7941,3.8136,34504,143507,82.92,89.0,2.49,-28.6
2023-09-14,3.7173,3.7628,3.6969,3.7349,79270,147907,83.06,89.0,2.51,-19.94
2023-09-15,3.6525,3.6846,3.639,3.6594,73051,151603,85.19,89.0,2.5,-36.75
2023-09-18,3.7456,3.7794,3.7144,3.7417,53798,147786,85.75,89.0,2.56,-15.31
2023-09-19,3.7302,3.7582,3.6696,3.7153,64330,152285,86.71,89.0,2.6,-26.15
2023-09-20,3.8726,3.895,3.8405,3.8782,56716,144628,85.81,89.0,2.58,-21.81
2023-09-21,3.8329,3.8861,3.8163,3.8414,61982,145479,85.11,89.0,2.58,-14.22
2023-09-22,3.8394,3.8902,3.8041,3.8637,42444,143778,85.19,89.0,2.59,-20.46
2023-09-25,3.9852,4.0093,3.9614,3.9839,39734,138370,86.59,89.0,2.57,-5.86
2023-09-26,4.1827,4.2189,4.1152,4.1555,56745,130647,86.25,89.0,2.51,-30.32
2023-09-27,4.3729,4.4035,4.3326,4.369,49571,122244,84.74,89.0,2.57,-1.82
2023-09-28,4.5251,4.5587,4.5221,4.5254,30389,116116,85.24,89.0,2.54,-5.29
2023-09-29,4.6712,4.729,4.6478,4.6664,60038,110683,85.37,89.0,2.56,-8.26
2023-10-02,4.7537,4.7812,4.7125,4.7539,60168,106471,84.83,89.0,2.58,7.14
2023-10-03,4.8504,4.8905,4.8175,4.8631,82690,102369,84.48,89.0,2.56,6.25
2023-10-04,4.8187,4.8508,4.7871,4.806,26230,105876,83.59,89.0,2.62,2.06
2023-10-05,4.7258,4.7682,4.6994,4.7224,20902,109543,84.66,89.0,2.62,-3.7
2023-10-06,4.733,4.7462,4.7241,4.7327,81758,109414,84.75,89.0,2.63,-7.34
2023-10-09,4.711,4.7338,4.6818,4.7258,42050,110661,85.08,89.0,2.58,-10.66
2023-10-10,4.7123,4.7357,4.6378,4.6927,84110,112404,84.49,89.0,2.52,9.46
2023-10-11,4.7777,4.7895,4.7279,4.7676,34575,109401,86.02,89.0,2.51,6.38
2023-10-12,4.8566,4.8914,4.7999,4.8652,73940,106698,86.32,89.0,2.55,6.14
2023-10-13,4.9003,4.9375,4.843,4.8846,55244,106088,84.03,89.0,2.5,-1.94
2023-10-16,5.0164,5.0458,4.9719,5.0244,29962,99067,84.6,89.0,2.5,21.78
2023-10-17,4.9173,4.9443,4.8624,4.9296,39450,101719,84.37,89.0,2.51,-3.31
2023-10-18,4.911,4.9553,4.875,4.923,68494,102151,84.25,89.0,2.54,-0.75
2023-10-19,4.8441,4.913,4.8151,4.8717,60037,104062,85.41,89.0,2.58,16.84
2023-10-20,4.7345,4.7455,4.6854,4.7274,45041,111526,85.57,89.0,2.58,-1.9
2023-10-23,4.7032,4.7705,4.6564,4.7309,25715,113261,87.52,89.0,2.58,13.39
2023-10-24,4.713,4.7712,4.6882,4.7316,36803,111994,87.69,89.0,2.56,1.85
2023-10-25,4.8376,4.9122,4.8149,4.8699,83906,104708,87.24,89.0,2.52,-2.98
2023-10-26,4.9384,4.9859,4.9051,4.9398,76726,101533,85.31,89.0,2.51,1.13
2023-10-27,4.8589,4.918,4.8181,4.8612,16908,104110,84.58,89.0,2.47,-4.87
2023-10-30,5.0342,5.0674,4.9923,5.0395,52075,95820,84.29,89.0,2.47,10.68
2023-10-31,5.1633,5.2151,5.1479,5.1806,79587,88827,85.97,89.0,2.47,18.01
2023-11-01,5.238,5.2861,5.1802,5.2577,68648,84149,85.52,89.0,2.46,13.13
2023-11-02,5.2546,5.2882,5.2213,5.2468,36134,85630,87.39,89.0,2.47,11.35
2023-11-03,5.1561,5.2173,5.1263,5.1652,71143,89392,86.19,89.0,2.45,-1.53
2023-11-06,5.1473,5.1636,5.1203,5.1421,84123,92628,85.4,89.0,2.48,16.14
2023-11-07,5.2411,5.2788,5.1734,5.256,60153,87934,86.71,89.0,2.49,16.26
2023-11-08,5.4547,5.5076,5.4134,5.4515,17413,80682,86.11,89.0,2.47,15.39
2023-11-09,5.6655,5.7154,5.6174,5.642,37555,71235,87.38,89.0,2.44,14.28
2023-11-10,5.6059,5.6368,5.548,5.5954,25952,72443,86.54,89.0,2.44,16.28
2023-11-13,5.4721,5.5256,5.4269,5.4793,83993,80332,85.8,89.0,2.47,5.85
2023-11-14,5.5145,5.5543,5.4772,5.51,81686,78220,86.57,89.0,2.49,1.67
2023-11-15,5.3293,5.3867,5.2844,5.3334,47264,85028,85.74,89.0,2.52,8.12
2023-11-16,5.386,5.4214,5.3621,5.3859,62553,81260,85.5,89.0,2.54,4.41
2023-11-17,5.3778,5.4311,5.3497,5.3834,69359,83672,86.0,89.0,2.58,7.35
2023-11-20,5.3458,5.4167,5.3374,5.3486,24808,84908,85.78,89.0,2.6,6.82
2023-11-21,5.2098,5.2506,5.1895,5.2063,67330,91796,85.22,89.0,2.61,7.46
2023-11-22,5.2578,5.309,5.2012,5.2746,53345,88904,83.96,89.0,2.6,8.27
2023-11-23,5.2178,5.2774,5.1637,5.2348,84617,89827,85.61,89.0,2.62,-17.26
2023-11-24,5.1145,5.1657,5.0808,5.1373,54222,93859,87.47,89.0,2.55,9.7
2023-11-27,4.8558,4.94,4.8051,4.8808,72755,106416,87.9,89.0,2.59,2.73
2023-11-28,4.8715,4.924,4.8421,4.8906,23933,104504,87.71,89.0,2.61,9.98
2023-11-29,5.1183,5.1477,5.0859,5.1157,83207,95183,87.57,89.0,2.66,4.5
2023-11-30,5.3464,5.3853,5.3114,5.3617,58739,85834,88.55,89.0,2.63,20.45
2023-12-01,5.314,5.3619,5.2729,5.3053,62738,88723,89.75,89.0,2.66,8.81
2023-12-04,5.2335,5.2779,5.2021,5.2329,36883,93581,89.21,89.0,2.69,11.55
2023-12-05,5.2784,5.3396,5.2298,5.3119,58401,88381,90.46,89.0,2.67,2.44
2023-12-06,5.2082,5.2487,5.1622,5.1973,30380,91341,91.2,89.0,2.66,17.6
2023-12-07,5.264,5.2786,5.2078,5.2504,33212,89243,92.42,89.0,2.66,20.06
2023-12-08,5.3414,5.3951,5.2938,5.3584,43174,83680,90.72,89.0,2.65,27.18
2023-12-11,5.5293,5.5706,5.4814,5.5219,21861,77377,90.32,89.0,2.61,9.83
2023-12-12,5.5098,5.5829,5.4873,5.5249,21094,76869,90.19,89.0,2.65,19.0
2023-12-13,5.5184,5.5435,5.4993,5.5167,66319,77415,89.74,89.0,2.62,2.1
2023-12-14,5.4146,5.4547,5.3779,5.4366,61728,81116,91.91,89.0,2.59,-3.31
2023-12-15,5.3338,5.3874,5.3017,5.3646,39363,84492,91.52,89.0,2.62,16.08
2023-12-18,5.3501,5.3738,5.3147,5.3567,54300,84196,92.1,89.0,2.58,10.17
2023-12-19,5.4057,5.4598,5.3713,5.4078,69808,80259,92.32,89.0,2.57,1.23
2023-12-20,5.5016,5.5643,5.4322,5.5086,20943,75460,92.07,89.0,2.55,15.69
2023-12-21,5.4294,5.4891,5.4119,5.45,57616,79837,91.35,89.0,2.6,20.94
2023-12-22,5.5958,5.6553,5.5867,5.603,40287,72221,93.67,89.0,2.63,16.6
2023-12-25,5.5971,5.6347,5.552,5.5923,48971,71966,93.49,89.0,2.61,26.29
2023-12-26,5.6059,5.6413,5.5751,5.6067,71152,71507,94.51,89.0,2.58,10.52
2023-12-27,5.5603,5.5914,5.5173,5.5571,57351,72326,94.56,89.0,2.6,24.35
2023-12-28,5.3567,5.3986,5.3148,5.3682,75040,82031,94.12,89.0,2.62,8.1
2023-12-29,5.4986,5.5133,5.4262,5.4781,75616,75788,94.3,89.0,2.61,24.02
2024-01-01,5.552,5.6122,5.5365,5.573,38897,71170,94.7,89.0,2.59,4.65
2024-01-02,5.5691,5.6041,5.5322,5.5604,38010,74784,94.24,89.0,2.59,17.17
2024-01-03,5.6047,5.6504,5.5421,5.5836,55154,72368,93.46,89.0,2.61,17.62
2024-01-04,5.6572,5.6946,5.6019,5.6485,35114,71215,94.05,89.0,2.66,21.03
2024-01-05,5.5232,5.56,5.4587,5.5268,34050,76837,94.24,89.0,2.72,11.55
2024-01-08,5.4839,5.5169,5.4361,5.4932,36125,78664,93.58,89.0,2.7,17.53
2024-01-09,5.6013,5.638,5.5478,5.5828,65396,73660,92.61,89.0,2.7,13.97
2024-01-10,5.4621,5.5319,5.4387,5.4871,59846,78925,93.05,89.0,2.74,9.27
2024-01-11,5.514,5.5514,5.4861,5.5312,35396,76502,91.0,89.0,2.71,26.64
2024-01-12,5.4227,5.4655,5.3957,5.4296,53973,79696,90.77,89.0,2.7,13.26
2024-01-15,5.5109,5.5491,5.4454,5.4892,38574,78761,90.98,89.0,2.72,0.92
2024-01-16,5.5097,5.5354,5.4644,5.503,28869,77677,92.95,89.0,2.71,8.34
2024-01-17,5.3704,5.414,5.353,5.3871,81194,80661,93.03,89.0,2.66,24.08
2024-01-18,5.5039,5.5477,5.4744,5.5094,77167,74835,92.75,89.0,2.64,6.46
2024-01-19,5.4473,5.4781,5.4009,5.458,71147,78118,93.13,89.0,2.67,17.76
2024-01-22,5.3899,5.4413,5.3508,5.4022,27122,81407,92.4,89.0,2.68,6.14
2024-01-23,5.4539,5.477,5.3947,5.4369,58827,79077,92.22,89.0,2.63,0.51
2024-01-24,5.5269,5.601,5.4863,5.5513,28335,72756,92.31,89.0,2.61,19.11
2024-01-25,5.5086,5.5744,5.4239,5.4804,78576,74307,93.06,89.0,2.67,10.82
2024-01-26,5.5179,5.5418,5.465,5.5033,36677,73249,92.38,89.0,2.67,27.57
2024-01-29,5.5758,5.6185,5.526,5.5564,43223,71041,92.43,89.0,2.66,24.7
2024-01-30,5.6215,5.656,5.5978,5.6298,44814,68588,90.52,89.0,2.66,27.35
2024-01-31,5.6592,5.7123,5.6196,5.6619,58185,66965,91.15,89.0,2.67,26.3
2024-02-01,5.6265,5.6714,5.6234,5.6524,57325,67178,90.96,89.0,2.66,22.91
2024-02-02,5.6015,5.6533,5.5681,5.6109,55503,68711,93.09,89.0,2.7,4.61
2024-02-05,5.6442,5.6685,5.602,5.6353,34514,67797,93.53,89.0,2.69,14.72
2024-02-06,5.6033,5.6362,5.5628,5.5802,71196,70116,92.64,89.0,2.72,21.31
2024-02-07,5.3782,5.4185,5.3557,5.3973,35917,79473,91.49,89.0,2.77,9.48
2024-02-08,5.45,5.5021,5.4045,5.4564,69699,77187,92.28,89.0,2.78,12.87
2024-02-09,5.5543,5.5814,5.5157,5.557,65119,72789,94.32,89.0,2.75,21.3
2024-02-12,5.3386,5.404,5.303,5.3626,40061,81487,96.01,89.0,2.76,20.23
2024-02-13,5.2799,5.3093,5.2323,5.2699,24947,84529,94.74,89.0,2.74,1.56
2024-02-14,5.3425,5.3877,5.307,5.3549,47632,80703,95.02,89.0,2.77,16.79
2024-02-15,5.5909,5.6322,5.5384,5.5944,34352,69149,96.32,89.0,2.78,20.69
2024-02-16,5.6077,5.6415,5.5701,5.6158,38653,68602,94.9,89.0,2.78,7.91
2024-02-19,5.5328,5.5851,5.5167,5.5468,82115,71457,96.1,89.0,2.75,11.48
2024-02-20,5.5441,5.6,5.4869,5.5442,58755,73571,95.38,89.0,2.69,16.16
2024-02-21,5.7103,5.7401,5.6687,5.7142,52921,64406,95.2,89.0,2.67,30.1
2024-02-22,5.6513,5.7101,5.6231,5.658,74003,63215,95.57,89.0,2.69,13.63
2024-02-23,5.5754,5.6443,5.5564,5.5884,61668,66668,96.8,89.0,2.73,19.32
2024-02-26,5.5612,5.5859,5.5147,5.5555,70175,67377,98.54,89.0,2.72,25.04
2024-02-27,5.507,5.5229,5.4445,5.478,62738,71057,98.24,89.0,2.69,29.32
2024-02-28,5.5115,5.5508,5.4529,5.509,68452,68180,97.77,89.0,2.7,16.11
2024-02-29,5.7015,5.7304,5.6517,5.6834,83323,62622,97.23,89.0,2.72,-0.35
2024-03-01,5.712,5.8,5.6868,5.7375,61149,59724,98.14,89.0,2.74,26.6
2024-03-04,5.7345,5.7717,5.6826,5.7316,30839,59140,99.3,89.0,2.75,20.43
2024-03-05,5.7033,5.749,5.654,5.7234,17155,61778,100.34,89.0,2.81,11.29
2024-03-06,5.5767,5.6236,5.5386,5.6032,22019,68195,100.69,89.0,2.85,22.11
2024-03-07,5.695,5.76,5.6492,5.7085,69512,65124,101.15,89.0,2.81,34.03
2024-03-08,5.7426,5.7714,5.6847,5.7208,76690,64364,100.96,89.0,2.77,20.19
2024-03-11,5.7416,5.7788,5.6844,5.7242,41190,64267,100.86,89.0,2.74,4.7
2024-03-12,6.0325,6.0849,5.9724,6.0278,25928,55000,101.86,89.0,2.77,36.83
2024-03-13,6.0588,6.1206,6.0107,6.0887,63425,55000,102.2,89.0,2.72,25.97
2024-03-14,6.0123,6.0539,5.9762,6.0161,63974,55000,101.74,89.0,2.74,30.38
2024-03-15,5.9918,6.0299,5.9283,5.986,62796,55000,103.0,89.0,2.73,24.25
2024-03-18,6.1426,6.192,6.1348,6.1392,63743,55000,102.39,89.0,2.7,30.66
2024-03-19,6.138,6.2227,6.0681,6.1744,52677,55000,102.61,89.0,2.7,33.15
2024-03-20,6.0201,6.0727,6.0062,6.0373,71321,55000,101.3,89.0,2.7,31.61
2024-03-21,6.1653,6.207,6.1351,6.1666,73973,55000,100.31,89.0,2.73,28.58
2024-03-22,6.121,6.1547,6.072,6.1105,67414,55000,100.39,89.0,2.68,19.75
2024-03-25,6.302,6.3647,6.2636,6.3466,40602,55000,99.68,89.0,2.65,32.58
2024-03-26,6.5114,6.5605,6.454,6.5148,44692,55000,99.48,89.0,2.63,41.0
2024-03-27,6.4799,6.5508,6.4519,6.4769,63750,55000,100.87,89.0,2.65,27.13
2024-03-28,6.6864,6.7149,6.6214,6.6683,36760,55000,100.79,89.0,2.64,27.96
2024-03-29,6.7166,6.7471,6.6681,6.7017,83456,55000,101.83,89.0,2.68,49.36
2024-04-01,6.8127,6.842,6.7517,6.8,39085,55000,101.03,89.0,2.67,54.38
2024-04-02,6.7826,6.8553,6.7401,6.8,78964,55000,101.69,89.0,2.67,40.33
2024-04-03,6.7585,6.8508,6.7135,6.8,37925,55000,100.64,89.0,2.72,45.11
2024-04-04,6.7839,6.8333,6.7494,6.7924,20615,55000,100.42,89.0,2.67,43.04
2024-04-05,6.8218,6.8503,6.7648,6.8,52083,55000,101.12,89.0,2.67,21.47
2024-04-08,6.8303,6.8753,6.7518,6.8,83319,55000,101.19,89.0,2.67,41.76
2024-04-09,6.8155,6.8335,6.7411,6.8,24605,55000,102.28,89.0,2.64,52.46
2024-04-10,6.8093,6.8552,6.7662,6.8,59608,55000,103.07,89.0,2.64,30.02
2024-04-11,6.8083,6.866,6.7707,6.8,34192,55000,102.79,89.0,2.65,29.24
2024-04-12,6.7879,6.8231,6.7344,6.8,18331,55000,104.27,89.0,2.63,33.79
2024-04-15,6.7972,6.8185,6.7542,6.8,66330,55000,104.8,89.0,2.63,35.97
2024-04-16,6.8363,6.9056,6.7429,6.8,64949,55000,104.58,89.0,2.6,45.67
2024-04-17,6.7795,6.8335,6.7508,6.8,83382,55000,104.8,89.0,2.6,51.23
2024-04-18,6.8351,6.8972,6.7855,6.8,52586,55000,104.95,89.0,2.62,51.03
2024-04-19,6.793,6.841,6.7582,6.8,67243,55000,105.22,89.0,2.65,45.56
2024-04-22,6.8288,6.8697,6.769,6.8,73618,55000,105.12,89.0,2.69,26.48
2024-04-23,6.7694,6.8507,6.7272,6.8,22549,55000,105.58,89.0,2.69,26.44
2024-04-24,6.8127,6.8418,6.7669,6.8,67494,55000,106.5,89.0,2.68,46.24
2024-04-25,6.784,6.8457,6.7284,6.8,38958,55000,107.02,89.0,2.7,26.51
2024-04-26,6.7692,6.8373,6.7304,6.8,52538,55000,107.51,89.0,2.74,44.72
2024-04-29,6.8048,6.8268,6.754,6.8,20833,55000,107.45,89.0,2.74,42.36
2024-04-30,6.822,6.871,6.7539,6.8,38386,55000,106.53,89.0,2.79,36.06
2024-05-01,6.7816,6.8392,6.7349,6.8,39832,55000,105.33,89.0,2.81,18.36
2024-05-02,6.7674,6.841,6.7243,6.8,53930,55000,104.61,89.0,2.79,41.72
2024-05-03,6.798,6.8238,6.7461,6.8,47407,55000,104.2,89.0,2.78,44.35
2024-05-06,6.7981,6.8695,6.7676,6.8,19073,55000,106.09,89.0,2.78,35.27
2024-05-07,6.8119,6.8697,6.7336,6.8,32667,55000,107.52,89.0,2.73,30.72
2024-05-08,6.8207,6.88,6.7603,6.8,31035,55000,106.92,89.0,2.72,42.49
2024-05-09,6.7987,6.8385,6.7766,6.8,21732,55000,107.46,89.0,2.75,27.66
2024-05-10,6.8404,6.8557,6.7534,6.8,70097,55000,107.44,89.0,2.79,45.24
2024-05-13,6.8049,6.8803,6.7704,6.8,18487,55000,107.75,89.0,2.8,48.97
2024-05-14,6.7925,6.8425,6.7381,6.8,72702,55000,107.19,89.0,2.82,23.34
2024-05-15,6.7649,6.8313,6.6853,6.8,44075,55000,109.71,89.0,2.81,35.51
2024-05-16,6.7943,6.8503,6.7636,6.8,29781,55000,111.81,89.0,2.79,39.59
2024-05-17,6.7927,6.8626,6.7438,6.8,54865,55000,111.54,89.0,2.81,39.84
2024-05-20,6.8209,6.864,6.7851,6.8,23469,55000,110.93,89.0,2.8,32.53
2024-05-21,6.8101,6.8745,6.7491,6.8,60167,55000,112.0,89.0,2.85,28.64
2024-05-22,6.7743,6.8612,6.7452,6.8,34928,55000,110.72,89.0,2.86,36.09
2024-05-23,6.8037,6.8297,6.7667,6.8,54599,55000,111.7,89.0,2.88,45.48
2024-05-24,6.8146,6.8471,6.7745,6.8,31775,55000,111.88,89.0,2.84,44.85
2024-05-27,6.8332,6.8923,6.7445,6.8,81504,55000,110.36,89.0,2.78,44.95
2024-05-28,6.8193,6.82,6.74,6.8,41804,55000,110.24,89.0,2.79,50.63
2024-05-29,6.8166,6.8577,6.7561,6.8,47259,55000,109.56,89.0,2.78,31.1
2024-05-30,6.8013,6.8215,6.7706,6.8,58560,55000,109.79,89.0,2.81,36.79
2024-05-31,6.8084,6.8441,6.7305,6.8,42256,55000,109.9,89.0,2.78,38.43
2024-06-03,6.8272,6.8658,6.7687,6.8,21125,55000,108.47,89.0,2.76,15.5
2024-06-04,6.771,6.8377,6.7628,6.8,19370,55000,108.15,89.0,2.8,41.91
2024-06-05,6.7924,6.8345,6.7414,6.8,19838,55000,108.83,89.0,2.81,39.75
2024-06-06,6.7832,6.8256,6.7577,6.8,72429,55000,109.7,89.0,2.78,30.34
2024-06-07,6.8083,6.8892,6.7403,6.8,18134,55000,109.34,89.0,2.79,47.41
2024-06-10,6.8268,6.9008,6.7627,6.8,58199,55000,109.9,89.0,2.84,46.87
2024-06-11,6.787,6.8246,6.7336,6.8,48822,55000,110.24,89.0,2.85,43.4
2024-06-12,6.748,6.8693,6.6816,6.8,35113,55000,110.22,89.0,2.84,25.47
2024-06-13,6.791,6.837,6.7672,6.8,78594,55000,110.78,89.0,2.87,31.73
2024-06-14,6.8199,6.8655,6.7657,6.8,17669,55000,109.81,89.0,2.88,42.58
2024-06-17,6.8117,6.8542,6.7577,6.8,64427,55000,109.86,89.0,2.93,35.44
2024-06-18,6.8093,6.8421,6.7314,6.8,27938,55000,108.14,89.0,2.95,38.04
2024-06-19,6.7939,6.8596,6.7611,6.8,20717,55000,108.13,89.0,2.98,30.64
2024-06-20,6.7722,6.8456,6.7384,6.8,62659,55000,109.74,89.0,3.02,41.63
2024-06-21,6.8112,6.8469,6.7487,6.8,79575,55000,109.43,89.0,3.02,52.79
2024-06-24,6.7818,6.8222,6.7477,6.8,31289,55000,110.94,89.0,3.0,42.75
2024-06-25,6.8475,6.8764,6.754,6.8,39406,55000,110.65,89.0,2.96,48.26
2024-06-26,6.8124,6.8291,6.7818,6.8,27873,55000,109.5,89.0,2.95,47.46
2024-06-27,6.7874,6.8437,6.7077,6.8,38461,55000,110.28,89.0,2.92,36.96
2024-06-28,6.7867,6.824,6.7652,6.8,35710,55000,110.83,89.0,2.93,38.42
2024-07-01,6.798,6.8392,6.7597,6.8,28448,55000,113.43,89.0,2.91,52.5
2024-07-02,6.7948,6.8659,6.7518,6.8,30198,55000,112.39,89.0,2.94,46.23
2024-07-03,6.8243,6.8874,6.7253,6.8,82938,55000,112.83,89.0,2.96,48.17
2024-07-04,6.8041,6.8471,6.7781,6.8,65799,55000,113.3,89.0,2.95,41.42
2024-07-05,6.7841,6.8421,6.7082,6.8,49961,55000,114.51,89.0,2.98,36.67
2024-07-08,6.8411,6.9153,6.7441,6.8,58007,55000,115.14,89.0,2.99,37.7
2024-07-09,6.8011,6.8531,6.7497,6.8,80470,55000,114.86,89.0,2.94,51.71
2024-07-10,6.8167,6.8549,6.7725,6.8,67256,55000,113.73,89.0,2.91,39.99
2024-07-11,6.7868,6.8202,6.734,6.8,35739,55000,114.15,89.0,2.89,50.61
2024-07-12,6.8079,6.8578,6.7683,6.8,73186,55000,114.61,89.0,2.89,51.94
2024-07-15,6.8068,6.8639,6.7358,6.8,41547,55000,115.35,89.0,2.87,47.83
2024-07-16,6.7589,6.8332,6.7312,6.8,66431,55000,115.07,89.0,2.86,46.83
2024-07-17,6.8439,6.8922,6.7583,6.8,40476,55000,115.42,89.0,2.88,54.42
2024-07-18,6.8281,6.8657,6.7655,6.8,25686,55000,113.76,89.0,2.9,32.81
2024-07-19,6.7914,6.8405,6.764,6.8,32536,55000,112.67,89.0,2.88,36.5
2024-07-22,6.776,6.8029,6.7204,6.8,49062,55000,113.74,89.0,2.86,29.3
2024-07-23,6.8076,6.8475,6.7477,6.8,63216,55000,113.98,89.0,2.9,27.27
2024-07-24,6.8019,6.8612,6.7367,6.8,40041,55000,114.55,89.0,2.98,39.62
2024-07-25,6.8077,6.8409,6.7855,6.8,46653,55000,113.93,89.0,2.95,42.28
2024-07-26,6.8042,6.8486,6.7391,6.8,36673,55000,113.17,89.0,2.98,44.3
2024-07-29,6.811,6.8422,6.7156,6.8,25367,55000,112.75,89.0,2.98,34.07
2024-07-30,6.8315,6.8809,6.7639,6.8,34629,55000,113.05,89.0,3.0,36.49
2024-07-31,6.8124,6.8524,6.7256,6.8,40063,55000,113.84,89.0,2.97,47.2
2024-08-01,6.7772,6.8282,6.738,6.8,34322,55000,113.61,89.0,2.93,27.59
2024-08-02,6.8296,6.8949,6.7789,6.8,27693,55000,111.82,89.0,2.9,40.11
2024-08-05,6.8357,6.8944,6.7615,6.8,24241,55000,112.3,89.0,2.89,51.1
2024-08-06,6.8686,6.9022,6.7394,6.8,44778,55000,112.64,89.0,2.88,37.74
2024-08-07,6.7756,6.8516,6.7458,6.8,27651,55000,113.2,89.0,2.91,36.42
2024-08-08,6.8053,6.8576,6.7663,6.8,40966,55000,114.18,89.0,2.88,50.56
2024-08-09,6.7547,6.854,6.7015,6.8,24275,55000,115.08,89.0,2.87,27.98
2024-08-12,6.812,6.8279,6.7564,6.8,60606,55000,116.61,89.0,2.93,33.17
2024-08-13,6.7881,6.8599,6.735,6.8,16658,55000,116.68,89.0,2.93,33.49
2024-08-14,6.8419,6.8761,6.7526,6.8,29248,55000,116.25,89.0,2.94,45.9
2024-08-15,6.7831,6.8377,6.7318,6.8,39437,55000,117.43,89.0,2.96,26.37
2024-08-16,6.7632,6.8866,6.7267,6.8,54727,55000,118.47,89.0,2.95,50.49
2024-08-19,6.7897,6.8484,6.7424,6.8,33201,55000,118.25,89.0,2.95,39.77
2024-08-20,6.757,6.8372,6.7286,6.8,56150,55000,119.5,89.0,2.94,48.89
2024-08-21,6.8163,6.8238,6.7355,6.8,29999,55000,119.62,89.0,2.94,50.55
2024-08-22,6.7551,6.8662,6.7219,6.8,21376,55000,121.06,89.0,2.96,33.32
2024-08-23,6.8006,6.8222,6.7381,6.8,66673,55000,123.0,89.0,2.99,40.16
2024-08-26,6.7548,6.8271,6.7151,6.8,18476,55000,125.0,89.0,2.92,38.06
2024-08-27,6.793,6.8381,6.7462,6.8,84902,55000,125.0,89.0,2.95,39.44
2024-08-28,6.8358,6.9024,6.7646,6.8,77878,55000,125.0,89.0,2.94,35.16
2024-08-29,6.8078,6.8639,6.7731,6.8,35615,55000,125.0,89.0,2.95,49.47
2024-08-30,6.7812,6.8409,6.7662,6.8,26164,55000,125.0,89.0,2.94,38.42
2024-09-02,6.7993,6.8486,6.773,6.8,54316,55000,125.0,89.0,2.94,37.16
2024-09-03,6.8004,6.8341,6.7618,6.8,83560,55000,125.0,89.0,2.98,49.55
2024-09-04,6.8103,6.8561,6.753,6.8,44559,55000,125.0,89.0,2.99,47.11
2024-09-05,6.7703,6.8447,6.7103,6.8,77968,55000,125.0,89.0,3.03,42.44
2024-09-06,6.8129,6.8722,6.7638,6.8,81800,55000,125.0,89.0,3.03,36.66
2024-09-09,6.7412,6.8593,6.7121,6.8,24047,55000,125.0,89.0,3.03,52.45
2024-09-10,6.7863,6.8516,6.7663,6.8,59985,55000,125.0,89.0,3.03,31.02
2024-09-11,6.7894,6.8376,6.738,6.8,21577,55000,125.0,89.0,2.99,49.12
2024-09-12,6.8138,6.8694,6.7339,6.8,18870,55000,125.0,89.0,2.91,45.32
2024-09-13,6.8005,6.8425,6.7358,6.8,49094,55000,125.0,89.0,2.89,29.24
2024-09-16,6.7694,6.8259,6.7143,6.8,70329,55000,125.0,89.0,2.92,40.63
2024-09-17,6.7786,6.8369,6.7247,6.8,24217,55000,125.0,89.0,2.96,28.77
2024-09-18,6.8043,6.8492,6.7288,6.8,81141,55000,125.0,89.0,2.9,37.04
2024-09-19,6.7983,6.8584,6.7494,6.8,37343,55000,124.48,89.0,2.94,42.38
2024-09-20,6.7874,6.8405,6.7333,6.8,65822,55000,125.0,89.0,2.92,31.38
2024-09-23,6.7895,6.8238,6.7512,6.8,28003,55000,125.0,89.0,2.88,20.04
2024-09-24,6.8151,6.8595,6.7787,6.8,74538,55000,125.0,89.0,2.92,38.91
2024-09-25,6.7887,6.8454,6.7563,6.8,47089,55000,124.29,89.0,2.9,41.82
2024-09-26,6.7981,6.8466,6.7547,6.8,68595,55000,125.0,89.0,2.98,36.8
2024-09-27,6.8472,6.9057,6.7555,6.8,45029,55000,124.89,89.0,2.96,39.87
2024-09-30,6.769,6.8601,6.694,6.8,66324,55000,123.95,89.0,2.95,38.47
2024-10-01,6.7597,6.8338,6.7149,6.8,66962,55000,125.0,89.0,2.92,31.35
2024-10-02,6.8171,6.8506,6.7372,6.8,54042,55000,125.0,89.0,2.93,56.55
2024-10-03,6.7852,6.8265,6.7488,6.8,60957,55000,125.0,89.0,2.95,42.69
2024-10-04,6.7931,6.8549,6.7547,6.8,58739,55000,123.94,89.0,2.9,36.38
2024-10-07,6.783,6.8672,6.7612,6.8,53733,55000,123.71,89.0,2.92,32.99
2024-10-08,6.7943,6.8384,6.7629,6.8,60389,55000,123.72,89.0,2.91,36.62
2024-10-09,6.8348,6.8744,6.7479,6.8,44715,55000,125.0,89.0,2.89,36.9
2024-10-10,6.8175,6.885,6.7564,6.8,54116,55000,123.46,89.0,2.85,40.32
2024-10-11,6.8188,6.8706,6.7411,6.8,71922,55000,125.0,89.0,2.88,49.74
2024-10-14,6.7692,6.8506,6.7227,6.8,71251,55000,125.0,89.0,2.89,33.16
2024-10-15,6.775,6.8241,6.7372,6.8,76794,55000,124.42,89.0,2.87,41.51
2024-10-16,6.7382,6.8546,6.6596,6.8,32580,55000,125.0,89.0,2.89,46.8
2024-10-17,6.7824,6.8284,6.7404,6.8,15823,55000,125.0,89.0,2.91,34.27
2024-10-18,6.8208,6.8458,6.7375,6.8,22084,55000,123.42,89.0,2.94,34.22
2024-10-21,6.8112,6.8491,6.763,6.8,25607,55000,122.96,89.0,2.99,27.17
2024-10-22,6.7952,6.834,6.7401,6.8,26969,55000,123.26,89.0,2.99,54.29
2024-10-23,6.7995,6.8399,6.7408,6.8,78059,55000,123.36,89.0,3.05,44.32
2024-10-24,6.785,6.82,6.7381,6.8,32333,55000,124.09,89.0,3.1,35.15
2024-10-25,6.8045,6.8637,6.7949,6.8,51668,55000,125.0,89.0,3.12,34.78
2024-10-28,6.8167,6.8786,6.7562,6.8,26945,55000,124.15,89.0,3.07,31.23
2024-10-29,6.7648,6.8117,6.7012,6.8,61526,55000,124.15,89.0,3.08,41.34
2024-10-30,6.8065,6.866,6.7479,6.8,62717,55000,123.5,89.0,3.08,37.09
2024-10-31,6.8203,6.8506,6.7492,6.8,74426,55000,122.16,89.0,3.09,32.2
2024-11-01,6.791,6.8575,6.7756,6.8,19601,55000,122.13,89.0,3.09,33.44
2024-11-04,6.8152,6.8576,6.7682,6.8,27930,55000,122.63,89.0,3.11,46.17
2024-11-05,6.8612,6.9052,6.7498,6.8,19333,55000,123.19,89.0,3.13,36.76
2024-11-06,6.7977,6.8405,6.7475,6.8,32839,55000,122.78,89.0,3.08,29.56
2024-11-07,6.8086,6.8719,6.7367,6.8,66337,55000,121.7,89.0,3.12,40.55
2024-11-08,6.7839,6.8233,6.7427,6.8,55204,55000,121.01,89.0,3.08,34.17
2024-11-11,6.8039,6.8573,6.7499,6.8,35195,55000,118.97,89.0,3.07,45.49
2024-11-12,6.81,6.8715,6.7562,6.8,42848,55000,117.69,89.0,3.04,52.81
2024-11-13,6.8042,6.8594,6.7726,6.8,55854,55000,116.5,89.0,3.02,23.53
2024-11-14,6.7778,6.8815,6.7711,6.8,65998,55000,117.45,89.0,3.06,33.99
2024-11-15,6.8045,6.8394,6.7494,6.8,82390,55000,118.4,89.0,3.06,41.18
2024-11-18,6.8318,6.8909,6.7536,6.8,46558,55000,120.77,89.0,3.08,39.35
2024-11-19,6.8098,6.8516,6.7666,6.8,17985,55000,121.05,89.0,3.1,50.64
2024-11-20,6.8209,6.8845,6.7829,6.8,76794,55000,120.54,89.0,3.05,39.84
2024-11-21,6.7948,6.8434,6.741,6.8,58585,55000,120.58,89.0,3.03,41.74
2024-11-22,6.8163,6.8535,6.7608,6.8,55264,55000,120.42,89.0,3.05,43.66
2024-11-25,6.8061,6.8709,6.7474,6.8,48326,55000,119.74,89.0,3.07,34.21
2024-11-26,6.7793,6.8355,6.7054,6.8,74261,55000,120.12,89.0,3.02,44.38
2024-11-27,6.8069,6.8274,6.7914,6.8,49022,55000,120.35,89.0,3.05,43.45
2024-11-28,6.7784,6.8351,6.7463,6.8,30667,55000,120.28,89.0,3.07,40.88
2024-11-29,6.7862,6.8536,6.7461,6.8,33065,55000,119.98,89.0,3.04,23.7
2024-12-02,6.8041,6.8703,6.7327,6.8,25006,55000,120.69,89.0,3.06,33.53
2024-12-03,6.8065,6.8518,6.7832,6.8,60076,55000,120.1,89.0,3.05,41.58
2024-12-04,6.7741,6.865,6.699,6.8,83861,55000,119.68,89.0,3.07,39.19
2024-12-05,6.8229,6.8443,6.7543,6.8,65393,55000,120.22,89.0,3.01,46.37
2024-12-06,6.8124,6.8487,6.758,6.8,18143,55000,121.35,89.0,3.0,46.43
2024-12-09,6.7847,6.8388,6.7444,6.8,72505,55000,122.38,89.0,3.04,42.93
2024-12-10,6.7665,6.8417,6.7301,6.8,27417,55000,122.12,89.0,3.06,46.44
2024-12-11,6.7968,6.8449,6.7362,6.8,46300,55000,120.75,89.0,3.08,44.25
2024-12-12,6.7903,6.8548,6.7642,6.8,43896,55000,120.45,89.0,3.07,35.53
2024-12-13,6.8025,6.8388,6.7508,6.8,65629,55000,120.54,89.0,3.09,39.95
2024-12-16,6.7921,6.8458,6.7548,6.8,42606,55000,119.34,89.0,3.09,30.66
2024-12-17,6.7563,6.8428,6.7252,6.8,54916,55000,119.02,89.0,3.06,52.69
2024-12-18,6.7915,6.8284,6.7058,6.8,76330,55000,120.36,89.0,3.05,29.34
2024-12-19,6.7933,6.8417,6.7429,6.8,22551,55000,120.54,89.0,3.1,22.29
2024-12-20,6.8138,6.855,6.7465,6.8,71422,55000,119.96,89.0,3.13,58.03
2024-12-23,6.7848,6.8408,6.7227,6.8,82782,55000,120.01,89.0,3.11,39.21
2024-12-24,6.8365,6.8805,6.7797,6.8,80391,55000,120.12,89.0,3.09,47.61
2024-12-25,6.7584,6.8448,6.6863,6.8,78411,55000,119.72,89.0,3.07,46.23
2024-12-26,6.8285,6.865,6.7974,6.8,15888,55000,120.59,89.0,3.07,48.89
2024-12-27,6.7951,6.8643,6.7641,6.8,72135,55000,118.59,89.0,3.1,45.02
2024-12-30,6.8187,6.8431,6.764,6.8,44424,55000,119.13,89.0,3.17,45.08
2024-12-31,6.8017,6.8335,6.747,6.8,56559,55000,118.51,89.0,3.12,20.11
2025-01-01,6.8248,6.9137,6.7529,6.8,26075,55000,119.68,89.0,3.15,31.81
2025-01-02,6.7916,6.8266,6.7508,6.8,37699,55000,118.29,89.0,3.15,17.66
2025-01-03,6.7761,6.8214,6.7328,6.8,62972,55000,119.34,89.0,3.14,33.03
2025-01-06,6.8309,6.8864,6.7724,6.8,24950,55000,118.48,89.0,3.11,35.47
2025-01-07,6.7975,6.8096,6.7784,6.8,20413,55000,118.85,89.0,3.17,39.01
2025-01-08,6.8048,6.8445,6.7446,6.8,54305,55000,118.35,89.0,3.12,31.94
2025-01-09,6.8269,6.9054,6.7452,6.8,18569,55000,119.61,89.0,3.1,37.0
2025-01-10,6.7775,6.8183,6.7081,6.8,81778,55000,119.41,89.0,3.12,35.6
2025-01-13,6.813,6.8242,6.7694,6.8,45085,55000,118.63,89.0,3.13,42.94
2025-01-14,6.7872,6.8191,6.7324,6.8,51163,55000,120.18,89.0,3.17,46.45
2025-01-15,6.7971,6.8582,6.7582,6.8,64592,55000,119.88,89.0,3.14,41.82
2025-01-16,6.8016,6.8635,6.7371,6.8,72333,55000,120.47,89.0,3.16,45.36
2025-01-17,6.7674,6.8352,6.7072,6.8,23039,55000,121.51,89.0,3.16,41.62
2025-01-20,6.7831,6.8547,6.7361,6.8,23198,55000,120.56,89.0,3.16,50.09
2025-01-21,6.8294,6.8956,6.762,6.8,49354,55000,121.03,89.0,3.15,55.85
2025-01-22,6.8193,6.892,6.7408,6.8,18824,55000,121.66,89.0,3.16,19.21
2025-01-23,6.7986,6.8395,6.7445,6.8,65420,55000,119.97,89.0,3.15,49.63
2025-01-24,6.8053,6.8113,6.7677,6.8,18436,55000,120.33,89.0,3.14,29.04
2025-01-27,6.7936,6.8301,6.7717,6.8,55857,55000,119.95,89.0,3.13,41.58
2025-01-28,6.8295,6.8661,6.7612,6.8,31057,55000,121.75,89.0,3.14,42.22
2025-01-29,6.7956,6.8393,6.7273,6.8,16310,55000,122.71,89.0,3.1,45.17
2025-01-30,6.805,6.8455,6.7378,6.8,81013,55000,123.2,89.0,3.1,39.57
2025-01-31,6.8249,6.8867,6.7746,6.8,75022,55000,120.96,89.0,3.07,39.96
2025-02-03,6.7831,6.8643,6.7586,6.8,23906,55000,121.46,89.0,3.07,42.92
2025-02-04,6.8339,6.8746,6.7357,6.8,24868,55000,120.63,89.0,3.07,37.06
2025-02-05,6.7667,6.8614,6.7417,6.8,33546,55000,121.6,89.0,3.1,23.85
2025-02-06,6.8355,6.8849,6.7482,6.8,48149,55000,121.44,89.0,3.12,39.99
2025-02-07,6.7919,6.8446,6.7584,6.8,82381,55000,120.87,89.0,3.13,33.63
2025-02-10,6.7947,6.8583,6.7248,6.8,38684,55000,120.4,89.0,3.13,32.91
2025-02-11,6.7589,6.8447,6.728,6.8,44858,55000,120.0,89.0,3.13,32.08
2025-02-12,6.7901,6.8771,6.7279,6.8,60330,55000,118.53,89.0,3.12,23.24
2025-02-13,6.7774,6.82,6.7309,6.8,74204,55000,117.2,89.0,3.07,36.6
2025-02-14,6.7868,6.8351,6.7392,6.8,40293,55000,116.83,89.0,3.09,40.01
2025-02-17,6.797,6.8415,6.7856,6.8,71869,55000,118.55,89.0,3.1,46.53
2025-02-18,6.8208,6.8715,6.7924,6.8,19629,55000,119.34,89.0,3.14,34.98
2025-02-19,6.8045,6.8687,6.7601,6.8,20704,55000,120.23,89.0,3.12,53.41
2025-02-20,6.8067,6.8498,6.7525,6.8,16776,55000,121.56,89.0,3.16,44.96
2025-02-21,6.7762,6.8203,6.751,6.8,72255,55000,121.87,89.0,3.16,30.47
2025-02-24,6.7808,6.8573,6.755,6.8,63281,55000,121.37,89.0,3.14,35.85
2025-02-25,6.8391,6.8949,6.7473,6.8,46236,55000,120.93,89.0,3.19,57.18
2025-02-26,6.784,6.8118,6.7313,6.8,81780,55000,120.02,89.0,3.2,46.46
2025-02-27,6.836,6.8795,6.7587,6.8,16333,55000,120.92,89.0,3.25,35.52
2025-02-28,6.7947,6.8176,6.7384,6.8,84205,55000,119.89,89.0,3.26,47.59
2025-03-03,6.8,6.8327,6.7756,6.8,65946,55000,122.2,89.0,3.28,29.28
2025-03-04,6.8233,6.8521,6.7623,6.8,70333,55000,121.21,89.0,3.31,35.3
2025-03-05,6.8277,6.8844,6.7296,6.8,42277,55000,122.55,89.0,3.3,20.2
2025-03-06,6.7976,6.8454,6.753,6.8,65606,55000,123.91,89.0,3.32,45.13
2025-03-07,6.7916,6.8225,6.746,6.8,16933,55000,124.6,89.0,3.32,30.09
2025-03-10,6.7988,6.8579,6.7176,6.8,48514,55000,125.0,89.0,3.35,39.32
2025-03-11,6.8074,6.8275,6.7793,6.8,77958,55000,125.0,89.0,3.32,26.86
2025-03-12,6.8194,6.8683,6.7435,6.8,21827,55000,125.0,89.0,3.33,41.7
2025-03-13,6.8001,6.8303,6.7293,6.8,45844,55000,125.0,89.0,3.36,39.37
2025-03-14,6.8135,6.8511,6.7618,6.8,15792,55000,125.0,89.0,3.34,27.47
2025-03-17,6.8357,6.8874,6.7425,6.8,54695,55000,125.0,89.0,3.32,35.94
2025-03-18,6.8083,6.8603,6.7725,6.8,57510,55000,125.0,89.0,3.27,41.13
2025-03-19,6.8068,6.8721,6.7677,6.8,54137,55000,125.0,89.0,3.33,43.78
2025-03-20,6.7669,6.8422,6.7171,6.8,54632,55000,125.0,89.0,3.31,53.46
2025-03-21,6.7428,6.8485,6.6862,6.8,51790,55000,125.0,89.0,3.35,50.35
2025-03-24,6.8085,6.8449,6.7382,6.8,45885,55000,125.0,89.0,3.35,34.09
2025-03-25,6.7979,6.8465,6.7288,6.8,80214,55000,125.0,89.0,3.38,33.99
2025-03-26,6.7888,6.8507,6.7464,6.8,59870,55000,125.0,89.0,3.4,27.84
2025-03-27,6.8053,6.8472,6.737,6.8,63110,55000,125.0,89.0,3.46,31.42
2025-03-28,6.7987,6.8141,6.7608,6.8,20171,55000,125.0,89.0,3.51,47.31
2025-03-31,6.8245,6.8734,6.7418,6.8,24589,55000,125.0,89.0,3.52,26.49
2025-04-01,6.8019,6.8514,6.7531,6.8,33077,55000,125.0,89.0,3.53,38.68
2025-04-02,6.7837,6.8324,6.7329,6.8,79874,55000,125.0,89.0,3.55,37.44
2025-04-03,6.8215,6.8441,6.7496,6.8,53227,55000,125.0,89.0,3.63,33.56
2025-04-04,6.7953,6.8676,6.778,6.8,29937,55000,125.0,89.0,3.63,28.93
2025-04-07,6.8115,6.863,6.7748,6.8,24754,55000,125.0,89.0,3.59,23.9
2025-04-08,6.7896,6.8398,6.7444,6.8,40688,55000,125.0,89.0,3.6,29.01
2025-04-09,6.7859,6.825,6.7699,6.8,22048,55000,125.0,89.0,3.58,39.29
2025-04-10,6.8018,6.8319,6.7429,6.8,37568,55000,125.0,89.0,3.59,45.08
2025-04-11,6.8003,6.8651,6.7423,6.8,32545,55000,125.0,89.0,3.62,53.7
2025-04-14,6.8104,6.8562,6.7511,6.8,60217,55000,125.0,89.0,3.64,42.84
2025-04-15,6.7942,6.8345,6.769,6.8,63122,55000,125.0,89.0,3.62,45.04
2025-04-16,6.76,6.8518,6.694,6.8,48746,55000,125.0,89.0,3.62,53.67
2025-04-17,6.7906,6.8302,6.7138,6.8,23709,55000,125.0,89.0,3.59,42.88
2025-04-18,6.8173,6.8853,6.7541,6.8,40358,55000,125.0,89.0,3.63,48.36
2025-04-21,6.7935,6.8656,6.7416,6.8,26023,55000,125.0,89.0,3.65,36.77
2025-04-22,6.7946,6.8359,6.7478,6.8,43756,55000,125.0,89.0,3.62,46.13
2025-04-23,6.8215,6.8548,6.7478,6.8,78175,55000,125.0,89.0,3.7,41.78
2025-04-24,6.7845,6.8008,6.7429,6.8,69281,55000,125.0,89.0,3.69,37.94
2025-04-25,6.7664,6.8193,6.7234,6.8,64289,55000,125.0,89.0,3.7,53.15
2025-04-28,6.7965,6.8217,6.7382,6.8,73097,55000,125.0,89.0,3.69,29.77
2025-04-29,6.7895,6.8457,6.7077,6.8,62259,55000,125.0,89.0,3.7,32.69
2025-04-30,6.779,6.8382,6.7583,6.8,33839,55000,125.0,89.0,3.71,50.01
2025-05-01,6.7962,6.8216,6.7544,6.8,42410,55000,125.0,89.0,3.67,48.25
2025-05-02,6.8107,6.8496,6.7757,6.8,26447,55000,125.0,89.0,3.7,40.11
2025-05-05,6.7998,6.8518,6.7303,6.8,28907,55000,125.0,89.0,3.68,42.89
2025-05-06,6.8067,6.8588,6.7661,6.8,36637,55000,125.0,89.0,3.71,44.4
2025-05-07,6.8395,6.852,6.78,6.8,53196,55000,125.0,89.0,3.7,43.1
2025-05-08,6.7925,6.8414,6.7386,6.8,37369,55000,125.0,89.0,3.7,42.05
2025-05-09,6.8061,6.827,6.728,6.8,17589,55000,125.0,89.0,3.72,32.86
2025-05-12,6.7889,6.8582,6.7346,6.8,38560,55000,125.0,89.0,3.72,50.52
2025-05-13,6.7816,6.8563,6.7347,6.8,18034,55000,125.0,89.0,3.75,38.27
2025-05-14,6.7873,6.8289,6.7371,6.8,15169,55000,125.0,89.0,3.73,31.58
2025-05-15,6.7896,6.831,6.723,6.8,18239,55000,125.0,89.0,3.76,41.14
2025-05-16,6.8078,6.8438,6.7707,6.8,18415,55000,125.0,89.0,3.73,42.92
2025-05-19,6.8511,6.8579,6.7583,6.8,18484,55000,125.0,89.0,3.7,43.36
2025-05-20,6.7844,6.849,6.7483,6.8,68987,55000,125.0,89.0,3.72,48.27
2025-05-21,6.7909,6.8391,6.7664,6.8,33225,55000,125.0,89.0,3.75,36.77
2025-05-22,6.7986,6.8594,6.7604,6.8,76104,55000,125.0,89.0,3.76,39.45
2025-05-23,6.8086,6.8342,6.7384,6.8,35936,55000,125.0,89.0,3.81,32.83
2025-05-26,6.8057,6.8391,6.7472,6.8,54612,55000,125.0,89.0,3.78,41.99
2025-05-27,6.8279,6.8468,6.746,6.8,54952,55000,125.0,89.0,3.75,32.7
2025-05-28,6.7472,6.8271,6.7013,6.8,73945,55000,125.0,89.0,3.77,34.99
2025-05-29,6.7481,6.8242,6.696,6.8,20380,55000,125.0,89.0,3.78,48.36
2025-05-30,6.7892,6.8598,6.7587,6.8,65298,55000,125.0,89.0,3.8,41.16
2025-06-02,6.8239,6.856,6.7615,6.8,42260,55000,125.0,89.0,3.77,52.11
2025-06-03,6.7659,6.8455,6.7192,6.8,47879,55000,125.0,89.0,3.76,50.0
2025-06-04,6.7346,6.8373,6.6866,6.8,31143,55000,123.67,89.0,3.81,41.83
2025-06-05,6.8124,6.8352,6.7513,6.8,64744,55000,122.91,89.0,3.81,43.01
2025-06-06,6.8053,6.8461,6.7587,6.8,46578,55000,122.68,89.0,3.85,37.97
2025-06-09,6.7763,6.8533,6.7389,6.8,72331,55000,122.54,89.0,3.88,48.87
2025-06-10,6.7786,6.8238,6.6835,6.8,78815,55000,120.36,89.0,3.87,43.09
2025-06-11,6.7789,6.8567,6.7206,6.8,34178,55000,120.57,89.0,3.91,47.73
2025-06-12,6.8024,6.8321,6.7497,6.8,75197,55000,121.69,89.0,3.92,34.5
2025-06-13,6.7864,6.8356,6.7467,6.8,51366,55000,122.72,89.0,3.92,28.43
2025-06-16,6.8108,6.863,6.7638,6.8,67955,55000,124.05,89.0,3.92,44.27
2025-06-17,6.7379,6.8327,6.6965,6.8,56911,55000,122.7,89.0,3.94,45.97
2025-06-18,6.7814,6.8441,6.7331,6.8,68619,55000,123.65,89.0,3.9,40.64
2025-06-19,6.7755,6.8384,6.7627,6.8,59296,55000,122.61,89.0,3.93,44.92
2025-06-20,6.7944,6.8456,6.7765,6.8,37791,55000,123.46,89.0,3.95,32.76
2025-06-23,6.7883,6.8047,6.7552,6.8,23301,55000,122.63,89.0,3.93,47.98
2025-06-24,6.8174,6.8311,6.7531,6.8,50779,55000,123.0,89.0,3.89,49.96
2025-06-25,6.7595,6.8536,6.7199,6.8,51894,55000,124.67,89.0,3.88,48.68
2025-06-26,6.801,6.8614,6.7324,6.8,64250,55000,125.0,89.0,3.89,41.05
2025-06-27,6.8121,6.8408,6.7807,6.8,56770,55000,124.65,89.0,3.9,50.09
2025-06-30,6.8404,6.8799,6.7687,6.8,37300,55000,123.38,89.0,3.9,30.29
2025-07-01,6.7895,6.8483,6.7212,6.8,83235,55000,124.22,89.0,3.92,44.87
2025-07-02,6.8071,6.8619,6.7543,6.8,44485,55000,125.0,89.0,3.89,46.09
2025-07-03,6.7607,6.8104,6.7027,6.8,55285,55000,125.0,89.0,3.89,44.26
2025-07-04,6.748,6.8291,6.671,6.8,81555,55000,125.0,89.0,3.9,32.01
2025-07-07,6.8184,6.8565,6.7678,6.8,47471,55000,125.0,89.0,3.91,41.95
2025-07-08,6.7999,6.855,6.758,6.8,63671,55000,125.0,89.0,3.94,37.82
2025-07-09,6.8256,6.9099,6.7609,6.8,35270,55000,125.0,89.0,3.94,23.36
2025-07-10,6.7701,6.8398,6.7585,6.8,28698,55000,124.85,89.0,3.94,29.99
2025-07-11,6.8113,6.8319,6.7615,6.8,54729,55000,125.0,89.0,3.92,49.87
2025-07-14,6.8407,6.8908,6.7421,6.8,26171,55000,125.0,89.0,3.93,36.62
2025-07-15,6.8091,6.8742,6.7477,6.8,75684,55000,125.0,89.0,3.9,48.98
2025-07-16,6.806,6.8513,6.7464,6.8,70165,55000,125.0,89.0,3.92,49.72
2025-07-17,6.8002,6.8289,6.7626,6.8,64948,55000,125.0,89.0,3.96,44.64
2025-07-18,6.7658,6.8592,6.733,6.8,49725,55000,125.0,89.0,3.97,34.78
2025-07-21,6.8295,6.8838,6.7358,6.8,34450,55000,125.0,89.0,4.01,48.03
2025-07-22,6.7867,6.8268,6.7513,6.8,28300,55000,125.0,89.0,4.0,41.82
2025-07-23,6.811,6.8607,6.7517,6.8,19441,55000,125.0,89.0,3.97,40.38
2025-07-24,6.766,6.8598,6.7198,6.8,34332,55000,125.0,89.0,3.96,32.25
2025-07-25,6.7743,6.8628,6.7069,6.8,35115,55000,125.0,89.0,3.94,35.74
2025-07-28,6.8312,6.8736,6.7406,6.8,56997,55000,125.0,89.0,3.93,32.38
2025-07-29,6.7924,6.8377,6.77,6.8,28615,55000,125.0,89.0,3.86,48.15
2025-07-30,6.8316,6.8951,6.7759,6.8,29732,55000,125.0,89.0,3.87,53.04
2025-07-31,6.7983,6.8238,6.7453,6.8,40367,55000,125.0,89.0,3.87,47.85
2025-08-01,6.7599,6.8507,6.7174,6.8,57738,55000,125.0,89.0,3.9,41.69
2025-08-04,6.8194,6.8406,6.7639,6.8,15981,55000,125.0,89.0,3.91,37.39
2025-08-05,6.7872,6.8609,6.7271,6.8,77881,55000,125.0,89.0,3.91,44.05
2025-08-06,6.8152,6.8545,6.7534,6.8,73609,55000,125.0,89.0,3.94,36.45
2025-08-07,6.8005,6.8647,6.7556,6.8,23566,55000,125.0,89.0,3.97,39.73
2025-08-08,6.7664,6.8515,6.7102,6.8,25728,55000,125.0,89.0,3.95,33.02
2025-08-11,6.8036,6.8272,6.7626,6.8,51214,55000,125.0,89.0,3.96,45.53
2025-08-12,6.8478,6.9146,6.7309,6.8,72935,55000,124.72,89.0,4.0,45.96
2025-08-13,6.8107,6.8795,6.7693,6.8,60588,55000,123.96,89.0,4.02,47.73
2025-08-14,6.7987,6.8579,6.7445,6.8,33953,55000,123.79,89.0,3.99,44.74
2025-08-15,6.8234,6.8545,6.7331,6.8,83408,55000,123.8,89.0,3.96,44.15
2025-08-18,6.8046,6.8431,6.779,6.8,49103,55000,124.97,89.0,3.92,31.13
2025-08-19,6.8046,6.8505,6.7621,6.8,64264,55000,122.99,89.0,3.85,30.77
2025-08-20,6.7762,6.832,6.714,6.8,35156,55000,124.3,89.0,3.84,42.81
2025-08-21,6.8051,6.8762,6.7376,6.8,28423,55000,123.45,89.0,3.84,49.36
2025-08-22,6.8225,6.8684,6.7593,6.8,53062,55000,125.0,89.0,3.81,37.73
2025-08-25,6.7818,6.8006,6.7503,6.8,57805,55000,125.0,89.0,3.79,40.05
2025-08-26,6.831,6.8801,6.7409,6.8,16987,55000,125.0,89.0,3.76,40.14
2025-08-27,6.798,6.8378,6.7352,6.8,77979,55000,125.0,89.0,3.71,24.33
2025-08-28,6.7807,6.8423,6.7562,6.8,52597,55000,125.0,89.0,3.71,42.04
2025-08-29,6.8217,6.8592,6.7761,6.8,42868,55000,125.0,89.0,3.73,35.33
2025-09-01,6.7938,6.8567,6.7466,6.8,78805,55000,125.0,89.0,3.72,45.19
2025-09-02,6.8165,6.8783,6.7462,6.8,31636,55000,125.0,89.0,3.75,39.73
2025-09-03,6.7937,6.8481,6.7551,6.8,72467,55000,125.0,89.0,3.76,38.48
2025-09-04,6.7987,6.838,6.7441,6.8,32007,55000,125.0,89.0,3.78,38.66
2025-09-05,6.8107,6.8535,6.7681,6.8,18389,55000,125.0,89.0,3.79,37.22
2025-09-08,6.8063,6.8501,6.791,6.8,24458,55000,125.0,89.0,3.81,28.43
2025-09-09,6.7566,6.8304,6.72,6.8,83481,55000,125.0,89.0,3.77,48.1
2025-09-10,6.7756,6.853,6.731,6.8,56400,55000,125.0,89.0,3.79,34.61
2025-09-11,6.8202,6.8712,6.761,6.8,82628,55000,125.0,89.0,3.79,36.02
2025-09-12,6.7971,6.8687,6.7725,6.8,66857,55000,125.0,89.0,3.83,40.67
2025-09-15,6.7886,6.864,6.7747,6.8,79367,55000,125.0,89.0,3.82,30.52
2025-09-16,6.7704,6.8323,6.7353,6.8,51527,55000,125.0,89.0,3.87,35.76
2025-09-17,6.7765,6.8569,6.7183,6.8,31937,55000,125.0,89.0,3.89,56.29
2025-09-18,6.756,6.828,6.692,6.8,52672,55000,125.0,89.0,3.86,42.86
2025-09-19,6.7978,6.8549,6.7349,6.8,16112,55000,125.0,89.0,3.9,32.71
2025-09-22,6.787,6.8351,6.7568,6.8,50545,55000,125.0,89.0,3.87,22.31
2025-09-23,6.779,6.8268,6.7543,6.8,63355,55000,125.0,89.0,3.83,48.51
2025-09-24,6.7985,6.8481,6.7469,6.8,49082,55000,125.0,89.0,3.87,31.4
2025-09-25,6.8079,6.808,6.7461,6.8,75482,55000,125.0,89.0,3.88,35.39
2025-09-26,6.8455,6.8604,6.7499,6.8,26304,55000,125.0,89.0,3.89,36.46
2025-09-29,6.7671,6.8406,6.7564,6.8,71625,55000,125.0,89.0,3.87,32.24
2025-09-30,6.8252,6.8701,6.7706,6.8,59885,55000,125.0,89.0,3.9,39.35
2025-10-01,6.8212,6.8587,6.757,6.8,27588,55000,125.0,89.0,3.89,35.31
2025-10-02,6.783,6.8177,6.7315,6.8,35967,55000,125.0,89.0,3.9,45.19
2025-10-03,6.8044,6.8346,6.744,6.8,39256,55000,125.0,89.0,3.86,41.19
2025-10-06,6.79,6.8499,6.7441,6.8,73348,55000,125.0,89.0,3.86,52.17
2025-10-07,6.804,6.857,6.7511,6.8,40052,55000,125.0,89.0,3.87,52.34
2025-10-08,6.8328,6.8761,6.7551,6.8,73479,55000,125.0,89.0,3.89,31.88
2025-10-09,6.8132,6.8756,6.7453,6.8,75200,55000,125.0,89.0,3.9,37.22
2025-10-10,6.8111,6.8611,6.7514,6.8,17506,55000,125.0,89.0,3.89,58.31
2025-10-13,6.7906,6.8313,6.746,6.8,35709,55000,125.0,89.0,3.9,30.15
2025-10-14,6.7677,6.8389,6.7286,6.8,73535,55000,125.0,89.0,3.93,46.78
2025-10-15,6.7955,6.8206,6.7507,6.8,59840,55000,125.0,89.0,3.88,44.66
2025-10-16,6.8263,6.8681,6.7486,6.8,75587,55000,125.0,89.0,3.88,32.78
2025-10-17,6.7668,6.8617,6.7189,6.8,74321,55000,125.0,89.0,3.89,33.19
2025-10-20,6.777,6.8547,6.7273,6.8,58202,55000,125.0,89.0,3.86,55.68
2025-10-21,6.8027,6.8691,6.7346,6.8,71588,55000,125.0,89.0,3.89,55.51
2025-10-22,6.7786,6.8386,6.7308,6.8,18090,55000,125.0,89.0,3.91,43.65
2025-10-23,6.7828,6.8655,6.7499,6.8,74231,55000,125.0,89.0,3.94,28.22
2025-10-24,6.7908,6.8404,6.7329,6.8,36552,55000,125.0,89.0,4.0,50.68
2025-10-27,6.7703,6.8675,6.7491,6.8,48741,55000,125.0,89.0,4.01,28.18
2025-10-28,6.7788,6.8432,6.7529,6.8,36661,55000,125.0,89.0,4.01,46.08
2025-10-29,6.8153,6.8704,6.751,6.8,56025,55000,125.0,89.0,4.04,26.24
2025-10-30,6.7716,6.8676,6.7197,6.8,21092,55000,125.0,89.0,4.02,40.06
2025-10-31,6.7652,6.8404,6.742,6.8,50674,55000,125.0,89.0,4.03,47.52
2025-11-03,6.7863,6.8471,6.749,6.8,15570,55000,125.0,89.0,4.07,15.98
2025-11-04,6.8159,6.8805,6.7664,6.8,27084,55000,125.0,89.0,4.09,35.51
2025-11-05,6.7957,6.8413,6.7601,6.8,80843,55000,125.0,89.0,4.13,41.3
2025-11-06,6.7899,6.822,6.731,6.8,75752,55000,125.0,89.0,4.13,37.07
2025-11-07,6.801,6.8795,6.7449,6.8,84278,55000,125.0,89.0,4.15,34.3
2025-11-10,6.762,6.8359,6.7188,6.8,15765,55000,125.0,89.0,4.15,38.87
2025-11-11,6.8108,6.8569,6.7654,6.8,39198,55000,125.0,89.0,4.16,48.82
2025-11-12,6.8083,6.8707,6.7785,6.8,76201,55000,125.0,89.0,4.17,51.64
2025-11-13,6.7911,6.8336,6.7244,6.8,62199,55000,125.0,89.0,4.19,45.99
2025-11-14,6.8219,6.849,6.7468,6.8,26377,55000,125.0,89.0,4.19,53.2
2025-11-17,6.7755,6.8477,6.7435,6.8,23036,55000,125.0,89.0,4.14,35.45
2025-11-18,6.8245,6.8388,6.7447,6.8,55364,55000,125.0,89.0,4.15,45.07
2025-11-19,6.8034,6.8422,6.7576,6.8,52443,55000,125.0,89.0,4.16,31.34
2025-11-20,6.7927,6.8475,6.7539,6.8,16663,55000,125.0,89.0,4.16,64.91
2025-11-21,6.7996,6.8391,6.749,6.8,54244,55000,125.0,89.0,4.18,40.85
2025-11-24,6.7977,6.8183,6.7663,6.8,73391,55000,125.0,89.0,4.17,46.83
2025-11-25,6.8266,6.8961,6.7621,6.8,30077,55000,125.0,89.0,4.16,25.02
2025-11-26,6.7766,6.8452,6.7311,6.8,72849,55000,125.0,89.0,4.21,46.64
2025-11-27,6.7834,6.8669,6.748,6.8,34631,55000,125.0,89.0,4.28,40.97
2025-11-28,6.8225,6.8618,6.7456,6.8,67652,55000,125.0,89.0,4.3,43.94
2025-12-01,6.787,6.8292,6.713,6.8,82446,55000,125.0,89.0,4.29,40.12
2025-12-02,6.8196,6.8675,6.7688,6.8,48500,55000,124.37,89.0,4.29,38.98
2025-12-03,6.837,6.877,6.7837,6.8,34897,55000,123.74,89.0,4.3,37.38
2025-12-04,6.7913,6.8243,6.7804,6.8,73915,55000,122.07,89.0,4.32,39.24
2025-12-05,6.8148,6.8823,6.7589,6.8,52377,55000,120.75,89.0,4.33,52.48
2025-12-08,6.7749,6.8334,6.7422,6.8,41897,55000,121.44,89.0,4.35,36.88
2025-12-09,6.8164,6.8299,6.7531,6.8,62280,55000,120.45,89.0,4.4,59.2
2025-12-10,6.8043,6.8695,6.7543,6.8,72320,55000,120.36,89.0,4.35,40.52
2025-12-11,6.8103,6.8456,6.7826,6.8,83289,55000,120.97,89.0,4.33,51.9
2025-12-12,6.786,6.8336,6.7721,6.8,46941,55000,121.97,89.0,4.36,49.72
2025-12-15,6.7639,6.8147,6.7156,6.8,29234,55000,122.24,89.0,4.36,26.71
2025-12-16,6.811,6.8829,6.7543,6.8,18376,55000,122.59,89.0,4.38,28.51
2025-12-17,6.7551,6.8225,6.7185,6.8,45783,55000,123.62,89.0,4.37,34.24
2025-12-18,6.7931,6.8445,6.7766,6.8,56249,55000,124.03,89.0,4.42,26.88
2025-12-19,6.8205,6.8789,6.7488,6.8,58025,55000,125.0,89.0,4.46,36.49
2025-12-22,6.8042,6.8546,6.7357,6.8,31447,55000,122.72,89.0,4.47,40.24
2025-12-23,6.8424,6.8849,6.7519,6.8,31713,55000,122.58,89.0,4.52,45.51
2025-12-24,6.8223,6.838,6.7703,6.8,19858,55000,122.6,89.0,4.53,41.53
2025-12-25,6.7858,6.8303,6.7416,6.8,66115,55000,122.42,89.0,4.53,40.04
2025-12-26,6.8006,6.8472,6.7788,6.8,74834,55000,122.51,89.0,4.58,48.7
2025-12-29,6.799,6.8307,6.7382,6.8,19539,55000,122.01,89.0,4.53,47.56
2025-12-30,6.7656,6.8468,6.7207,6.8,78983,55000,122.84,89.0,4.54,56.22
2025-12-31,6.7795,6.8546,6.7648,6.8,33857,55000,122.2,89.0,4.55,41.59
2026-01-01,6.7878,6.8592,6.7492,6.8,20364,55000,121.91,89.0,4.55,19.51
2026-01-02,6.7557,6.8235,6.7046,6.8,80985,55000,123.45,89.0,4.52,43.63
2026-01-05,6.801,6.8804,6.7619,6.8,74169,55000,124.84,89.0,4.52,59.29
2026-01-06,6.7946,6.856,6.7556,6.8,36078,55000,124.97,89.0,4.48,48.72
2026-01-07,6.7636,6.8435,6.7401,6.8,52574,55000,124.22,89.0,4.53,50.67
2026-01-08,6.8088,6.8701,6.7472,6.8,15869,55000,122.37,89.0,4.58,40.81
2026-01-09,6.8156,6.8977,6.7671,6.8,77624,55000,122.18,89.0,4.58,47.76
2026-01-12,6.8049,6.8249,6.7917,6.8,55075,55000,122.69,89.0,4.57,51.12
2026-01-13,6.7929,6.8398,6.7554,6.8,18659,55000,121.85,89.0,4.53,37.16
2026-01-14,6.8129,6.8176,6.7405,6.8,51370,55000,121.81,89.0,4.51,35.74
2026-01-15,6.8148,6.8615,6.7628,6.8,73185,55000,121.38,89.0,4.55,43.86
2026-01-16,6.8067,6.8562,6.7281,6.8,58751,55000,119.43,89.0,4.55,48.24
2026-01-19,6.7821,6.8429,6.7316,6.8,77758,55000,119.51,89.0,4.54,16.58
2026-01-20,6.806,6.8388,6.751,6.8,20131,55000,119.94,89.0,4.54,38.34
2026-01-21,6.826,6.8361,6.7586,6.8,16358,55000,120.07,89.0,4.53,23.4
2026-01-22,6.787,6.8496,6.7446,6.8,72371,55000,121.79,89.0,4.48,38.96
2026-01-23,6.8457,6.913,6.7608,6.8,31246,55000,121.39,89.0,4.47,54.36
2026-01-26,6.7886,6.8339,6.75,6.8,32216,55000,120.9,89.0,4.44,34.7
2026-01-27,6.8007,6.8514,6.7478,6.8,56209,55000,123.23,89.0,4.45,37.57
2026-01-28,6.7854,6.8179,6.7572,6.8,57987,55000,121.81,89.0,4.48,45.63
2026-01-29,6.8049,6.8559,6.774,6.8,35577,55000,121.08,89.0,4.46,48.45
2026-01-30,6.7621,6.8371,6.7369,6.8,57320,55000,121.42,89.0,4.47,48.13
2026-02-02,6.7881,6.8311,6.7112,6.8,26301,55000,122.61,89.0,4.47,40.32
2026-02-03,6.7762,6.8311,6.724,6.8,15891,55000,123.59,89.0,4.45,44.85
2026-02-04,6.8029,6.84,6.7515,6.8,36972,55000,122.39,89.0,4.38,44.48
2026-02-05,6.8216,6.8714,6.7737,6.8,65457,55000,124.13,89.0,4.35,34.02
2026-02-06,6.8141,6.8362,6.7463,6.8,69435,55000,124.59,89.0,4.33,25.12
2026-02-09,6.7484,6.837,6.7068,6.8,35932,55000,123.64,89.0,4.33,32.38
2026-02-10,6.8444,6.8872,6.753,6.8,19192,55000,122.78,89.0,4.34,52.23
2026-02-11,6.8064,6.832,6.7724,6.8,31128,55000,122.81,89.0,4.38,58.81
2026-02-12,6.7831,6.8728,6.737,6.8,37836,55000,125.0,89.0,4.35,39.23
2026-02-13,6.8034,6.833,6.7634,6.8,39837,55000,125.0,89.0,4.32,51.9
2026-02-16,6.8038,6.8364,6.769,6.8,37778,55000,125.0,89.0,4.31,37.47
2026-02-17,6.7855,6.8276,6.73,6.8,58130,55000,125.0,89.0,4.3,42.97
2026-02-18,6.8043,6.8772,6.7816,6.8,31708,55000,125.0,89.0,4.31,34.78
2026-02-19,6.7868,6.8525,6.7341,6.8,39232,55000,125.0,89.0,4.32,48.62
2026-02-20,6.7912,6.8282,6.7365,6.8,72266,55000,125.0,89.0,4.27,34.57
2026-02-23,6.7851,6.8616,6.7559,6.8,54412,55000,125.0,89.0,4.3,32.41
2026-02-24,6.7688,6.8468,6.7387,6.8,19782,55000,125.0,89.0,4.32,40.4
2026-02-25,6.8032,6.8509,6.7601,6.8,76196,55000,125.0,89.0,4.35,46.94
2026-02-26,6.8127,6.8506,6.7519,6.8,41315,55000,125.0,89.0,4.27,41.39
2026-02-27,6.8112,6.8425,6.759,6.8,25052,55000,125.0,89.0,4.3,36.01
2026-03-02,6.8178,6.8668,6.7494,6.8,34521,55000,125.0,89.0,4.27,32.35
2026-03-03,6.8071,6.8417,6.7277,6.8,84434,55000,125.0,89.0,4.26,25.66
2026-03-04,6.7884,6.8732,6.7532,6.8,84690,55000,125.0,89.0,4.3,36.12
2026-03-05,6.8183,6.8411,6.7845,6.8,50546,55000,125.0,89.0,4.32,38.7
2026-03-06,6.7705,6.8686,6.7135,6.8,40972,55000,125.0,89.0,4.3,44.71
2026-03-09,6.7804,6.8417,6.7094,6.8,79385,55000,125.0,89.0,4.33,30.08
2026-03-10,6.779,6.8484,6.7291,6.8,37030,55000,125.0,89.0,4.34,45.68
2026-03-11,6.8235,6.8806,6.7742,6.8,55376,55000,125.0,89.0,4.33,34.95
2026-03-12,6.8205,6.8537,6.7585,6.8,33055,55000,125.0,89.0,4.34,35.63
2026-03-13,6.8106,6.8682,6.7747,6.8,40493,55000,125.0,89.0,4.33,50.61
2026-03-16,6.8233,6.824,6.746,6.8,51775,55000,125.0,89.0,4.35,18.94
2026-03-17,6.7809,6.8318,6.7594,6.8,66057,55000,125.0,89.0,4.36,29.57
2026-03-18,6.8076,6.836,6.7614,6.8,51253,55000,125.0,89.0,4.37,40.39
2026-03-19,6.7973,6.8231,6.7702,6.8,66884,55000,125.0,89.0,4.43,39.96
2026-03-20,6.8184,6.8584,6.7544,6.8,32705,55000,125.0,89.0,4.46,25.53
2026-03-23,6.7975,6.8498,6.76,6.8,59676,55000,125.0,89.0,4.49,35.8
2026-03-24,6.7916,6.855,6.7452,6.8,22101,55000,125.0,89.0,4.48,48.14
2026-03-25,6.8118,6.8593,6.7561,6.8,77495,55000,125.0,89.0,4.43,30.12
2026-03-26,6.8191,6.8518,6.7726,6.8,19743,55000,125.0,89.0,4.43,49.19
2026-03-27,6.7855,6.8495,6.7317,6.8,23951,55000,125.0,89.0,4.41,33.91
2026-03-30,6.7987,6.8455,6.756,6.8,22014,55000,125.0,89.0,4.43,24.08
2026-03-31,6.777,6.8588,6.7496,6.8,51180,55000,125.0,89.0,4.43,46.96
2026-04-01,6.7456,6.8562,6.6655,6.8,71977,55000,125.0,89.0,4.47,42.13
2026-04-02,6.8044,6.8484,6.7487,6.8,74534,55000,125.0,89.0,4.42,27.54
2026-04-03,6.8132,6.8421,6.759,6.8,78209,55000,125.0,89.0,4.41,35.39
2026-04-06,6.8057,6.8386,6.7334,6.8,56908,55000,125.0,89.0,4.42,54.66
2026-04-07,6.7576,6.8345,6.684,6.8,65918,55000,125.0,89.0,4.39,45.6
2026-04-08,6.7924,6.8384,6.7513,6.8,23219,55000,125.0,89.0,4.42,49.48
2026-04-09,6.7517,6.8479,6.7025,6.8,22163,55000,125.0,89.0,4.45,30.32
2026-04-10,6.8298,6.885,6.7726,6.8,17470,55000,125.0,89.0,4.44,50.41
2026-04-13,6.7764,6.8427,6.7353,6.8,31543,55000,125.0,89.0,4.52,27.9
2026-04-14,6.8273,6.8711,6.7597,6.8,34276,55000,125.0,89.0,4.48,28.17
2026-04-15,6.8206,6.8665,6.7535,6.8,51881,55000,125.0,89.0,4.44,47.1
2026-04-16,6.7804,6.8351,6.7314,6.8,22749,55000,125.0,89.0,4.43,28.69
2026-04-17,6.7754,6.8284,6.7227,6.8,39182,55000,125.0,89.0,4.44,52.9
2026-04-20,6.8076,6.8225,6.7526,6.8,36383,55000,125.0,89.0,4.39,29.35
2026-04-21,6.7816,6.8322,6.7578,6.8,40412,55000,125.0,89.0,4.41,31.74
2026-04-22,6.8022,6.8534,6.7718,6.8,28181,55000,125.0,89.0,4.48,49.8
2026-04-23,6.7895,6.832,6.7549,6.8,59898,55000,125.0,89.0,4.44,34.72
2026-04-24,6.7612,6.8396,6.7223,6.8,74630,55000,125.0,89.0,4.45,46.76
2026-04-27,6.7515,6.8511,6.6908,6.8,18405,55000,125.0,89.0,4.48,30.54
2026-04-28,6.8049,6.8569,6.7755,6.8,25862,55000,125.0,89.0,4.5,37.65
2026-04-29,6.7878,6.8259,6.7501,6.8,69679,55000,125.0,89.0,4.57,46.3
2026-04-30,6.788,6.8598,6.7289,6.8,43688,55000,125.0,89.0,4.55,32.81
2026-05-01,6.8151,6.877,6.7614,6.8,63017,55000,125.0,89.0,4.61,48.69
2026-05-04,6.8255,6.8506,6.749,6.8,27939,55000,125.0,89.0,4.61,36.94
2026-05-05,6.7941,6.8301,6.7529,6.8,54585,55000,125.0,89.0,4.6,41.02
2026-05-06,6.7926,6.863,6.7449,6.8,37942,55000,125.0,89.0,4.66,31.48
2026-05-07,6.8109,6.852,6.7602,6.8,20272,55000,125.0,89.0,4.65,33.45
2026-05-08,6.7705,6.8073,6.7161,6.8,59134,55000,125.0,89.0,4.68,32.82
2026-05-11,6.8049,6.8256,6.7817,6.8,39265,55000,125.0,89.0,4.66,34.82
2026-05-12,6.812,6.8515,6.7624,6.8,63192,55000,125.0,89.0,4.63,53.14
2026-05-13,6.8148,6.8393,6.7516,6.8,43668,55000,125.0,89.0,4.59,49.53
2026-05-14,6.7579,6.8368,6.7057,6.8,84283,55000,125.0,89.0,4.61,43.84
2026-05-15,6.7834,6.844,6.7155,6.8,24297,55000,125.0,89.0,4.58,34.4
2026-05-18,6.7809,6.8674,6.7438,6.8,79005,55000,125.0,89.0,4.57,32.84
2026-05-19,6.8022,6.841,6.7323,6.8,73434,55000,125.0,89.0,4.56,31.76
2026-05-20,6.8105,6.8715,6.7672,6.8,79749,55000,125.0,89.0,4.53,37.42
2026-05-21,6.8326,6.8994,6.7348,6.8,16607,55000,125.0,89.0,4.51,42.38
2026-05-22,6.7892,6.8669,6.7323,6.8,74183,55000,125.0,89.0,4.52,45.22
2026-05-25,6.7892,6.8482,6.7606,6.8,71305,55000,125.0,89.0,4.43,40.12
2026-05-26,6.825,6.8365,6.7515,6.8,42973,55000,125.0,89.0,4.45,44.81
2026-05-27,6.8065,6.8575,6.7573,6.8,38117,55000,125.0,89.0,4.42,47.96
2026-05-28,6.8276,6.8882,6.7463,6.8,22645,55000,125.0,89.0,4.38,36.84
2026-05-29,6.8063,6.8485,6.7601,6.8,57238,55000,125.0,89.0,4.34,49.34
2026-06-01,6.7748,6.872,6.7363,6.8,84694,55000,125.0,89.0,4.35,31.64
2026-06-02,6.771,6.8576,6.7051,6.8,56773,55000,125.0,89.0,4.39,44.98
2026-06-03,6.7662,6.8528,6.7243,6.8,31786,55000,125.0,89.0,4.39,40.27
2026-06-04,6.8144,6.8756,6.743,6.8,55693,55000,125.0,89.0,4.4,41.49
2026-06-05,6.8259,6.8749,6.7602,6.8,41578,55000,125.0,89.0,4.42,36.87
2026-06-08,6.8402,6.843,6.7293,6.8,61408,55000,125.0,89.0,4.44,50.6
2026-06-09,6.8183,6.8537,6.7676,6.8,84702,55000,125.0,89.0,4.41,34.86
2026-06-10,6.8253,6.8884,6.7665,6.8,30076,55000,125.0,89.0,4.46,51.79
2026-06-11,6.7874,6.8303,6.719,6.8,34377,55000,125.0,89.0,4.45,51.85
2026-06-12,6.7748,6.8399,6.7385,6.8,24278,55000,125.0,89.0,4.46,43.83
2026-06-15,6.8185,6.845,6.7304,6.8,79808,55000,125.0,89.0,4.46,37.34
2026-06-16,6.8091,6.8817,6.7419,6.8,48539,55000,125.0,89.0,4.45,32.88
2026-06-17,6.8023,6.8733,6.759,6.8,26440,55000,125.0,89.0,4.47,23.05
2026-06-18,6.8084,6.8375,6.7861,6.8,41245,55000,125.0,89.0,4.49,44.59
2026-06-19,6.807,6.8529,6.7568,6.8,37097,55000,125.0,89.0,4.43,30.55
2026-06-22,6.8279,6.8603,6.7548,6.8,82092,55000,125.0,89.0,4.44,31.74
2026-06-23,6.8282,6.8818,6.7374,6.8,16151,55000,125.0,89.0,4.51,44.68
2026-06-24,6.8118,6.8636,6.7306,6.8,36698,55000,125.0,89.0,4.51,36.35
2026-06-25,6.8184,6.8752,6.7677,6.8,32601,55000,125.0,89.0,4.5,41.85
2026-06-26,6.8112,6.8601,6.7434,6.8,41807,55000,125.0,89.0,4.49,43.91
2026-06-29,6.79,6.8914,6.734,6.8,60302,55000,125.0,89.0,4.47,53.64
2026-06-30,6.8165,6.8432,6.739,6.8,23039,55000,125.0,89.0,4.44,41.69
2026-07-01,6.7697,6.8156,6.718,6.8,62427,55000,125.0,89.0,4.43,35.33
2026-07-02,6.8229,6.86,6.7882,6.8,73049,55000,125.0,89.0,4.43,39.36
2026-07-03,6.774,6.8179,6.733,6.8,34053,55000,125.0,89.0,4.45,35.09
2026-07-06,6.8062,6.8254,6.7753,6.8,70413,55000,125.0,89.0,4.43,55.98
2026-07-07,6.7816,6.8272,6.7414,6.8,80958,55000,125.0,89.0,4.49,43.16
2026-07-08,6.812,6.8405,6.7405,6.8,46275,55000,125.0,89.0,4.47,44.97
2026-07-09,6.7993,6.8279,6.7508,6.8,41597,55000,125.0,89.0,4.47,51.5
2026-07-10,6.7653,6.852,6.703,6.8,83908,55000,125.0,89.0,4.45,32.79
2026-07-13,6.8092,6.8445,6.7509,6.8,70188,55000,125.0,89.0,4.43,27.87
2026-07-14,6.7874,6.8406,6.7651,6.8,49710,55000,125.0,89.0,4.43,39.81
2026-07-15,6.8192,6.8773,6.7976,6.8,64050,55000,125.0,89.0,4.43,27.9
2026-07-16,6.8,6.831,6.7541,6.8,64249,55000,125.0,89.0,4.46,36.51
2026-07-17,6.8086,6.8478,6.76,6.8,49247,55000,125.0,89.0,4.45,21.48
2026-07-20,6.7792,6.8495,6.7516,6.8,41408,55000,125.0,89.0,4.4,28.51
2026-07-21,6.7872,6.8118,6.7714,6.8,20443,55000,125.0,89.0,4.44,50.39
2026-07-22,6.79,6.8046,6.7585,6.8,15079,55000,125.0,89.0,4.41,43.44
2026-07-23,6.8186,6.8678,6.7597,6.8,53345,55000,125.0,89.0,4.41,55.28
2026-07-24,6.8365,6.888,6.7456,6.8,27901,55000,125.0,89.0,4.41,39.74
2026-07-27,6.7825,6.8772,6.7359,6.8,82759,55000,125.0,89.0,4.41,39.41
2026-07-28,6.8234,6.8695,6.7302,6.8,57732,55000,125.0,89.0,4.37,41.83
2026-07-29,6.7528,6.8569,6.7262,6.8,32507,55000,125.0,89.0,4.39,70.5
2026-07-30,6.774,6.8403,6.7161,6.8,50391,55000,125.0,89.0,4.31,48.95
2026-07-31,6.7791,6.8484,6.7348,6.8,49171,55000,125.0,89.0,4.34,32.85
2026-08-03,6.7706,6.8707,6.7157,6.8,66730,55000,125.0,89.0,4.38,43.46
2026-08-04,6.7655,6.8089,6.7291,6.8,22485,55000,125.0,89.0,4.4,41.3
2026-08-05,6.809,6.8593,6.739,6.8,52748,55000,125.0,89.0,4.4,46.13
2026-08-06,6.7953,6.8784,6.747,6.8,18878,55000,125.0,89.0,4.4,55.92
2026-08-07,6.8083,6.8564,6.7676,6.8,16949,55000,125.0,89.0,4.38,45.0
2026-08-10,6.815,6.8855,6.7567,6.8,35881,55000,125.0,89.0,4.38,36.85
2026-08-11,6.8058,6.8391,6.7604,6.8,66306,55000,125.0,89.0,4.4,55.85
2026-08-12,6.8143,6.8573,6.7485,6.8,24958,55000,125.0,89.0,4.37,28.9
2026-08-13,6.7985,6.8441,6.7742,6.8,74185,55000,125.0,89.0,4.37,37.7
2026-08-14,6.7742,6.8073,6.7312,6.8,23697,55000,125.0,89.0,4.35,47.66
2026-08-17,6.823,6.8475,6.75,6.8,30493,55000,125.0,89.0,4.39,33.28
2026-08-18,6.7872,6.8256,6.7431,6.8,57801,55000,125.0,89.0,4.36,39.56
2026-08-19,6.7796,6.8569,6.7141,6.8,36199,55000,125.0,89.0,4.38,34.04
2026-08-20,6.7961,6.8578,6.7399,6.8,80792,55000,125.0,89.0,4.38,39.67
2026-08-21,6.7801,6.8488,6.7367,6.8,49488,55000,125.0,89.0,4.38,34.05
2026-08-24,6.7909,6.857,6.7438,6.8,45493,55000,125.0,89.0,4.4,40.67
2026-08-25,6.8075,6.8483,6.7517,6.8,64002,55000,125.0,89.0,4.39,37.2
2026-08-26,6.8076,6.8707,6.7499,6.8,38731,55000,125.0,89.0,4.39,51.28
2026-08-27,6.7805,6.8437,6.7668,6.8,22076,55000,125.0,89.0,4.43,43.28
2026-08-28,6.7894,6.8445,6.7508,6.8,16071,55000,125.0,89.0,4.4,46.27
2026-08-31,6.8234,6.8626,6.7807,6.8,82602,55000,125.0,89.0,4.41,41.23
2026-09-01,6.8108,6.8655,6.7356,6.8,56410,55000,125.0,89.0,4.44,36.31
