Date,Copper_Open,Copper_High,Copper_Low,Copper_Close,Copper_Volume,Crude_Oil,DXY_Index,Interest_Rate,LME_Stocks,Basis_Spread_3M_Cash
2018-09-04,2.6355,2.6425,2.5645,2.5835,1369,69.87,95.42,2.9,193264,-27.8
2018-09-05,2.5845,2.602,2.5815,2.5925,789,68.72,95.13,2.9,192887,-28.54
2018-09-06,2.608,2.647,2.608,2.6185,840,67.77,95.02,2.88,192268,-19.37
2018-09-07,2.602,2.631,2.581,2.6035,910,67.75,95.37,2.94,193479,-24.68
2018-09-10,2.598,2.6155,2.586,2.6105,943,67.54,95.15,2.94,193128,-24.94
2018-09-11,2.6075,2.635,2.566,2.604,942,69.25,95.06,2.98,193251,-33.72
2018-09-12,2.5995,2.667,2.5995,2.6585,614,70.37,94.8,2.96,192054,-19.84
2018-09-13,2.6625,2.696,2.6555,2.6645,848,68.59,94.54,2.96,192189,-29.14
2018-09-14,2.666,2.666,2.595,2.6275,793,68.99,94.98,2.99,193273,-23.11
2018-09-17,2.598,2.636,2.598,2.6335,607,68.91,94.51,3.0,193307,-21.94
2018-09-18,2.631,2.72,2.595,2.712,765,69.85,94.62,3.05,190351,-15.55
2018-09-19,2.7225,2.723,2.7065,2.71,420,71.12,94.55,3.08,190211,-28.92
2018-09-20,2.7085,2.75,2.7015,2.721,545,70.8,93.91,3.08,189935,-37.34
2018-09-21,2.76,2.838,2.75,2.8365,659,70.78,94.22,3.07,185032,-19.87
2018-09-24,2.835,2.846,2.807,2.816,526,72.08,94.26,3.08,184973,-12.05
2018-09-25,2.772,2.8235,2.772,2.8035,1014,72.28,94.13,3.1,185158,-15.01
2018-09-26,2.8045,2.807,2.8025,2.807,2012,71.57,94.19,3.06,184579,-20.11
2018-09-27,2.7985,2.8005,2.7515,2.7645,1923,72.12,95.0,3.06,186208,-24.15
2018-09-28,2.7695,2.7905,2.753,2.787,668,73.25,95.19,3.06,185012,-17.38
2018-10-01,2.783,2.7855,2.746,2.774,904,75.3,95.3,3.08,184832,-26.44
2018-10-02,2.7725,2.84,2.7525,2.795,627,75.23,95.51,3.06,184756,-18.93
2018-10-03,2.7965,2.8225,2.788,2.8225,291,76.41,95.76,3.16,183692,-18.44
2018-10-04,2.8355,2.84,2.765,2.765,532,74.33,95.75,3.2,185735,-16.39
2018-10-05,2.7715,2.7715,2.7455,2.751,407,74.34,95.62,3.22,185584,-8.06
2018-10-08,2.736,2.755,2.732,2.755,514,74.29,95.77,3.23,185199,-19.85
2018-10-09,2.7715,2.8035,2.742,2.795,498,74.96,95.68,3.21,183849,-23.86
2018-10-10,2.7985,2.7985,2.735,2.769,498,73.17,95.51,3.22,184241,-21.77
2018-10-11,2.735,2.797,2.715,2.797,290,70.97,95.02,3.13,183430,-30.13
2018-10-12,2.809,2.811,2.793,2.793,193,71.34,95.22,3.14,183299,-24.81
2018-10-15,2.801,2.8305,2.7805,2.7805,226,71.78,95.07,3.16,183606,-23.54
2018-10-16,2.773,2.7805,2.769,2.7705,221,71.92,95.05,3.16,183685,-24.24
2018-10-17,2.773,2.7735,2.757,2.767,468,69.75,95.58,3.18,184641,-20.9
2018-10-18,2.7655,2.7655,2.7375,2.7375,270,68.65,95.9,3.17,185667,-26.14
2018-10-19,2.739,2.771,2.739,2.768,519,69.12,95.71,3.2,184124,-16.04
2018-10-22,2.77,2.812,2.77,2.774,700,69.17,96.01,3.2,184284,-21.57
2018-10-23,2.769,2.769,2.734,2.747,351,66.43,95.96,3.17,184680,-21.96
2018-10-24,2.7495,2.7555,2.7465,2.7465,254,66.82,96.43,3.12,184791,-23.56
2018-10-25,2.72,2.764,2.72,2.7485,681,67.33,96.68,3.14,183839,-21.12
2018-10-26,2.7285,2.749,2.7235,2.744,388,67.59,96.36,3.08,183399,-17.82
2018-10-29,2.7625,2.7665,2.7385,2.7385,971,67.04,96.58,3.09,183680,-26.35
2018-10-30,2.7115,2.7245,2.663,2.663,890,66.18,97.01,3.11,186655,-26.25
2018-10-31,2.665,2.6835,2.653,2.6635,771,65.31,97.13,3.16,186715,-24.47
2018-11-01,2.6755,2.726,2.671,2.7215,1105,63.69,96.28,3.14,184633,-28.96
2018-11-02,2.72,2.803,2.72,2.803,787,63.14,96.54,3.21,181645,-25.31
2018-11-05,2.786,2.786,2.7525,2.7555,499,63.1,96.35,3.2,182642,-24.19
2018-11-06,2.7505,2.7605,2.73,2.7305,425,62.21,96.32,3.21,183193,-17.75
2018-11-07,2.746,2.7525,2.74,2.7525,671,61.67,96.0,3.21,182216,-20.53
2018-11-08,2.7335,2.737,2.706,2.737,425,60.67,96.64,3.23,183234,-21.07
2018-11-09,2.73,2.73,2.6805,2.6865,325,60.19,96.91,3.19,185156,-18.41
2018-11-12,2.678,2.678,2.678,2.678,302,59.93,97.54,3.19,184660,-23.46
2018-11-13,2.72,2.72,2.68,2.687,701,55.69,97.3,3.14,184491,-20.71
2018-11-14,2.7095,2.7095,2.7095,2.7095,361,56.25,96.8,3.12,183530,-22.9
2018-11-15,2.745,2.751,2.745,2.749,277,56.46,96.93,3.12,181843,-20.56
2018-11-16,2.804,2.804,2.793,2.804,300,56.46,96.47,3.07,180193,-24.11
2018-11-19,2.78,2.8045,2.7655,2.8045,681,56.76,96.19,3.06,180640,-33.39
2018-11-20,2.7905,2.8185,2.7665,2.7665,434,53.43,96.81,3.05,182389,-22.34
2018-11-21,2.7565,2.7945,2.7565,2.7945,281,54.63,96.71,3.06,181031,-14.21
2018-11-23,2.7705,2.7705,2.7705,2.7705,300,50.42,96.92,3.05,181732,-16.99
2018-11-26,2.763,2.763,2.751,2.7585,244,51.63,97.07,3.07,182301,-16.94
2018-11-27,2.7255,2.733,2.7105,2.7105,267,51.56,97.37,3.06,184420,-16.19
2018-11-28,2.7365,2.796,2.736,2.796,45923,50.29,96.79,3.04,181212,-20.86
2018-11-29,2.7905,2.7965,2.7685,2.778,10656,51.45,96.78,3.04,181758,-20.54
2018-11-30,2.778,2.7905,2.757,2.7775,1793,50.93,97.27,3.01,181278,-24.62
2018-12-03,2.8,2.847,2.779,2.7995,1624,52.95,97.04,2.99,179970,-22.84
2018-12-04,2.7945,2.8105,2.74,2.7485,1083,53.25,96.97,2.92,182120,-18.81
2018-12-06,2.759,2.759,2.705,2.7405,1124,51.49,96.81,2.88,183011,-15.97
2018-12-07,2.761,2.762,2.7455,2.7575,773,52.61,96.51,2.85,182383,-22.48
2018-12-10,2.7365,2.746,2.7155,2.7185,529,51.0,97.22,2.86,184200,-24.52
2018-12-11,2.726,2.7715,2.726,2.766,576,51.65,97.39,2.88,182700,-21.67
2018-12-12,2.7615,2.7685,2.7535,2.7685,739,51.15,97.04,2.91,182322,-18.64
2018-12-13,2.788,2.788,2.7615,2.7625,418,52.58,97.06,2.91,182695,-28.94
2018-12-14,2.76,2.7605,2.7285,2.7605,813,51.2,97.44,2.89,183457,-33.22
2018-12-17,2.753,2.753,2.7185,2.753,727,49.88,97.1,2.86,183703,-24.59
2018-12-18,2.74,2.74,2.66,2.671,1007,46.24,97.14,2.83,187277,-28.97
2018-12-19,2.686,2.7215,2.6795,2.7215,466,47.2,97.04,2.78,184331,-24.77
2018-12-20,2.669,2.708,2.669,2.702,402,45.88,96.28,2.79,185383,-23.21
2018-12-21,2.6905,2.696,2.6675,2.6785,534,45.59,96.96,2.79,186245,-25.03
2018-12-24,2.675,2.675,2.6685,2.6685,374,42.53,96.55,2.75,186461,-15.63
2018-12-26,2.67,2.7085,2.65,2.7085,346,46.22,97.05,2.8,185102,-20.76
2018-12-27,2.6855,2.686,2.6675,2.6675,599,44.61,96.48,2.74,185642,-21.4
2018-12-28,2.683,2.714,2.6735,2.679,2189,45.33,96.39,2.74,185141,-19.65
2018-12-31,2.673,2.673,2.6275,2.628,1533,45.41,96.17,2.69,187087,-29.09
2019-01-02,2.666,2.666,2.5995,2.625,725,46.54,96.82,2.66,187857,-18.24
2019-01-03,2.59,2.601,2.5495,2.5705,411,47.09,96.31,2.55,189531,-24.5
2019-01-04,2.6105,2.6515,2.6105,2.6515,257,47.96,96.19,2.66,186332,-19.75
2019-01-07,2.6445,2.646,2.641,2.641,363,48.52,95.71,2.68,186474,-28.6
2019-01-08,2.6485,2.6605,2.6375,2.6605,398,49.78,95.9,2.72,186203,-30.76
2019-01-09,2.6565,2.6785,2.6565,2.662,330,52.36,95.22,2.73,186299,-18.89
2019-01-10,2.6545,2.6545,2.638,2.6435,320,52.59,95.54,2.73,186708,-21.32
2019-01-11,2.652,2.6695,2.644,2.6695,290,51.59,95.67,2.7,186029,-27.39
2019-01-14,2.638,2.6455,2.6355,2.6455,381,50.51,95.59,2.71,186913,-27.53
2019-01-15,2.66,2.67,2.649,2.6505,370,52.11,95.97,2.71,187174,-17.49
2019-01-16,2.6755,2.6935,2.6755,2.6935,324,52.31,96.06,2.73,185353,-28.53
2019-01-17,2.6815,2.7125,2.678,2.7,380,52.07,96.07,2.75,184978,-14.29
2019-01-18,2.704,2.741,2.704,2.741,289,53.8,96.34,2.78,183366,-26.49
2019-01-22,2.7125,2.7125,2.6865,2.689,360,52.57,96.3,2.73,184528,-19.45
2019-01-23,2.6915,2.694,2.6915,2.694,393,52.62,96.12,2.76,184486,-24.22
2019-01-24,2.6825,2.6825,2.6735,2.6735,382,53.13,96.6,2.71,185321,-19.82
2019-01-25,2.6715,2.738,2.6715,2.738,372,53.69,95.79,2.75,183066,-24.75
2019-01-28,2.712,2.712,2.6875,2.6875,484,51.99,95.75,2.74,184728,-23.47
2019-01-29,2.732,2.732,2.732,2.732,299,53.31,95.82,2.71,182533,-21.9
2019-01-30,2.7425,2.787,2.7425,2.773,992,54.23,95.34,2.69,180909,-26.6
2019-01-31,2.7795,2.798,2.7795,2.789,613,53.79,95.58,2.63,180195,-17.68
2019-02-01,2.765,2.7815,2.757,2.775,978,55.26,95.58,2.69,180324,-24.13
2019-02-04,2.7655,2.8005,2.7605,2.795,710,54.56,95.85,2.72,179551,-22.46
2019-02-05,2.8045,2.8225,2.803,2.817,684,53.66,96.1,2.7,178963,-26.01
2019-02-06,2.8455,2.8455,2.8245,2.8355,757,54.01,96.42,2.7,179164,-33.62
2019-02-07,2.8305,2.837,2.825,2.8285,779,52.64,96.51,2.65,179488,-21.85
2019-02-08,2.8285,2.8325,2.805,2.81,764,52.72,96.64,2.63,180251,-9.06
2019-02-11,2.795,2.797,2.785,2.7915,404,52.41,97.06,2.66,180865,-17.43
2019-02-12,2.7865,2.7865,2.7595,2.7745,657,53.1,96.71,2.68,180597,-21.67
2019-02-13,2.7735,2.778,2.7695,2.774,420,53.9,97.13,2.71,180602,-22.89
2019-02-14,2.7735,2.776,2.766,2.776,371,54.41,96.98,2.66,180559,-21.44
2019-02-15,2.802,2.82,2.789,2.8025,424,55.59,96.92,2.67,180740,-18.48
2019-02-19,2.8425,2.8815,2.8395,2.8815,347,56.09,96.52,2.65,177889,-26.14
2019-02-20,2.904,2.93,2.904,2.93,370,56.92,96.45,2.65,176327,-14.05
2019-02-21,2.914,2.914,2.9025,2.9025,603,56.96,96.61,2.69,177274,-16.39
2019-02-22,2.935,2.961,2.935,2.961,311,57.26,96.51,2.65,174700,-15.65
2019-02-25,2.9605,2.9605,2.949,2.95,173,55.48,96.41,2.67,175600,-17.18
2019-02-26,2.954,2.954,2.944,2.944,54177,55.5,96.0,2.64,176148,-19.35
2019-02-27,2.944,2.9715,2.928,2.959,12839,56.94,96.15,2.69,175979,-15.9
2019-02-28,2.968,2.968,2.9425,2.95,2510,57.22,96.16,2.71,175885,-16.42
2019-03-01,2.9465,2.978,2.9255,2.9335,1431,55.8,96.53,2.76,177094,-21.35
2019-03-04,2.9335,2.947,2.9,2.911,832,56.59,96.68,2.72,177250,-22.73
2019-03-05,2.9195,2.9505,2.9195,2.936,970,56.56,96.85,2.72,176639,-19.04
2019-03-06,2.938,2.9435,2.918,2.9185,990,56.22,96.87,2.69,178238,-12.02
2019-03-07,2.925,2.925,2.8965,2.9115,692,56.66,97.67,2.64,178037,-26.05
2019-03-08,2.896,2.9025,2.877,2.894,875,56.07,97.37,2.62,178394,-27.41
2019-03-11,2.894,2.9055,2.894,2.9,341,56.79,97.22,2.64,178229,-19.18
2019-03-12,2.912,2.951,2.911,2.9275,610,56.87,96.94,2.61,177040,-19.4
2019-03-13,2.9225,2.934,2.9225,2.9335,570,58.26,96.55,2.61,176132,-18.71
2019-03-14,2.9295,2.9295,2.88,2.8885,698,58.61,96.79,2.63,177738,-18.92
2019-03-15,2.8855,2.9145,2.8855,2.9035,407,58.52,96.6,2.59,176735,-21.07
2019-03-18,2.919,2.9255,2.9025,2.9035,319,59.09,96.52,2.6,176948,-12.51
2019-03-19,2.909,2.9345,2.909,2.9195,494,59.03,96.38,2.61,175975,-27.76
2019-03-20,2.9145,2.934,2.905,2.9155,475,59.83,95.76,2.54,176812,-23.95
2019-03-21,2.9475,2.9475,2.89,2.9,351,59.98,96.5,2.54,177002,-20.52
2019-03-22,2.89,2.89,2.835,2.836,289,59.04,96.65,2.45,179097,-29.02
2019-03-25,2.8485,2.85,2.8335,2.8495,492,58.82,96.57,2.42,178991,-21.51
2019-03-26,2.8575,2.86,2.8505,2.8505,634,59.94,96.74,2.41,178402,-12.31
2019-03-27,2.8575,2.858,2.8575,2.858,490,59.41,96.77,2.37,178242,-20.42
2019-03-28,2.871,2.8775,2.8665,2.8685,631,59.3,97.2,2.39,178462,-19.24
2019-03-29,2.8985,2.936,2.8985,2.936,386,60.14,97.28,2.41,175377,-25.85
2019-04-01,2.94,2.9505,2.918,2.9205,507,61.59,97.25,2.5,176002,-22.83
2019-04-02,2.926,2.926,2.9,2.904,299,62.58,97.36,2.48,176697,-21.83
2019-04-03,2.928,2.9465,2.918,2.9465,390,62.46,97.09,2.52,175561,-21.01
2019-04-04,2.9305,2.9305,2.9085,2.9085,214,62.1,97.31,2.51,176334,-13.49
2019-04-05,2.89,2.8925,2.8865,2.8925,322,63.08,97.4,2.5,176300,-17.31
2019-04-08,2.9125,2.932,2.9125,2.9295,226,64.4,97.05,2.52,175240,-25.19
2019-04-09,2.951,2.954,2.9305,2.9315,221,63.98,97.01,2.5,175304,-18.37
2019-04-10,2.9225,2.9225,2.9185,2.9225,241,64.61,96.95,2.48,175731,-17.23
2019-04-11,2.9105,2.9105,2.886,2.886,255,63.58,97.18,2.5,177165,-14.47
2019-04-12,2.948,2.9515,2.939,2.946,519,63.89,96.97,2.56,174759,-11.52
2019-04-15,2.9175,2.934,2.917,2.934,201,63.4,96.94,2.55,175283,-24.65
2019-04-16,2.937,2.937,2.9305,2.9305,237,64.05,97.04,2.59,175538,-23.67
2019-04-17,2.9895,2.9895,2.963,2.9755,406,63.76,97.01,2.59,173641,-25.34
2019-04-18,2.9355,2.936,2.9275,2.9275,228,64.0,97.47,2.56,176161,-20.83
2019-04-22,2.911,2.911,2.9065,2.9065,139,65.7,97.28,2.59,177109,-17.59
2019-04-23,2.895,2.906,2.885,2.8985,287,66.3,97.57,2.57,176853,-15.08
2019-04-24,2.906,2.922,2.906,2.9175,271,65.89,98.1,2.52,176483,-20.16
2019-04-25,2.9215,2.9215,2.875,2.8775,338,65.21,98.2,2.53,177445,-21.88
2019-04-26,2.97,2.97,2.97,2.97,48877,63.3,98.01,2.51,174561,-18.37
2019-04-29,2.8885,2.901,2.8655,2.895,21435,63.5,97.86,2.54,177708,-24.24
2019-04-30,2.8895,2.919,2.877,2.9015,2500,63.91,97.48,2.51,177111,-9.53
2019-05-01,2.9035,2.906,2.79,2.803,1777,63.6,97.69,2.51,180992,-29.25
2019-05-02,2.8025,2.8075,2.778,2.784,871,61.81,97.83,2.55,181843,-20.53
2019-05-03,2.7905,2.8355,2.789,2.825,1071,61.94,97.52,2.53,180778,-10.82
2019-05-06,2.802,2.8545,2.7545,2.837,538,62.25,97.52,2.5,181211,-20.75
2019-05-07,2.832,2.8415,2.787,2.794,983,61.4,97.63,2.45,182606,-22.28
2019-05-08,2.799,2.815,2.772,2.7855,734,62.12,97.62,2.48,182564,-23.22
2019-05-09,2.7755,2.784,2.746,2.7835,580,61.7,97.37,2.46,182234,-22.36
2019-05-10,2.791,2.793,2.7705,2.785,722,61.66,97.33,2.45,181814,-14.57
2019-05-13,2.77,2.771,2.7185,2.7295,592,61.04,97.32,2.4,183722,-33.19
2019-05-14,2.7295,2.743,2.7275,2.7345,544,61.78,97.53,2.42,183701,-14.4
2019-05-15,2.732,2.7605,2.7305,2.7535,523,62.02,97.57,2.38,183160,-28.95
2019-05-16,2.758,2.784,2.754,2.7585,332,62.87,97.84,2.4,183357,-23.1
2019-05-17,2.76,2.7505,2.74,2.748,279,62.76,98.0,2.39,183731,-24.05
2019-05-20,2.742,2.742,2.7215,2.736,416,63.1,97.93,2.42,184805,-19.11
2019-05-21,2.737,2.739,2.716,2.7235,396,62.99,98.06,2.43,185123,-30.2
2019-05-22,2.71,2.71,2.6775,2.686,406,61.42,98.11,2.39,187660,-20.36
2019-05-23,2.665,2.691,2.665,2.6865,351,57.91,97.85,2.3,187924,-12.55
2019-05-24,2.697,2.714,2.697,2.7065,245,58.63,97.61,2.32,186838,-29.23
2019-05-28,2.7195,2.7195,2.701,2.7035,606,59.14,97.96,2.27,186461,-21.51
2019-05-29,2.7005,2.7005,2.67,2.6725,443,58.81,98.14,2.24,187763,-26.15
2019-05-30,2.672,2.675,2.6435,2.6605,704,56.59,98.14,2.23,188083,-20.86
2019-05-31,2.64,2.6565,2.6385,2.646,409,53.5,97.75,2.14,188912,-23.08
2019-06-03,2.635,2.6605,2.63,2.6555,537,53.25,97.14,2.08,188792,-26.26
2019-06-04,2.661,2.675,2.6465,2.6735,310,53.48,97.07,2.12,188129,-20.39
2019-06-05,2.657,2.657,2.626,2.627,362,51.68,97.37,2.12,189376,-14.39
2019-06-06,2.6435,2.654,2.63,2.654,300,52.59,97.03,2.12,187749,-24.03
2019-06-07,2.649,2.658,2.6065,2.6305,303,53.99,96.61,2.08,188371,-19.77
2019-06-10,2.6615,2.6655,2.6615,2.664,447,53.26,96.76,2.14,187583,-29.42
2019-06-11,2.69,2.69,2.669,2.6755,297,53.27,96.69,2.14,187277,-27.59
2019-06-12,2.6575,2.6645,2.6575,2.659,398,51.14,97.0,2.13,187294,-20.65
2019-06-13,2.649,2.661,2.649,2.661,267,52.28,97.01,2.09,187302,-15.57
2019-06-14,2.6405,2.641,2.6345,2.6345,372,52.51,97.57,2.09,188403,-21.54
2019-06-17,2.643,2.654,2.638,2.651,278,51.93,97.56,2.09,187428,-24.68
2019-06-18,2.6795,2.7125,2.679,2.707,347,53.9,97.64,2.06,185537,-22.42
2019-06-19,2.6915,2.6915,2.679,2.6845,548,53.76,97.12,2.03,186351,-28.95
2019-06-20,2.7,2.732,2.7,2.7155,523,56.65,96.63,2.0,184751,-19.28
2019-06-21,2.706,2.7095,2.706,2.706,548,57.43,96.22,2.07,185245,-18.01
2019-06-24,2.693,2.7055,2.691,2.7055,508,57.9,95.98,2.02,185515,-24.69
2019-06-25,2.7275,2.741,2.7275,2.7355,358,57.83,96.16,1.99,184952,-24.41
2019-06-26,2.7285,2.729,2.704,2.711,42742,59.38,96.21,2.05,186284,-21.03
2019-06-27,2.7125,2.7225,2.6945,2.7125,17283,59.43,96.19,2.01,185611,-24.53
2019-06-28,2.7185,2.721,2.6985,2.7055,3316,58.47,96.13,2.0,185434,-22.76
2019-07-01,2.738,2.746,2.671,2.6795,2143,59.09,96.84,2.03,186576,-12.26
2019-07-02,2.6765,2.6825,2.6515,2.6575,991,56.25,96.73,1.98,187577,-24.27
2019-07-03,2.661,2.6825,2.6425,2.6795,759,57.34,96.77,1.95,187039,-24.55
2019-07-05,2.681,2.6815,2.6505,2.6585,431,57.51,97.25,2.05,189508,-26.26
2019-07-08,2.655,2.6805,2.6545,2.656,582,57.66,97.38,2.03,189852,-19.33
2019-07-09,2.65,2.652,2.6135,2.6245,888,57.83,97.49,2.05,191466,-24.35
2019-07-10,2.631,2.697,2.6295,2.693,416,60.43,97.1,2.06,189497,-25.83
2019-07-11,2.685,2.692,2.6815,2.6825,799,60.2,97.05,2.12,190158,-16.11
2019-07-12,2.7035,2.7035,2.6745,2.6915,728,60.21,96.81,2.11,189701,-15.51
2019-07-15,2.7165,2.72,2.7025,2.7075,351,59.58,96.93,2.09,189483,-25.41
2019-07-16,2.707,2.7275,2.6935,2.6935,714,57.62,97.4,2.12,189625,-31.91
2019-07-17,2.6935,2.71,2.6825,2.71,536,56.78,97.22,2.06,188941,-17.34
2019-07-18,2.7,2.71,2.7,2.704,443,55.3,96.79,2.04,188933,-25.87
2019-07-19,2.73,2.793,2.73,2.7445,599,55.63,97.15,2.05,187552,-17.99
2019-07-22,2.735,2.7415,2.7145,2.7145,639,56.22,97.26,2.04,189643,-32.17
2019-07-23,2.706,2.7175,2.684,2.694,429,56.77,97.71,2.07,189521,-18.11
2019-07-24,2.6985,2.707,2.6945,2.704,330,55.88,97.73,2.05,189479,-28.51
2019-07-25,2.697,2.7245,2.6955,2.6955,367,56.02,97.82,2.07,189051,-18.9
2019-07-26,2.6845,2.6875,2.6765,2.6765,507,56.2,98.01,2.08,189504,-22.72
2019-07-29,2.692,2.7095,2.691,2.7095,680,56.87,98.04,2.06,188839,-27.15
2019-07-30,2.7145,2.7195,2.668,2.6705,1176,58.05,98.05,2.06,190233,-24.9
2019-07-31,2.68,2.68,2.6535,2.658,1040,58.58,98.52,2.02,190185,-19.59
2019-08-01,2.6465,2.6605,2.615,2.66,1362,53.95,98.39,1.89,189793,-22.47
2019-08-02,2.5805,2.592,2.563,2.565,395,55.66,98.1,1.86,193424,-21.27
2019-08-05,2.5415,2.5505,2.537,2.537,334,54.69,97.5,1.74,194076,-14.66
2019-08-06,2.552,2.5555,2.5505,2.551,518,53.63,97.63,1.74,193683,-32.18
2019-08-07,2.56,2.583,2.5435,2.565,371,51.09,97.54,1.68,193214,-16.1
2019-08-08,2.588,2.602,2.588,2.602,333,52.54,97.62,1.72,191625,-23.2
2019-08-09,2.597,2.597,2.584,2.584,447,54.5,97.49,1.73,193220,-28.44
2019-08-12,2.58,2.58,2.5735,2.58,236,54.93,97.38,1.64,193645,-30.65
2019-08-13,2.578,2.625,2.578,2.6245,388,57.1,97.81,1.68,191177,-24.39
2019-08-14,2.5865,2.59,2.585,2.5865,495,55.23,97.99,1.58,192590,-19.31
2019-08-15,2.5895,2.5895,2.582,2.5895,397,54.47,98.14,1.53,192188,-24.52
2019-08-16,2.5885,2.6,2.5885,2.59,368,54.87,98.14,1.54,192554,-16.32
2019-08-19,2.607,2.616,2.597,2.597,338,56.21,98.35,1.6,191952,-31.04
2019-08-20,2.5875,2.5875,2.5705,2.574,402,56.34,98.19,1.56,192705,-24.14
2019-08-21,2.572,2.582,2.572,2.5815,453,55.68,98.3,1.58,192670,-30.24
2019-08-22,2.575,2.575,2.5535,2.5535,394,55.35,98.17,1.61,194040,-22.51
2019-08-23,2.569,2.569,2.526,2.526,354,54.17,97.64,1.53,194462,-20.24
2019-08-26,2.54,2.54,2.5335,2.54,426,53.64,98.08,1.54,193822,-26.6
2019-08-27,2.553,2.553,2.5435,2.5435,436,54.93,98.0,1.49,193485,-37.48
2019-08-28,2.557,2.5575,2.5505,2.551,56567,55.78,98.21,1.47,192929,-23.37
2019-08-29,2.559,2.5815,2.541,2.5595,16954,56.71,98.51,1.52,193426,-22.07
2019-08-30,2.56,2.563,2.5295,2.533,2202,55.1,98.92,1.51,194536,-22.57
2019-09-03,2.5345,2.5365,2.4675,2.5125,2394,53.94,98.95,1.47,194686,-18.66
2019-09-04,2.523,2.579,2.5225,2.579,1139,56.26,98.45,1.46,192771,-29.37
2019-09-05,2.599,2.63,2.5835,2.6245,890,56.3,98.41,1.57,192134,-20.04
2019-09-06,2.614,2.6245,2.602,2.6155,782,56.52,98.39,1.55,192913,-17.59
2019-09-09,2.6135,2.6135,2.602,2.6105,613,57.85,98.28,1.62,192405,-32.51
2019-09-10,2.607,2.614,2.5915,2.6105,560,57.4,98.33,1.7,192187,-22.02
2019-09-11,2.6065,2.615,2.588,2.5975,616,55.75,98.65,1.73,193212,-26.3
2019-09-12,2.601,2.65,2.578,2.6235,912,55.09,98.31,1.79,191983,-23.86
2019-09-13,2.6265,2.6835,2.6265,2.681,414,54.85,98.26,1.9,190171,-21.0
2019-09-16,2.6525,2.656,2.62,2.621,494,62.9,98.65,1.84,192619,-25.92
2019-09-17,2.6155,2.617,2.596,2.6095,545,59.34,98.26,1.81,192605,-27.01
2019-09-18,2.595,2.6015,2.58,2.5955,415,58.11,98.6,1.79,193068,-23.64
2019-09-19,2.59,2.598,2.59,2.591,418,58.13,98.27,1.77,191767,-29.3
2019-09-20,2.593,2.6115,2.5695,2.59,464,58.09,98.51,1.75,191341,-29.3
2019-09-23,2.576,2.5945,2.56,2.5945,583,58.64,98.6,1.71,191070,-20.42
2019-09-24,2.605,2.606,2.5855,2.5895,563,57.29,98.34,1.63,190683,-29.63
2019-09-25,2.587,2.5955,2.5755,2.595,515,56.49,99.04,1.73,191225,-20.48
2019-09-26,2.598,2.598,2.56,2.56,925,56.41,99.21,1.68,191807,-21.94
2019-09-27,2.562,2.596,2.562,2.583,1424,55.91,99.11,1.67,190804,-32.59
2019-09-30,2.596,2.596,2.56,2.5645,684,54.07,99.38,1.67,191510,-27.58
2019-10-01,2.55,2.555,2.5085,2.552,897,53.62,99.13,1.64,192596,-18.38
2019-10-02,2.5565,2.5615,2.5425,2.5615,422,52.64,99.04,1.6,191617,-29.14
2019-10-03,2.5645,2.57,2.538,2.5455,258,52.45,98.86,1.54,192701,-26.75
2019-10-04,2.5325,2.5555,2.5325,2.5555,356,52.81,98.81,1.51,192355,-22.0
2019-10-07,2.562,2.584,2.562,2.572,575,52.75,98.99,1.55,191336,-20.18
2019-10-08,2.574,2.574,2.56,2.5635,348,52.63,99.14,1.54,191842,-25.46
2019-10-09,2.5625,2.5625,2.5585,2.562,258,52.59,99.12,1.59,191984,-27.21
2019-10-10,2.546,2.6125,2.546,2.605,389,53.55,98.71,1.66,190209,-16.58
2019-10-11,2.6035,2.6225,2.6,2.6185,373,54.7,98.3,1.75,189768,-14.82
2019-10-14,2.6,2.6235,2.6,2.6235,322,53.59,98.45,1.73,189419,-18.56
2019-10-15,2.621,2.621,2.6005,2.604,281,52.81,98.29,1.77,190153,-23.27
2019-10-16,2.5765,2.5795,2.5765,2.5795,396,53.36,98.01,1.75,191308,-28.05
2019-10-17,2.5785,2.6015,2.5785,2.587,411,53.93,97.61,1.76,191759,-28.06
2019-10-18,2.586,2.6265,2.585,2.625,355,53.78,97.28,1.75,189872,-20.82
2019-10-21,2.633,2.6405,2.6265,2.635,390,53.31,97.33,1.79,190482,-21.22
2019-10-22,2.6315,2.6315,2.6205,2.622,359,54.16,97.53,1.77,190059,-16.47
2019-10-23,2.62,2.6625,2.619,2.6625,474,55.97,97.47,1.76,188573,-19.72
2019-10-24,2.667,2.667,2.6555,2.659,450,56.23,97.63,1.77,188960,-30.53
2019-10-25,2.6605,2.6775,2.6605,2.6665,315,56.66,97.83,1.8,188824,-17.66
2019-10-28,2.6725,2.675,2.6715,2.6725,491,55.81,97.76,1.85,188334,-27.83
2019-10-29,2.671,2.6825,2.671,2.6825,637,55.54,97.69,1.84,187890,-24.64
2019-10-30,2.685,2.6865,2.675,2.6805,780,55.06,97.65,1.8,187738,-21.49
2019-10-31,2.6565,2.6615,2.625,2.633,500,54.18,97.35,1.69,189136,-13.36
2019-11-01,2.636,2.656,2.63,2.651,875,56.2,97.24,1.73,188888,-7.56
2019-11-04,2.6615,2.667,2.6615,2.667,639,56.54,97.51,1.79,188489,-19.88
2019-11-05,2.6975,2.7085,2.691,2.695,586,57.23,97.98,1.87,187197,-23.48
2019-11-06,2.67,2.67,2.661,2.661,354,56.35,97.95,1.81,188792,-20.31
2019-11-07,2.724,2.724,2.7185,2.724,566,57.15,98.14,1.93,186725,-17.76
2019-11-08,2.698,2.698,2.678,2.678,247,57.24,98.35,1.93,188701,-24.38
2019-11-11,2.675,2.675,2.66,2.66,476,56.86,98.2,1.94,189614,-14.02
2019-11-12,2.65,2.652,2.642,2.642,361,56.8,98.31,1.91,189871,-22.07
2019-11-13,2.6325,2.6365,2.63,2.6365,535,57.12,98.37,1.87,189812,-20.81
2019-11-14,2.622,2.622,2.6175,2.6185,398,56.77,98.16,1.82,190778,-20.19
2019-11-15,2.632,2.635,2.632,2.635,569,57.72,98.0,1.83,190475,-21.2
2019-11-18,2.631,2.631,2.6165,2.6175,554,57.05,97.79,1.81,191078,-19.34
2019-11-19,2.65,2.6535,2.6425,2.6535,443,55.21,97.86,1.79,189871,-26.17
2019-11-20,2.647,2.65,2.6465,2.6465,406,57.11,97.93,1.74,190691,-25.96
2019-11-21,2.6245,2.6275,2.621,2.621,424,58.58,97.99,1.77,191317,-28.99
2019-11-22,2.6135,2.649,2.6135,2.6475,341,57.77,98.27,1.77,190636,-20.96
2019-11-25,2.6475,2.6475,2.6475,2.6475,261,58.01,98.32,1.76,190545,-19.26
2019-11-26,2.646,2.6745,2.646,2.6745,54906,58.41,98.25,1.74,189502,-20.53
2019-11-27,2.6755,2.6905,2.6645,2.6745,24176,58.11,98.41,1.77,189996,-14.45
2019-11-29,2.6785,2.68,2.6345,2.642,2253,55.17,98.27,1.78,191505,-23.25
2019-12-02,2.6425,2.658,2.6295,2.6325,907,55.96,97.86,1.84,192204,-20.0
2019-12-03,2.6325,2.636,2.605,2.608,1856,56.1,97.74,1.71,193649,-29.11
2019-12-04,2.615,2.65,2.6105,2.644,655,58.43,97.65,1.78,192398,-25.14
2019-12-05,2.6405,2.66,2.6405,2.6485,354,58.43,97.41,1.8,192548,-19.67
2019-12-06,2.6665,2.7365,2.653,2.711,718,59.2,97.7,1.84,190221,-18.12
2019-12-09,2.7165,2.748,2.713,2.7465,988,59.02,97.64,1.83,189124,-23.39
2019-12-10,2.75,2.757,2.746,2.7555,667,59.24,97.41,1.83,188750,-22.16
2019-12-11,2.75,2.79,2.749,2.7825,791,58.76,97.16,1.79,187849,-29.06
2019-12-12,2.784,2.8075,2.7605,2.7895,396,59.18,97.4,1.9,187872,-23.17
2019-12-13,2.815,2.82,2.762,2.7805,711,60.07,97.17,1.82,187819,-17.04
2019-12-16,2.7965,2.8205,2.7965,2.8205,905,60.21,97.07,1.89,187360,-18.12
2019-12-17,2.8145,2.8225,2.812,2.8195,524,60.94,97.21,1.89,186942,-18.5
2019-12-18,2.804,2.819,2.797,2.817,472,60.93,97.41,1.92,186484,-20.79
2019-12-19,2.82,2.8315,2.816,2.8315,446,61.22,97.42,1.91,186497,-20.82
2019-12-20,2.8315,2.8315,2.803,2.811,643,60.44,97.71,1.92,187571,-24.41
2019-12-23,2.805,2.8235,2.805,2.817,793,60.52,97.66,1.93,187642,-17.54
2019-12-24,2.82,2.84,2.818,2.8385,426,61.11,97.65,1.91,187172,-18.66
2019-12-26,2.8545,2.867,2.8545,2.8645,451,61.68,97.59,1.9,186257,-17.98
2019-12-27,2.855,2.855,2.82,2.8365,638,61.72,96.92,1.87,186833,-23.42
2019-12-30,2.831,2.8335,2.8145,2.8275,1476,61.68,96.74,1.89,187182,-31.67
2019-12-31,2.804,2.804,2.794,2.794,420,61.06,96.39,1.92,188050,-15.84
2020-01-02,2.8165,2.833,2.7945,2.833,1182,61.18,96.85,1.88,187123,-23.23
2020-01-03,2.7935,2.7985,2.7895,2.7985,321,63.05,96.84,1.79,188265,-25.58
2020-01-06,2.778,2.8005,2.778,2.8005,333,63.27,96.67,1.81,187823,-17.78
2020-01-07,2.801,2.807,2.801,2.804,261,62.7,96.98,1.83,187556,-23.16
2020-01-08,2.787,2.819,2.7805,2.819,394,59.61,97.3,1.87,187217,-15.71
2020-01-09,2.8255,2.8255,2.801,2.8105,208,59.56,97.45,1.86,187261,-18.03
2020-01-10,2.81,2.826,2.8015,2.8185,364,59.04,97.36,1.83,186611,-17.6
2020-01-13,2.862,2.862,2.8555,2.8615,247,58.08,97.35,1.85,185216,-27.31
2020-01-14,2.8575,2.876,2.8575,2.876,292,58.23,97.37,1.82,184818,-14.24
2020-01-15,2.861,2.87,2.8485,2.87,288,57.81,97.23,1.79,184800,-19.07
2020-01-16,2.8545,2.8555,2.846,2.852,237,58.52,97.32,1.81,185218,-22.45
2020-01-17,2.857,2.8575,2.8495,2.8495,298,58.54,97.61,1.84,185410,-19.91
2020-01-21,2.809,2.8135,2.7985,2.7985,401,58.34,97.53,1.77,186543,-30.15
2020-01-22,2.8005,2.803,2.767,2.767,309,56.74,97.53,1.77,187013,-19.62
2020-01-23,2.758,2.758,2.7185,2.726,291,55.59,97.69,1.74,188124,-27.32
2020-01-24,2.723,2.723,2.679,2.6855,359,54.19,97.85,1.68,189446,-29.44
2020-01-27,2.5965,2.5965,2.5965,2.5965,462,53.14,97.96,1.61,192701,-31.41
2020-01-28,2.584,2.5915,2.5795,2.5795,381,53.48,98.02,1.64,193960,-18.44
2020-01-29,2.586,2.586,2.5535,2.5535,727,53.33,97.99,1.59,195256,-27.48
2020-01-30,2.564,2.5645,2.5235,2.5235,830,52.14,97.87,1.56,196234,-17.04
2020-01-31,2.528,2.53,2.509,2.52,511,51.56,97.39,1.52,196347,-27.43
2020-02-03,2.523,2.523,2.5085,2.513,860,50.11,97.8,1.52,196141,-33.37
2020-02-04,2.552,2.5655,2.541,2.5475,265,49.61,97.96,1.6,194926,-29.99
2020-02-05,2.5635,2.5895,2.5635,2.579,240,50.75,98.27,1.65,193693,-17.83
2020-02-06,2.59,2.604,2.59,2.5985,306,50.95,98.5,1.64,193156,-24.55
2020-02-07,2.561,2.563,2.555,2.559,236,50.32,98.68,1.58,194166,-27.0
2020-02-10,2.551,2.5665,2.551,2.5575,386,49.57,98.83,1.55,194452,-23.48
2020-02-11,2.5875,2.5885,2.5875,2.5885,212,49.94,98.72,1.59,194057,-21.38
2020-02-12,2.607,2.6075,2.6045,2.606,242,51.17,99.05,1.63,193396,-18.09
2020-02-13,2.62,2.62,2.6195,2.6195,234,51.42,99.07,1.62,193104,-16.26
2020-02-14,2.609,2.6105,2.6055,2.6055,216,52.05,99.12,1.59,193904,-25.48
2020-02-18,2.6295,2.63,2.6075,2.61,408,52.05,99.46,1.56,193566,-30.26
2020-02-19,2.6135,2.6135,2.598,2.6125,235,53.29,99.6,1.57,193580,-25.66
2020-02-20,2.5945,2.595,2.5945,2.595,386,53.78,99.87,1.52,194198,-22.51
2020-02-21,2.5995,2.618,2.5995,2.618,506,53.38,99.26,1.47,193437,-28.34
2020-02-24,2.605,2.605,2.5835,2.5925,379,51.43,99.29,1.38,193981,-28.63
2020-02-25,2.5945,2.5965,2.5945,2.5965,414,49.9,98.97,1.33,193852,-22.07
2020-02-26,2.582,2.5825,2.5765,2.5765,65062,48.73,99.0,1.31,194777,-24.29
2020-02-27,2.5655,2.581,2.522,2.5715,14714,47.09,98.44,1.3,195605,-23.94
2020-02-28,2.5575,2.567,2.514,2.546,2580,44.76,98.13,1.13,196929,-28.22
2020-03-02,2.536,2.6185,2.5145,2.601,1295,46.75,97.36,1.09,195973,-24.89
2020-03-03,2.62,2.63,2.5615,2.5795,1145,47.18,97.15,1.01,196380,-28.63
2020-03-04,2.585,2.602,2.577,2.593,489,46.78,97.34,0.99,196300,-19.39
2020-03-05,2.588,2.5935,2.573,2.5825,491,45.9,96.82,0.93,196750,-18.79
2020-03-06,2.579,2.579,2.5465,2.573,638,41.28,95.95,0.71,198068,-33.32
2020-03-09,2.542,2.542,2.4795,2.524,816,31.13,94.9,0.5,199419,-29.35
2020-03-10,2.4985,2.563,2.4985,2.534,685,34.36,96.41,0.75,198691,-32.06
2020-03-11,2.55,2.55,2.488,2.512,654,32.98,96.51,0.82,199192,-28.1
2020-03-12,2.491,2.491,2.439,2.481,985,31.5,97.47,0.85,199321,-25.65
2020-03-13,2.455,2.5345,2.43,2.474,803,31.73,98.75,0.95,199329,-32.57
2020-03-16,2.455,2.46,2.364,2.3985,516,28.7,98.09,0.73,201630,-30.88
2020-03-17,2.417,2.417,2.309,2.3155,582,26.95,99.58,1.0,204603,-32.33
2020-03-18,2.316,2.3225,2.122,2.1605,480,20.37,101.16,1.27,210182,-28.21
2020-03-19,2.1615,2.2,2.0595,2.2,470,25.22,102.76,1.12,209643,-28.4
2020-03-20,2.162,2.241,2.12,2.1905,406,22.43,102.82,0.94,210404,-32.48
2020-03-23,2.1135,2.1255,2.105,2.1195,375,23.36,102.49,0.76,212629,-28.87
2020-03-24,2.151,2.2315,2.151,2.1975,448,24.01,101.74,0.82,209495,-31.51
2020-03-25,2.2085,2.234,2.1745,2.234,719,24.49,101.05,0.86,208438,-29.68
2020-03-26,2.19,2.218,2.19,2.208,484,22.6,99.42,0.81,208754,-20.28
2020-03-27,2.19,2.197,2.19,2.197,906,21.51,98.37,0.75,209964,-22.09
2020-03-30,2.1625,2.172,2.1585,2.162,352,20.09,99.18,0.67,211719,-35.72
2020-03-31,2.1775,2.25,2.176,2.24,514,20.48,99.05,0.7,208778,-24.1
2020-04-01,2.22,2.22,2.1785,2.192,432,20.31,99.67,0.63,209687,-24.79
2020-04-02,2.19,2.234,2.19,2.233,377,25.32,100.18,0.63,208861,-34.08
2020-04-03,2.2225,2.223,2.205,2.21,375,28.34,100.58,0.59,209615,-24.53
2020-04-06,2.213,2.239,2.213,2.235,296,26.08,100.69,0.68,209297,-20.62
2020-04-07,2.29,2.325,2.2885,2.2885,422,23.63,99.98,0.74,206707,-33.26
2020-04-08,2.2705,2.278,2.2705,2.278,340,25.09,100.12,0.76,206805,-32.36
2020-04-09,2.2835,2.2835,2.27,2.2775,429,22.76,99.52,0.73,206825,-22.69
2020-04-13,2.3365,2.357,2.3205,2.3205,350,22.41,99.35,0.75,205341,-25.89
2020-04-14,2.3345,2.352,2.326,2.347,437,20.11,98.89,0.75,204211,-24.16
2020-04-15,2.31,2.3145,2.2975,2.3125,425,19.87,99.46,0.64,205699,-25.64
2020-04-16,2.325,2.325,2.3045,2.3045,240,19.87,100.03,0.61,205498,-25.49
2020-04-17,2.3475,2.359,2.347,2.3535,302,18.27,99.78,0.65,203719,-33.46
2020-04-20,2.348,2.348,2.3255,2.3345,414,-37.63,99.96,0.63,204438,-21.83
2020-04-21,2.3145,2.3145,2.2145,2.267,328,10.01,100.26,0.57,207032,-22.06
2020-04-22,2.2875,2.3175,2.2875,2.3175,312,13.78,100.39,0.62,205585,-28.43
2020-04-23,2.321,2.324,2.313,2.324,341,16.5,100.43,0.61,204851,-27.42
2020-04-24,2.325,2.348,2.324,2.348,589,16.94,100.38,0.6,203321,-34.56
2020-04-27,2.343,2.382,2.3265,2.382,731,12.78,100.04,0.66,202706,-23.9
2020-04-28,2.379,2.379,2.379,2.379,26351,12.34,99.87,0.61,202960,-23.65
2020-04-29,2.344,2.3955,2.334,2.3745,3211,15.06,99.57,0.63,202781,-26.88
2020-04-30,2.3865,2.408,2.3445,2.354,1086,18.84,99.02,0.62,204197,-21.2
2020-05-01,2.347,2.347,2.2975,2.3185,702,19.78,98.8,0.64,205491,-28.94
2020-05-04,2.3065,2.327,2.2895,2.324,602,20.39,99.48,0.64,205829,-24.38
2020-05-05,2.337,2.3415,2.318,2.341,412,24.56,99.71,0.66,205265,-32.09
2020-05-06,2.34,2.371,2.335,2.3525,689,23.99,100.09,0.71,205790,-26.96
2020-05-07,2.3405,2.3905,2.3405,2.3855,544,23.55,99.89,0.63,205424,-27.3
2020-05-08,2.4025,2.4225,2.399,2.4085,625,24.74,99.73,0.68,204507,-25.02
2020-05-11,2.409,2.4275,2.373,2.382,405,24.14,100.24,0.73,205872,-28.32
2020-05-12,2.38,2.3845,2.335,2.3605,464,25.78,99.93,0.68,206915,-27.4
2020-05-13,2.3495,2.374,2.349,2.349,355,25.29,100.24,0.65,207933,-22.76
2020-05-14,2.357,2.357,2.324,2.351,340,27.56,100.47,0.62,207429,-29.05
2020-05-15,2.356,2.356,2.332,2.3335,311,29.43,100.4,0.64,208350,-35.11
2020-05-18,2.3655,2.426,2.365,2.405,449,31.82,99.67,0.74,206324,-17.44
2020-05-19,2.432,2.432,2.4105,2.423,531,32.5,99.37,0.71,204903,-19.06
2020-05-20,2.41,2.47,2.41,2.4675,435,33.49,99.12,0.68,202813,-31.87
2020-05-21,2.468,2.468,2.4465,2.452,432,33.92,99.37,0.68,202438,-22.15
2020-05-22,2.3925,2.413,2.39,2.409,383,33.25,99.86,0.66,203821,-28.65
2020-05-26,2.4025,2.4565,2.4025,2.4385,450,34.35,98.91,0.7,203112,-24.45
2020-05-27,2.4205,2.4205,2.3755,2.4025,349,32.81,99.06,0.68,205048,-24.75
2020-05-28,2.385,2.421,2.385,2.413,628,33.71,98.38,0.7,204714,-27.26
2020-05-29,2.407,2.447,2.407,2.4265,260,35.49,98.34,0.65,204974,-29.84
2020-06-01,2.4315,2.4785,2.4315,2.4745,598,35.44,97.83,0.66,202673,-28.77
2020-06-02,2.479,2.499,2.471,2.4945,326,36.81,97.67,0.68,201207,-29.65
2020-06-03,2.4965,2.4965,2.4925,2.4965,179,37.29,97.28,0.76,201112,-29.2
2020-06-04,2.4955,2.4955,2.4925,2.493,379,37.41,96.68,0.82,201407,-25.42
2020-06-05,2.551,2.557,2.551,2.557,416,39.55,96.94,0.9,199152,-27.87
2020-06-08,2.545,2.57,2.5385,2.57,247,38.19,96.62,0.88,197767,-20.71
2020-06-09,2.5925,2.601,2.5905,2.6005,508,38.94,96.32,0.83,196659,-16.31
2020-06-10,2.6575,2.661,2.653,2.657,351,39.6,95.96,0.75,194095,-25.94
2020-06-11,2.6745,2.6755,2.5865,2.5865,352,36.34,96.73,0.65,196864,-22.72
2020-06-12,2.598,2.6035,2.598,2.6015,479,36.26,97.32,0.7,196504,-21.23
2020-06-15,2.567,2.5685,2.551,2.5685,334,37.12,96.68,0.7,197236,-21.78
2020-06-16,2.589,2.5985,2.5585,2.566,345,38.38,96.96,0.76,197092,-23.8
2020-06-17,2.57,2.592,2.57,2.592,307,37.96,97.16,0.73,195705,-20.14
2020-06-18,2.612,2.612,2.591,2.591,299,38.84,97.42,0.69,195712,-21.45
2020-06-19,2.643,2.643,2.6105,2.615,217,39.75,97.62,0.7,195302,-29.75
2020-06-22,2.6495,2.6555,2.6495,2.6555,410,40.46,97.04,0.7,193441,-18.71
2020-06-23,2.65,2.66,2.65,2.66,288,40.37,96.69,0.71,193510,-18.56
2020-06-24,2.6505,2.6505,2.6505,2.6505,791,38.01,97.15,0.68,193604,-26.94
2020-06-25,2.638,2.6625,2.638,2.6625,283,38.72,97.43,0.67,192827,-22.78
2020-06-26,2.661,2.672,2.661,2.672,32639,38.49,97.5,0.64,192446,-19.43
2020-06-29,2.6505,2.6875,2.6505,2.6795,8912,39.7,97.54,0.64,191718,-23.8
2020-06-30,2.69,2.721,2.684,2.7135,1702,39.27,97.39,0.65,190279,-16.97
2020-07-01,2.716,2.7375,2.6975,2.717,1482,39.82,97.2,0.68,189617,-10.47
2020-07-02,2.741,2.7445,2.715,2.7335,673,40.65,97.32,0.67,189924,-26.01
2020-07-06,2.718,2.7675,2.7175,2.766,713,40.63,96.79,0.68,188802,-28.58
2020-07-07,2.781,2.7875,2.738,2.7875,514,40.62,96.88,0.65,187735,-19.89
2020-07-08,2.7845,2.8145,2.7815,2.8145,773,40.9,96.43,0.65,186886,-17.46
2020-07-09,2.8155,2.86,2.8145,2.828,378,39.62,96.7,0.61,186363,-22.05
2020-07-10,2.836,2.8995,2.8305,2.887,403,40.55,96.65,0.63,184199,-12.9
2020-07-13,2.904,2.9815,2.8805,2.942,543,40.1,96.46,0.64,182550,-26.17
2020-07-14,2.899,2.921,2.8945,2.916,1115,40.29,96.26,0.62,183801,-16.34
2020-07-15,2.928,2.93,2.86,2.8705,1158,41.2,96.08,0.63,185155,-23.4
2020-07-16,2.8515,2.888,2.8515,2.886,513,40.75,96.35,0.61,184353,-11.58
2020-07-17,2.889,2.8935,2.87,2.8875,482,40.59,95.94,0.63,184177,-10.19
2020-07-20,2.888,2.914,2.8815,2.8985,596,40.81,95.83,0.62,182756,-23.85
2020-07-21,2.919,2.954,2.9155,2.941,493,41.96,95.12,0.61,180587,-22.24
2020-07-22,2.9515,2.9515,2.8815,2.9085,534,41.9,94.97,0.6,182339,-15.6
2020-07-23,2.891,2.9245,2.891,2.9245,598,41.07,94.69,0.58,182520,-21.63
2020-07-24,2.897,2.9065,2.8585,2.882,749,41.29,94.44,0.59,183895,-20.45
2020-07-27,2.8845,2.9,2.879,2.888,450,41.6,93.67,0.61,183945,-20.02
2020-07-28,2.9155,2.916,2.871,2.905,484,41.04,93.76,0.58,183490,-29.54
2020-07-29,2.9065,2.907,2.8825,2.9055,402,41.27,93.26,0.58,184858,-20.0
2020-07-30,2.923,2.923,2.874,2.9045,874,39.92,93.02,0.54,185396,-23.39
2020-07-31,2.915,2.915,2.8455,2.859,631,40.27,93.49,0.54,186931,-22.98
2020-08-03,2.8535,2.912,2.835,2.908,526,41.01,93.5,0.56,184786,-12.68
2020-08-04,2.9075,2.9095,2.8795,2.8895,423,41.7,93.38,0.51,184711,-26.41
2020-08-05,2.8945,2.93,2.892,2.9115,742,42.19,92.83,0.54,184032,-15.79
2020-08-06,2.895,2.9075,2.8925,2.9055,439,41.95,92.79,0.54,183902,-21.33
2020-08-07,2.874,2.874,2.789,2.7905,723,41.22,93.44,0.56,187287,-22.77
2020-08-10,2.823,2.8695,2.823,2.8585,380,41.94,93.58,0.57,184616,-16.57
2020-08-11,2.8615,2.8735,2.8415,2.872,332,41.61,93.63,0.66,183657,-18.65
2020-08-12,2.891,2.891,2.878,2.887,365,42.67,93.44,0.67,183891,-17.31
2020-08-13,2.878,2.879,2.796,2.804,460,42.24,93.34,0.72,187193,-16.36
2020-08-14,2.8555,2.856,2.851,2.856,255,42.01,93.1,0.71,185369,-22.21
2020-08-17,2.8445,2.91,2.8445,2.898,346,42.89,92.85,0.68,184565,-23.09
2020-08-18,2.953,2.9715,2.953,2.971,318,42.89,92.27,0.67,182045,-24.54
2020-08-19,3.016,3.019,2.9855,3.019,518,42.93,92.89,0.68,179978,-22.64
2020-08-20,2.958,2.97,2.958,2.97,464,42.58,92.79,0.64,182378,-4.38
2020-08-21,2.9135,2.925,2.9135,2.9135,304,42.34,93.25,0.64,184598,-13.61
2020-08-24,2.94,2.94,2.9165,2.9225,377,42.62,93.3,0.65,183816,-26.47
2020-08-25,2.9195,2.931,2.917,2.931,347,43.35,93.02,0.68,183433,-26.22
2020-08-26,2.945,2.9655,2.945,2.9595,315,43.39,93.01,0.69,182042,-16.85
2020-08-27,2.965,2.965,2.965,2.965,45428,43.04,93.01,0.75,181227,-16.45
2020-08-28,2.976,3.017,2.974,2.995,13122,42.97,92.37,0.73,180594,-16.07
2020-08-31,3.0135,3.044,3.012,3.041,1599,42.61,92.14,0.69,179843,-19.51
2020-09-01,3.0325,3.0605,2.998,3.0095,1204,42.76,92.34,0.67,180316,-19.26
2020-09-02,3.005,3.018,2.9835,3.003,980,41.51,92.85,0.65,180797,-17.07
2020-09-03,3.008,3.016,2.9415,2.958,1051,41.37,92.74,0.62,182079,-18.85
2020-09-04,2.9595,3.062,2.947,3.0465,961,39.77,92.72,0.72,178762,-29.27
2020-09-08,3.052,3.071,2.994,3.0125,939,36.76,93.48,0.68,179686,-19.74
2020-09-09,2.9935,3.0475,2.991,3.04,775,38.05,93.26,0.7,178334,-22.51
2020-09-10,3.0375,3.041,2.951,2.987,676,37.3,93.34,0.69,180211,-18.04
2020-09-11,2.971,3.0435,2.971,3.034,412,37.33,93.33,0.67,178192,-3.4
2020-09-14,3.049,3.07,3.03,3.0665,381,37.26,93.07,0.67,177177,-16.08
2020-09-15,3.0815,3.0825,3.0505,3.063,376,38.28,93.05,0.68,177276,-19.53
2020-09-16,3.046,3.0655,3.046,3.058,385,40.16,93.21,0.69,177344,-13.42
2020-09-17,3.0595,3.076,3.02,3.0665,383,40.97,92.97,0.68,176638,-15.51
2020-09-18,3.08,3.1135,3.066,3.1135,275,41.11,92.93,0.69,174733,-15.23
2020-09-21,3.0985,3.0985,3.022,3.0295,390,39.31,93.54,0.67,178013,-15.35
2020-09-22,3.0605,3.08,3.0485,3.059,614,39.6,93.99,0.66,177206,-7.73
2020-09-23,3.05,3.05,2.9575,2.9935,510,39.93,94.39,0.68,179059,-24.49
2020-09-24,2.9705,2.972,2.9295,2.969,351,40.31,94.35,0.67,179961,-16.77
2020-09-25,2.983,2.991,2.9525,2.973,476,40.25,94.58,0.66,180159,-23.72
2020-09-28,2.984,2.9895,2.9705,2.9895,483,40.6,94.26,0.66,178830,-16.1
2020-09-29,2.996,2.996,2.958,2.9835,932,39.29,93.89,0.64,179285,-23.55
2020-09-30,2.9825,3.0305,2.975,3.0285,510,40.22,93.89,0.68,177412,-20.48
2020-10-01,3.0325,3.0325,2.862,2.8635,776,38.72,93.71,0.68,183444,-21.93
2020-10-02,2.843,2.9815,2.843,2.9785,355,37.05,93.84,0.7,179075,-14.14
2020-10-05,2.969,2.969,2.9405,2.965,317,39.22,93.51,0.76,178735,-14.6
2020-10-06,2.9595,2.9655,2.956,2.9655,320,40.67,93.83,0.74,177985,-25.41
2020-10-07,3.009,3.047,3.009,3.0345,292,39.95,93.63,0.79,175592,-18.04
2020-10-08,3.016,3.045,3.016,3.042,390,41.19,93.61,0.76,175447,-21.77
2020-10-09,3.092,3.092,3.0695,3.0795,287,40.6,93.06,0.77,173727,-24.05
2020-10-12,3.07,3.07,3.0585,3.061,262,39.43,93.07,0.78,174662,-19.07
2020-10-13,3.0455,3.0455,3.0365,3.0425,215,40.2,93.53,0.73,174562,-19.76
2020-10-14,3.05,3.05,3.0475,3.0475,326,41.04,93.38,0.72,174357,-6.02
2020-10-15,3.052,3.088,3.0485,3.083,269,40.96,93.86,0.73,172570,-15.55
2020-10-16,3.065,3.065,3.0635,3.065,282,40.88,93.68,0.74,172906,-24.83
2020-10-19,3.0975,3.0975,3.081,3.081,244,40.83,93.43,0.76,172368,-20.56
2020-10-20,3.14,3.1435,3.139,3.1435,251,41.46,93.07,0.8,169793,-11.85
2020-10-21,3.1955,3.1955,3.1885,3.1945,264,40.03,92.61,0.82,167835,-5.88
2020-10-22,3.1665,3.1665,3.1485,3.15,270,40.64,92.95,0.85,169845,-24.8
2020-10-23,3.1485,3.1485,3.1255,3.1255,330,39.85,92.77,0.84,170443,-26.58
2020-10-26,3.1085,3.109,3.0885,3.0885,377,38.56,93.05,0.8,172114,-8.29
2020-10-27,3.088,3.09,3.088,3.09,164,39.57,92.94,0.78,171553,-15.68
2020-10-28,3.042,3.063,3.0395,3.057,1184,37.39,93.41,0.78,172947,-22.38
2020-10-29,3.0675,3.081,3.0425,3.052,946,36.17,93.96,0.83,173770,-15.43
2020-10-30,3.043,3.0525,3.0355,3.0435,690,35.79,94.04,0.86,172956,-31.38
2020-11-02,3.0635,3.09,3.061,3.0735,459,36.81,94.05,0.85,171547,-17.81
2020-11-03,3.0945,3.1175,3.087,3.087,722,37.66,93.55,0.88,171334,-16.02
2020-11-04,3.089,3.108,3.0885,3.101,392,39.15,93.41,0.77,170753,-12.87
2020-11-05,3.098,3.123,3.098,3.1045,284,38.79,92.53,0.78,170797,-22.51
2020-11-06,3.1465,3.1565,3.1425,3.149,313,37.14,92.23,0.82,168968,-16.46
2020-11-09,3.184,3.185,3.1455,3.1515,378,40.29,92.73,0.96,168920,-21.48
2020-11-10,3.137,3.1505,3.137,3.1505,403,41.36,92.75,0.97,168884,-15.59
2020-11-11,3.1075,3.129,3.1075,3.129,359,41.45,93.04,0.96,170162,-21.61
2020-11-12,3.152,3.152,3.143,3.143,663,41.12,92.96,0.88,169787,-19.0
2020-11-13,3.1275,3.1755,3.1275,3.1755,315,40.13,92.76,0.89,168801,-21.54
2020-11-16,3.2395,3.24,3.2155,3.22,302,41.34,92.57,0.91,167059,-12.74
2020-11-17,3.1965,3.2125,3.1965,3.1965,288,41.43,92.42,0.87,167662,-12.0
2020-11-18,3.198,3.198,3.198,3.198,572,41.82,92.32,0.88,167414,-17.45
2020-11-19,3.1995,3.213,3.1995,3.2035,482,41.74,92.29,0.85,167399,-16.02
2020-11-20,3.264,3.2935,3.264,3.2935,429,42.15,92.39,0.83,164060,-22.32
2020-11-23,3.2785,3.279,3.2595,3.2595,408,43.06,92.51,0.86,165380,-17.0
2020-11-24,3.307,3.307,3.2935,3.3,424,44.91,92.23,0.88,164897,-15.25
2020-11-25,3.294,3.312,3.2925,3.312,47410,45.71,91.99,0.88,164869,-1.75
2020-11-27,3.3165,3.4065,3.309,3.3995,18760,45.53,91.79,0.84,161660,-19.32
2020-11-30,3.405,3.4845,3.405,3.4205,2921,45.34,91.87,0.84,161465,-6.17
2020-12-01,3.4435,3.501,3.432,3.468,1465,44.55,91.31,0.93,159619,-7.92
2020-12-02,3.49,3.494,3.43,3.475,1735,45.28,91.12,0.95,158457,-11.41
2020-12-03,3.48,3.5055,3.458,3.479,865,45.64,90.71,0.92,157863,-3.97
2020-12-04,3.4725,3.524,3.4725,3.514,731,46.26,90.7,0.97,155796,-10.46
2020-12-07,3.494,3.5085,3.47,3.5085,904,45.76,90.79,0.93,155831,-10.45
2020-12-08,3.5005,3.5005,3.461,3.494,663,45.6,90.97,0.91,156347,-12.84
2020-12-09,3.499,3.521,3.4835,3.508,590,45.52,91.09,0.94,156611,-6.28
2020-12-10,3.474,3.5845,3.447,3.5705,611,46.78,90.79,0.91,154571,-6.14
2020-12-11,3.5755,3.6085,3.496,3.524,552,46.57,90.98,0.89,156099,-15.33
2020-12-14,3.542,3.542,3.5045,3.522,565,46.99,90.71,0.89,156543,-18.82
2020-12-15,3.501,3.5425,3.501,3.538,409,47.62,90.47,0.92,154988,-13.04
2020-12-16,3.5385,3.564,3.536,3.554,542,47.82,90.45,0.92,154534,-15.83
2020-12-17,3.576,3.605,3.576,3.597,497,48.36,89.82,0.93,153376,-11.61
2020-12-18,3.605,3.634,3.6,3.6285,345,49.1,90.02,0.95,151608,-4.71
2020-12-21,3.597,3.597,3.5555,3.573,796,47.74,90.04,0.94,154065,-13.87
2020-12-22,3.576,3.576,3.51,3.518,638,47.02,90.65,0.92,156142,-12.49
2020-12-23,3.519,3.552,3.48,3.552,1462,48.12,90.41,0.95,154765,-11.56
2020-12-24,3.549,3.56,3.5375,3.56,330,48.23,90.33,0.93,154770,-7.51
2020-12-28,3.5805,3.5895,3.57,3.57,446,47.62,90.34,0.93,155442,-22.86
2020-12-29,3.566,3.566,3.5515,3.553,856,48.0,90.01,0.94,156119,-14.87
2020-12-30,3.559,3.574,3.54,3.543,1166,48.4,89.63,0.93,156580,-10.91
2020-12-31,3.544,3.5455,3.5075,3.514,1109,48.52,89.94,0.92,157389,-6.32
2021-01-04,3.559,3.6005,3.5455,3.553,864,47.62,89.88,0.92,155641,-14.3
2021-01-05,3.59,3.6555,3.59,3.6405,512,49.93,89.44,0.95,152952,-20.13
2021-01-06,3.6505,3.6905,3.64,3.65,842,50.63,89.53,1.04,152235,-7.53
2021-01-07,3.659,3.708,3.643,3.6955,655,50.83,89.83,1.07,150674,-13.23
2021-01-08,3.7165,3.72,3.64,3.6735,782,52.24,90.1,1.11,151229,-16.28
2021-01-11,3.6735,3.6735,3.5585,3.564,677,52.25,90.54,1.13,155278,-14.82
2021-01-12,3.576,3.635,3.576,3.605,603,53.21,90.05,1.14,153993,-12.11
2021-01-13,3.6355,3.637,3.6115,3.617,618,52.91,90.32,1.09,154040,-14.06
2021-01-14,3.612,3.668,3.612,3.668,672,53.57,90.24,1.13,152025,-21.43
2021-01-15,3.629,3.6315,3.5965,3.603,817,52.36,90.78,1.1,154179,-6.73
2021-01-19,3.62,3.64,3.616,3.636,711,52.98,90.5,1.09,152583,-4.43
2021-01-20,3.639,3.6545,3.639,3.6475,601,53.24,90.47,1.09,151981,-7.4
2021-01-21,3.659,3.659,3.644,3.6555,770,53.13,90.13,1.11,151871,-16.24
2021-01-22,3.575,3.6355,3.5745,3.6355,607,52.27,90.24,1.09,152911,-11.81
2021-01-25,3.633,3.6405,3.6115,3.6405,852,52.77,90.39,1.04,152321,-10.78
2021-01-26,3.629,3.632,3.6265,3.628,736,52.61,90.17,1.04,153150,-7.91
2021-01-27,3.5715,3.5715,3.5715,3.5715,320,52.85,90.65,1.01,155738,-8.26
2021-01-28,3.551,3.6035,3.509,3.583,925,52.34,90.46,1.06,155521,-15.13
2021-01-29,3.5815,3.6075,3.5555,3.5735,550,52.2,90.58,1.09,156698,-11.17
2021-02-01,3.5665,3.5935,3.5545,3.562,547,53.55,91.02,1.08,156752,-9.44
2021-02-02,3.5265,3.5395,3.5265,3.539,434,54.76,91.2,1.11,156997,-4.73
2021-02-03,3.552,3.5785,3.552,3.5785,312,55.69,91.12,1.13,154814,-8.0
2021-02-04,3.567,3.567,3.5595,3.566,382,56.23,91.53,1.14,155925,-7.73
2021-02-05,3.5755,3.6525,3.5755,3.639,396,56.85,91.04,1.17,153665,-10.34
2021-02-08,3.6475,3.679,3.646,3.679,312,57.97,90.93,1.16,152240,-3.21
2021-02-09,3.708,3.7355,3.693,3.7335,303,58.36,90.44,1.16,150458,-7.53
2021-02-10,3.7665,3.79,3.7665,3.7855,290,58.68,90.37,1.13,148132,-13.24
2021-02-11,3.785,3.7905,3.7715,3.7875,316,58.24,90.42,1.16,149162,-1.89
2021-02-12,3.786,3.8155,3.7685,3.802,512,59.47,90.48,1.2,148713,-5.24
2021-02-16,3.8425,3.848,3.8425,3.848,367,60.05,90.51,1.3,147152,-10.37
2021-02-17,3.8305,3.836,3.8305,3.836,493,61.14,90.95,1.3,147899,-10.7
2021-02-18,3.9215,3.9265,3.9,3.9165,400,60.52,90.59,1.29,145298,-5.81
2021-02-19,4.09,4.09,4.09,4.09,437,59.24,90.36,1.35,139326,-2.81
2021-02-22,4.123,4.154,4.123,4.1525,616,61.49,90.01,1.37,136783,-3.36
2021-02-23,4.1875,4.1875,4.1875,4.1875,439,61.67,90.17,1.36,135770,-2.35
2021-02-24,4.22,4.301,4.22,4.301,77484,63.22,90.18,1.39,132644,6.01
2021-02-25,4.308,4.363,4.1955,4.266,17292,63.53,90.13,1.52,134475,2.43
2021-02-26,4.2125,4.251,4.08,4.0945,2457,61.5,90.93,1.46,141194,-4.12
2021-03-01,4.1105,4.1735,4.0995,4.1195,1385,60.64,91.04,1.45,140089,-0.05
2021-03-02,4.115,4.235,4.0595,4.2315,1078,59.75,90.79,1.41,135724,-8.52
2021-03-03,4.2185,4.2225,4.12,4.153,902,61.28,90.95,1.47,138415,-2.35
2021-03-04,4.1195,4.1565,3.876,3.991,1189,63.83,91.63,1.55,144110,2.68
2021-03-05,3.966,4.11,3.928,4.087,664,66.09,91.98,1.55,141242,-6.25
2021-03-08,4.1275,4.1615,4.018,4.1035,707,65.05,92.31,1.6,139903,-9.19
2021-03-09,4.0915,4.1215,3.997,4.0195,1055,64.01,91.96,1.55,143531,-9.27
2021-03-10,4.0275,4.0555,4.0075,4.042,523,64.44,91.79,1.52,142673,-11.17
2021-03-11,4.0465,4.148,4.0345,4.143,771,66.02,91.42,1.53,138946,-8.39
2021-03-12,4.141,4.1545,4.072,4.1455,392,65.61,91.68,1.63,138403,-6.28
2021-03-15,4.17,4.17,4.127,4.1465,511,65.39,91.83,1.61,137623,-11.45
2021-03-16,4.105,4.1125,4.0595,4.079,634,64.8,91.87,1.62,140356,-5.18
2021-03-17,4.068,4.1565,4.066,4.128,540,64.6,91.4,1.64,138674,-0.14
2021-03-18,4.155,4.155,4.068,4.117,760,60.0,91.85,1.73,138478,-9.33
2021-03-19,4.0565,4.1235,4.053,4.1235,834,61.42,91.92,1.73,137668,2.89
2021-03-22,4.0975,4.15,4.0965,4.149,480,61.55,91.8,1.68,136624,-1.83
2021-03-23,4.1335,4.1335,4.03,4.088,625,57.76,92.34,1.64,139511,0.0
2021-03-24,4.0475,4.109,4.026,4.0715,610,61.18,92.53,1.61,139971,-8.65
2021-03-25,4.0055,4.008,3.95,3.985,738,58.56,92.88,1.61,142322,-2.16
2021-03-26,4.0125,4.0875,4.0125,4.0785,714,60.97,92.77,1.66,138939,-10.73
2021-03-29,4.065,4.069,4.02,4.043,441,61.56,92.94,1.72,140059,-1.26
2021-03-30,4.0355,4.0355,3.975,3.983,1052,60.55,93.3,1.73,140945,-5.6
2021-03-31,4.006,4.0115,3.989,4.003,289,59.16,93.23,1.75,140221,-3.45
2021-04-01,3.985,4.015,3.985,4.0035,815,61.45,92.93,1.68,140100,-12.08
2021-04-05,4.054,4.162,4.054,4.149,243,58.65,92.6,1.72,135320,-8.86
2021-04-06,4.15,4.151,4.0985,4.1265,269,59.33,92.34,1.66,136940,-1.68
2021-04-07,4.1175,4.1185,4.055,4.064,467,59.77,92.46,1.65,139634,-10.19
2021-04-08,4.085,4.1035,4.085,4.1035,366,59.6,92.06,1.63,138131,-2.64
2021-04-09,4.0885,4.0885,4.0505,4.0505,518,59.32,92.16,1.67,139488,-12.45
2021-04-12,4.0275,4.037,4.02,4.03,491,59.7,92.14,1.67,141363,-1.63
2021-04-13,4.0145,4.043,4.0145,4.043,603,60.18,91.85,1.62,140935,-11.88
2021-04-14,4.0465,4.14,4.046,4.14,452,63.15,91.69,1.64,137546,-1.74
2021-04-15,4.175,4.2375,4.175,4.2305,403,63.46,91.67,1.53,134368,-0.24
2021-04-16,4.235,4.2395,4.175,4.18,440,63.13,91.56,1.57,136225,-7.48
2021-04-19,4.18,4.27,4.18,4.25,283,63.38,91.07,1.6,133710,-0.21
2021-04-20,4.2485,4.2695,4.224,4.224,234,62.44,91.24,1.56,134361,-2.15
2021-04-21,4.2525,4.2865,4.2525,4.2865,221,61.35,91.16,1.56,131928,-5.36
2021-04-22,4.2845,4.2845,4.267,4.2805,239,61.43,91.33,1.55,132123,-7.79
2021-04-23,4.343,4.343,4.3385,4.343,607,62.14,90.86,1.57,129691,-11.78
2021-04-26,4.418,4.448,4.418,4.448,243,61.91,90.81,1.57,125695,1.1
2021-04-27,4.5185,4.743,4.459,4.743,493,62.94,90.91,1.62,115418,-4.79
2021-04-28,4.755,4.755,4.51,4.537,48303,63.86,90.61,1.62,122514,0.94
2021-04-29,4.4975,4.553,4.4705,4.493,9852,65.01,90.61,1.64,124730,-1.4
2021-04-30,4.492,4.534,4.457,4.479,1629,63.58,91.28,1.63,124027,3.13
2021-05-03,4.4975,4.5475,4.45,4.543,927,64.49,90.95,1.61,122279,-0.97
2021-05-04,4.5205,4.5735,4.5055,4.536,678,65.69,91.29,1.59,123084,-1.2
2021-05-05,4.5655,4.5805,4.52,4.539,827,65.63,91.31,1.58,122046,4.15
2021-05-06,4.536,4.624,4.515,4.619,925,64.71,90.95,1.56,119092,3.16
2021-05-07,4.619,4.767,4.619,4.766,1019,64.9,90.23,1.58,113780,4.91
2021-05-10,4.7865,4.8985,4.708,4.7335,1083,64.92,90.21,1.6,114284,5.27
2021-05-11,4.709,4.82,4.709,4.7785,657,65.28,90.14,1.62,112359,-4.2
2021-05-12,4.8325,4.835,4.727,4.7525,684,66.08,90.71,1.7,112769,6.94
2021-05-13,4.7405,4.764,4.665,4.7055,870,63.82,90.75,1.67,115203,5.63
2021-05-14,4.6985,4.7125,4.622,4.664,607,65.37,90.32,1.63,117076,-3.03
2021-05-17,4.652,4.73,4.652,4.7215,908,66.27,90.22,1.64,115636,1.55
2021-05-18,4.775,4.776,4.735,4.7355,932,65.49,89.75,1.64,115471,2.75
2021-05-19,4.7,4.705,4.5485,4.5895,815,63.36,90.19,1.68,120073,0.45
2021-05-20,4.5585,4.619,4.5535,4.582,521,62.05,89.81,1.63,120099,2.69
2021-05-21,4.528,4.5665,4.491,4.496,519,63.58,90.02,1.63,123329,7.11
2021-05-24,4.472,4.55,4.472,4.5415,837,66.05,89.83,1.61,121187,5.93
2021-05-25,4.591,4.593,4.5095,4.522,711,66.07,89.64,1.56,122190,-6.29
2021-05-26,4.5475,4.5475,4.533,4.533,796,66.21,90.04,1.57,121697,3.52
2021-05-27,4.5275,4.678,4.517,4.6665,1426,66.85,89.97,1.61,116856,8.73
2021-05-28,4.677,4.6825,4.609,4.6825,686,66.32,90.03,1.58,116616,4.22
2021-06-01,4.689,4.697,4.65,4.662,884,67.72,89.83,1.62,117533,7.48
2021-06-02,4.6545,4.657,4.6,4.6,304,68.83,89.9,1.59,119541,11.31
2021-06-03,4.5035,4.5035,4.45,4.4715,342,68.81,90.5,1.62,124560,4.76
2021-06-04,4.4715,4.54,4.4715,4.5375,258,69.62,90.14,1.56,121764,1.72
2021-06-07,4.523,4.535,4.49,4.535,284,69.23,89.95,1.57,122128,5.66
2021-06-08,4.472,4.563,4.472,4.563,237,70.05,90.08,1.53,121415,1.51
2021-06-09,4.5315,4.538,4.5315,4.5365,272,69.96,90.12,1.49,122203,0.58
2021-06-10,4.483,4.49,4.483,4.49,267,70.29,90.08,1.46,123978,-1.88
2021-06-11,4.574,4.574,4.5345,4.5415,276,70.91,90.56,1.46,121612,8.34
2021-06-14,4.5175,4.532,4.5175,4.532,409,70.88,90.52,1.5,122360,-3.69
2021-06-15,4.376,4.376,4.335,4.34,526,72.12,90.54,1.5,128997,5.66
2021-06-16,4.338,4.3925,4.309,4.3925,352,72.15,91.13,1.57,126925,1.16
2021-06-17,4.295,4.339,4.1845,4.1845,248,71.04,91.89,1.51,134677,-10.94
2021-06-18,4.1475,4.1625,4.146,4.1625,283,71.64,92.23,1.45,135130,-2.38
2021-06-21,4.129,4.194,4.1285,4.1875,273,73.66,91.86,1.48,133621,-14.41
2021-06-22,4.188,4.256,4.188,4.2345,341,73.06,91.73,1.47,131275,-0.19
2021-06-23,4.3245,4.331,4.3245,4.331,301,73.08,91.8,1.49,128171,2.31
2021-06-24,4.307,4.3115,4.306,4.3115,269,73.3,91.82,1.49,128277,-5.32
2021-06-25,4.32,4.329,4.2825,4.299,525,74.05,91.81,1.54,129504,-1.89
2021-06-28,4.2885,4.2885,4.278,4.278,32689,72.91,91.88,1.48,129302,7.0
2021-06-29,4.2745,4.2815,4.202,4.2765,9114,72.98,92.05,1.48,130118,-5.32
2021-06-30,4.2795,4.336,4.2645,4.2965,1809,73.47,92.44,1.44,129513,-7.84
2021-07-01,4.3,4.315,4.2355,4.242,1274,75.23,92.6,1.48,131377,4.18
2021-07-02,4.246,4.298,4.24,4.282,499,75.16,92.23,1.43,129732,7.09
2021-07-06,4.282,4.3985,4.251,4.258,1173,73.37,92.55,1.37,130751,-3.01
2021-07-07,4.261,4.36,4.257,4.329,697,72.2,92.64,1.32,128249,2.92
2021-07-08,4.32,4.32,4.24,4.2715,576,72.94,92.36,1.29,130758,3.85
2021-07-09,4.279,4.373,4.279,4.3525,484,74.56,92.13,1.36,127975,-5.56
2021-07-12,4.347,4.347,4.291,4.323,509,74.1,92.23,1.36,129075,-4.64
2021-07-13,4.338,4.338,4.2675,4.3145,459,75.25,92.75,1.41,129209,3.84
2021-07-14,4.2995,4.309,4.27,4.277,748,73.13,92.41,1.36,130496,5.64
2021-07-15,4.2655,4.3495,4.2655,4.333,451,71.65,92.62,1.3,128674,0.73
2021-07-16,4.351,4.351,4.318,4.3325,417,71.81,92.69,1.3,127922,-6.49
2021-07-19,4.306,4.308,4.18,4.2105,751,66.42,92.89,1.18,131585,6.32
2021-07-20,4.211,4.278,4.211,4.2735,638,67.42,92.97,1.21,129715,-5.49
2021-07-21,4.2645,4.2975,4.2645,4.2825,416,70.3,92.75,1.28,129477,-4.39
2021-07-22,4.32,4.348,4.32,4.348,405,71.91,92.82,1.26,127102,-0.19
2021-07-23,4.358,4.456,4.358,4.4065,432,72.07,92.91,1.29,125062,6.6
2021-07-26,4.4365,4.602,4.4365,4.589,585,71.91,92.65,1.28,118831,5.38
2021-07-27,4.54,4.609,4.54,4.546,501,71.65,92.43,1.23,120093,2.65
2021-07-28,4.5735,4.5735,4.479,4.479,785,72.39,92.32,1.26,122088,2.05
2021-07-29,4.4685,4.5295,4.4685,4.52,861,73.62,91.86,1.27,120741,0.47
2021-07-30,4.526,4.5295,4.465,4.4805,377,73.95,92.17,1.24,121683,2.55
2021-08-02,4.493,4.5005,4.41,4.432,845,71.26,92.05,1.17,123565,-13.5
2021-08-03,4.424,4.424,4.363,4.383,609,70.56,92.08,1.18,124514,-2.95
2021-08-04,4.3325,4.3325,4.33,4.33,307,68.15,92.27,1.18,126832,-0.92
2021-08-05,4.3345,4.348,4.3345,4.3455,354,69.09,92.24,1.22,126502,-7.69
2021-08-06,4.3495,4.35,4.342,4.3455,356,68.28,92.8,1.29,126617,0.0
2021-08-09,4.2925,4.321,4.2465,4.287,374,66.48,92.95,1.32,129107,-3.68
2021-08-10,4.313,4.3515,4.313,4.3515,252,68.29,93.06,1.34,127599,6.92
2021-08-11,4.352,4.366,4.352,4.364,399,69.25,92.91,1.33,127618,6.17
2021-08-12,4.3745,4.3745,4.349,4.356,670,69.09,93.04,1.37,127069,-4.13
2021-08-13,4.3605,4.4,4.3475,4.387,579,68.44,92.52,1.3,125408,-2.17
2021-08-16,4.3565,4.361,4.318,4.322,501,67.29,92.63,1.26,127402,-2.59
2021-08-17,4.328,4.329,4.1995,4.2,590,66.59,93.13,1.26,131684,-6.01
2021-08-18,4.1535,4.1535,4.114,4.116,533,65.46,93.14,1.27,134857,-3.82
2021-08-19,4.0275,4.0565,3.98,4.0385,961,63.69,93.57,1.24,137243,-9.56
2021-08-20,4.064,4.1345,4.063,4.1345,522,62.32,93.5,1.26,133967,-10.22
2021-08-23,4.242,4.2475,4.2215,4.2345,510,65.64,92.96,1.25,130127,-0.21
2021-08-24,4.223,4.2585,4.223,4.255,702,67.54,92.89,1.29,129134,0.09
2021-08-25,4.269,4.2795,4.26,4.265,432,68.36,92.83,1.34,128151,-6.96
2021-08-26,4.245,4.246,4.245,4.246,549,67.42,93.06,1.34,128401,1.3
2021-08-27,4.3165,4.3165,4.3165,4.3165,23166,68.74,92.69,1.31,125325,-5.45
2021-08-30,4.3215,4.398,4.316,4.361,5691,69.21,92.65,1.28,123328,-0.47
2021-08-31,4.3645,4.3745,4.3215,4.36,2262,68.5,92.63,1.3,123838,2.35
2021-09-01,4.351,4.3535,4.241,4.263,1315,68.59,92.45,1.3,126805,-3.13
2021-09-02,4.267,4.2935,4.24,4.29,1105,69.99,92.23,1.29,127045,-0.35
2021-09-03,4.282,4.3355,4.268,4.3255,747,69.29,92.04,1.32,126024,-4.76
2021-09-07,4.338,4.338,4.2535,4.2775,746,68.35,92.52,1.37,127788,-3.76
2021-09-08,4.268,4.291,4.208,4.232,929,69.3,92.65,1.33,128994,-4.38
2021-09-09,4.2285,4.3025,4.224,4.2835,645,68.14,92.48,1.3,127506,-6.44
2021-09-10,4.2755,4.462,4.2755,4.448,904,69.72,92.58,1.34,121490,-1.53
2021-09-13,4.4145,4.467,4.3355,4.3635,630,70.45,92.62,1.32,124502,-9.45
2021-09-14,4.3565,4.3625,4.2835,4.318,505,70.46,92.65,1.28,127247,-4.73
2021-09-15,4.31,4.4155,4.292,4.4035,624,72.61,92.49,1.3,124211,-2.63
2021-09-16,4.4,4.402,4.26,4.2785,589,72.61,92.86,1.33,129103,-4.05
2021-09-17,4.282,4.3405,4.233,4.2455,808,71.97,93.2,1.37,129942,-4.39
2021-09-20,4.23,4.23,4.1,4.117,759,70.29,93.24,1.31,134424,-5.1
2021-09-21,4.1355,4.1645,4.022,4.128,576,70.56,93.2,1.32,134836,-2.25
2021-09-22,4.142,4.2685,4.142,4.2525,540,72.23,93.46,1.34,130196,1.28
2021-09-23,4.1975,4.265,4.1975,4.231,496,73.3,93.1,1.41,131764,-6.61
2021-09-24,4.2175,4.2875,4.2175,4.2875,590,73.98,93.33,1.46,130105,-8.67
2021-09-27,4.3045,4.305,4.2615,4.2935,669,75.45,93.38,1.48,129642,-7.79
2021-09-28,4.2705,4.274,4.245,4.245,805,75.29,93.77,1.53,131624,-5.62
2021-09-29,4.2315,4.246,4.187,4.2,793,74.83,94.34,1.54,133637,-5.51
2021-09-30,4.1865,4.2045,4.068,4.09,877,75.03,94.25,1.53,137766,-8.97
2021-10-01,4.15,4.2095,4.15,4.1935,969,75.88,94.04,1.48,133437,-10.31
2021-10-04,4.24,4.2935,4.192,4.2465,446,77.62,93.81,1.48,131255,-5.45
2021-10-05,4.228,4.228,4.175,4.202,289,78.93,93.98,1.53,132701,-2.82
2021-10-06,4.165,4.1745,4.142,4.157,384,77.43,94.27,1.52,134243,-1.31
2021-10-07,4.225,4.257,4.224,4.251,641,78.3,94.22,1.57,131232,-5.9
2021-10-08,4.292,4.2925,4.283,4.283,340,79.35,94.07,1.61,130192,-4.78
2021-10-11,4.349,4.3865,4.349,4.3745,241,80.52,94.32,1.61,126389,-6.2
2021-10-12,4.364,4.3855,4.3235,4.329,494,80.64,94.52,1.58,128152,-2.29
2021-10-13,4.454,4.5265,4.444,4.5205,362,80.44,94.08,1.55,121724,-3.99
2021-10-14,4.61,4.6315,4.61,4.6315,285,81.31,93.96,1.52,118091,4.51
2021-10-15,4.6105,4.734,4.6105,4.734,356,82.28,93.94,1.58,114990,-6.0
2021-10-18,4.7895,4.791,4.702,4.7305,601,82.44,93.95,1.58,115488,1.08
2021-10-19,4.75,4.75,4.687,4.714,764,82.96,93.79,1.63,116272,4.18
2021-10-20,4.65,4.7685,4.65,4.756,587,83.87,93.56,1.64,114771,4.12
2021-10-21,4.5865,4.5865,4.582,4.5865,618,82.5,93.77,1.68,119956,14.55
2021-10-22,4.55,4.559,4.5085,4.526,558,83.76,93.61,1.65,122266,2.07
2021-10-25,4.5515,4.5515,4.5515,4.5515,493,83.76,93.81,1.63,121467,-4.38
2021-10-26,4.5255,4.5255,4.4865,4.4865,249,84.65,93.95,1.62,123865,-0.65
2021-10-27,4.3925,4.3925,4.387,4.387,756,82.66,93.86,1.53,126773,-10.29
2021-10-28,4.3865,4.454,4.354,4.4375,892,82.81,93.35,1.57,124519,-1.18
2021-10-29,4.4395,4.4395,4.3435,4.3755,716,83.57,94.12,1.56,127162,-5.72
2021-11-01,4.3545,4.405,4.3545,4.402,442,84.05,93.88,1.58,126217,3.35
2021-11-02,4.357,4.379,4.356,4.374,315,83.91,94.09,1.55,127504,-4.32
2021-11-03,4.3735,4.3735,4.326,4.326,305,80.86,93.86,1.58,129197,-2.76
2021-11-04,4.373,4.373,4.3055,4.326,376,78.81,94.35,1.52,129210,-5.35
2021-11-05,4.3325,4.349,4.3255,4.349,327,81.27,94.32,1.45,128827,6.81
2021-11-08,4.37,4.4115,4.37,4.405,222,81.93,94.05,1.5,126635,-2.79
2021-11-09,4.42,4.42,4.3625,4.38,402,84.15,93.96,1.43,127553,7.66
2021-11-10,4.38,4.381,4.3025,4.328,370,81.34,94.85,1.56,129165,1.92
2021-11-11,4.397,4.433,4.397,4.4045,330,81.59,95.18,1.56,126292,1.22
2021-11-12,4.4095,4.4605,4.4095,4.4555,295,80.79,95.13,1.58,124368,1.29
2021-11-15,4.479,4.4795,4.407,4.407,384,80.88,95.41,1.62,126166,0.81
2021-11-16,4.339,4.3585,4.3355,4.3585,274,80.76,95.92,1.63,127648,-11.41
2021-11-17,4.2975,4.2975,4.2055,4.273,437,78.36,95.83,1.6,131205,-4.23
2021-11-18,4.2155,4.3215,4.215,4.31,326,79.01,95.54,1.59,129508,1.85
2021-11-19,4.312,4.4085,4.312,4.4085,410,76.1,96.07,1.54,125976,-1.39
2021-11-22,4.41,4.41,4.3955,4.3955,470,76.75,96.5,1.62,126233,-8.33
2021-11-23,4.422,4.4255,4.422,4.4235,325,78.5,96.49,1.67,125904,-1.22
2021-11-24,4.3935,4.4595,4.3935,4.458,368,78.39,96.84,1.64,124785,8.0
2021-11-26,4.426,4.426,4.2815,4.2815,51189,68.15,96.09,1.48,131427,3.5
2021-11-29,4.305,4.375,4.2815,4.337,6009,69.95,96.34,1.53,128816,-2.35
2021-11-30,4.357,4.3605,4.249,4.278,2030,66.18,95.99,1.44,131001,1.98
2021-12-01,4.3035,4.345,4.21,4.2475,1392,65.57,96.05,1.43,132469,-4.99
2021-12-02,4.2405,4.3085,4.2405,4.299,834,66.5,96.13,1.45,130704,-11.03
2021-12-03,4.2725,4.315,4.2515,4.2665,891,66.26,96.12,1.34,132321,-7.54
2021-12-06,4.295,4.3425,4.2565,4.337,712,69.49,96.29,1.43,129620,5.78
2021-12-07,4.3105,4.3835,4.3065,4.338,887,72.05,96.37,1.48,130220,-3.39
2021-12-08,4.339,4.394,4.332,4.391,950,72.36,95.89,1.51,129399,-2.58
2021-12-09,4.3735,4.3765,4.3035,4.33,651,70.94,96.27,1.49,131371,-3.62
2021-12-10,4.313,4.338,4.28,4.283,529,71.67,96.05,1.49,132815,6.81
2021-12-13,4.3225,4.3245,4.2755,4.28,504,71.29,96.32,1.42,133574,5.38
2021-12-14,4.27,4.295,4.25,4.254,585,70.73,96.57,1.44,135195,8.02
2021-12-15,4.26,4.27,4.129,4.1795,1004,70.87,96.51,1.46,137567,-4.8
2021-12-16,4.251,4.315,4.231,4.3005,687,72.38,96.04,1.42,133143,-1.02
2021-12-17,4.3035,4.3215,4.2715,4.291,548,70.86,96.57,1.4,133349,-10.2
2021-12-20,4.2695,4.297,4.2335,4.288,490,68.23,96.55,1.42,132849,4.73
2021-12-21,4.309,4.344,4.3045,4.338,761,71.12,96.49,1.49,130686,-7.86
2021-12-22,4.3455,4.3895,4.345,4.3895,1030,72.76,96.08,1.46,128431,-0.3
2021-12-23,4.4005,4.4005,4.35,4.387,880,73.79,96.02,1.49,128173,-6.9
2021-12-27,4.376,4.465,4.374,4.465,421,75.57,96.09,1.48,125428,-3.38
2021-12-28,4.458,4.468,4.42,4.42,543,75.98,96.2,1.48,127108,-5.19
2021-12-29,4.412,4.4135,4.402,4.402,695,76.56,95.93,1.54,128436,-4.26
2021-12-30,4.406,4.4215,4.377,4.3845,832,76.99,95.97,1.51,128599,-4.14
2021-12-31,4.3895,4.455,4.3775,4.455,373,75.21,95.67,1.51,126574,-3.3
2022-01-03,4.44,4.4445,4.35,4.4145,544,76.08,96.24,1.63,127896,3.1
2022-01-04,4.385,4.466,4.374,4.466,499,76.99,96.29,1.67,126071,-5.95
2022-01-05,4.4485,4.4485,4.371,4.4045,724,77.85,96.19,1.71,128527,-0.09
2022-01-06,4.369,4.37,4.3205,4.348,522,79.46,96.25,1.73,129999,4.19
2022-01-07,4.377,4.403,4.356,4.403,618,78.9,95.74,1.77,128246,-3.78
2022-01-10,4.389,4.41,4.325,4.3445,787,78.23,95.99,1.78,130369,-5.53
2022-01-11,4.3935,4.4205,4.372,4.4205,554,81.22,95.62,1.75,127930,-2.15
2022-01-12,4.419,4.581,4.419,4.564,1192,82.64,95.0,1.73,123038,6.7
2022-01-13,4.564,4.564,4.534,4.534,991,82.12,94.79,1.71,125193,1.4
2022-01-14,4.4095,4.437,4.4095,4.4115,1236,83.82,95.17,1.77,129193,-3.76
2022-01-18,4.4195,4.4255,4.376,4.376,1000,85.43,95.73,1.87,130197,0.87
2022-01-19,4.476,4.476,4.4625,4.4625,1172,86.96,95.51,1.83,126889,-5.98
2022-01-20,4.5185,4.5765,4.5185,4.5765,1441,86.9,95.74,1.83,122649,4.36
2022-01-21,4.518,4.5415,4.496,4.5125,1052,85.14,95.64,1.75,124602,2.2
2022-01-24,4.485,4.485,4.3865,4.403,1533,83.31,95.92,1.74,128970,-2.75
2022-01-25,4.432,4.443,4.432,4.443,469,85.6,95.95,1.78,128209,-4.91
2022-01-26,4.507,4.508,4.4345,4.5045,873,87.35,96.49,1.85,125800,-4.38
2022-01-27,4.4175,4.4635,4.413,4.413,1211,86.61,97.26,1.81,128628,1.59
2022-01-28,4.4225,4.429,4.2945,4.303,1471,86.82,97.27,1.78,132690,3.68
2022-01-31,4.308,4.3335,4.2785,4.318,882,88.15,96.54,1.78,131916,-5.46
2022-02-01,4.3545,4.4315,4.3545,4.429,859,88.2,96.39,1.8,128316,1.4
2022-02-02,4.434,4.491,4.4315,4.491,422,88.26,95.94,1.77,126237,-10.55
2022-02-03,4.4675,4.47,4.4645,4.4665,500,90.27,95.38,1.83,126413,-3.34
2022-02-04,4.492,4.5065,4.4765,4.4835,444,92.31,95.48,1.93,126514,-0.36
2022-02-07,4.4705,4.4725,4.436,4.4615,686,91.32,95.4,1.92,128092,-5.03
2022-02-08,4.453,4.469,4.425,4.4595,398,89.36,95.64,1.95,127887,-5.19
2022-02-09,4.464,4.635,4.464,4.6005,425,89.66,95.49,1.93,122777,-2.08
2022-02-10,4.612,4.691,4.612,4.6575,415,89.88,95.55,2.03,120911,3.43
2022-02-11,4.6045,4.6045,4.4795,4.505,489,93.1,96.08,1.96,126399,-0.87
2022-02-14,4.471,4.5075,4.471,4.5075,420,95.46,96.37,2.0,126608,-11.1
2022-02-15,4.5075,4.5315,4.4865,4.5315,310,92.07,95.99,2.05,126672,-10.21
2022-02-16,4.5405,4.5405,4.536,4.5405,577,93.66,95.7,2.05,126278,-2.53
2022-02-17,4.5185,4.525,4.5185,4.525,516,91.76,95.8,1.97,126461,2.6
2022-02-18,4.5195,4.5195,4.5195,4.5195,647,91.07,96.04,1.93,126033,-13.49
2022-02-22,4.5195,4.5195,4.51,4.51,818,92.35,96.03,1.95,126036,-2.37
2022-02-23,4.506,4.5205,4.4815,4.4815,975,92.1,96.19,1.98,127019,-2.86
2022-02-24,4.4785,4.4785,4.454,4.454,50571,92.81,97.14,1.97,128789,6.37
2022-02-25,4.5,4.52,4.4485,4.472,14457,91.59,96.62,1.99,127926,-2.28
2022-02-28,4.456,4.5155,4.44,4.4445,1803,95.72,96.71,1.84,128989,1.22
2022-03-01,4.4965,4.588,4.481,4.5865,1777,103.41,97.41,1.71,124012,1.79
2022-03-02,4.563,4.69,4.553,4.6555,1446,110.6,97.39,1.87,122131,-8.71
2022-03-03,4.7,4.7825,4.698,4.7715,1055,107.67,97.79,1.84,119209,7.23
2022-03-04,4.768,4.929,4.7665,4.929,1241,115.68,98.65,1.72,113457,6.44
2022-03-07,4.91,5.01,4.66,4.722,987,119.4,99.29,1.75,120482,5.32
2022-03-08,4.73,4.919,4.602,4.7005,1207,123.7,99.06,1.87,121704,22.14
2022-03-09,4.717,4.719,4.546,4.564,944,108.7,97.97,1.95,126789,-9.62
2022-03-10,4.58,4.6495,4.574,4.6435,1067,106.02,98.51,2.01,124837,10.42
2022-03-11,4.6085,4.6875,4.585,4.616,970,109.33,99.12,2.0,126062,0.01
2022-03-14,4.6005,4.6005,4.494,4.5125,743,103.01,99.06,2.14,129523,1.59
2022-03-15,4.492,4.525,4.46,4.5015,788,96.44,99.07,2.16,130174,-0.21
2022-03-16,4.4925,4.61,4.4925,4.588,664,95.04,98.38,2.19,127646,-1.02
2022-03-17,4.6525,4.6905,4.623,4.6905,939,102.98,98.01,2.19,124427,-0.47
2022-03-18,4.7005,4.7305,4.686,4.7305,685,104.7,98.23,2.15,123256,4.53
2022-03-21,4.7,4.7065,4.6495,4.7015,555,112.12,98.5,2.32,124751,-5.07
2022-03-22,4.6815,4.7255,4.6815,4.689,488,111.76,98.49,2.37,125714,6.12
2022-03-23,4.685,4.763,4.683,4.7625,490,114.93,98.62,2.32,123764,1.2
2022-03-24,4.7685,4.8,4.706,4.729,893,112.34,98.79,2.34,125228,-2.79
2022-03-25,4.692,4.7025,4.683,4.686,667,113.9,98.81,2.49,126658,0.07
2022-03-28,4.65,4.714,4.633,4.714,470,105.96,99.09,2.48,125744,8.96
2022-03-29,4.7165,4.7165,4.7165,4.7165,333,104.24,98.4,2.4,126199,0.03
2022-03-30,4.7815,4.7815,4.727,4.7395,1146,107.82,97.79,2.36,125027,4.79
2022-03-31,4.73,4.7445,4.701,4.743,708,100.28,98.31,2.33,125070,-0.62
2022-04-01,4.7245,4.729,4.681,4.6825,1077,99.27,98.63,2.38,127011,6.07
2022-04-04,4.7075,4.781,4.7075,4.7765,473,103.28,98.99,2.41,123734,6.88
2022-04-05,4.8085,4.8085,4.791,4.791,377,101.96,99.47,2.56,123801,12.88
2022-04-06,4.7625,4.7725,4.6975,4.7335,379,96.23,99.6,2.61,125900,2.04
2022-04-07,4.711,4.711,4.685,4.695,328,96.03,99.75,2.65,127268,5.78
2022-04-08,4.723,4.745,4.707,4.72,327,98.26,99.8,2.71,125781,3.24
2022-04-11,4.6825,4.7065,4.623,4.6285,352,94.29,99.93,2.78,129320,8.09
2022-04-12,4.666,4.706,4.6645,4.704,343,100.6,100.29,2.72,126968,-1.04
2022-04-13,4.707,4.707,4.707,4.707,480,104.25,99.88,2.69,127836,6.31
2022-04-14,4.717,4.717,4.717,4.717,982,106.95,100.32,2.83,127348,1.74
2022-04-18,4.75,4.809,4.75,4.796,498,108.21,100.78,2.86,124681,3.38
2022-04-19,4.7975,4.7975,4.697,4.714,573,102.56,100.96,2.91,127663,3.13
2022-04-20,4.623,4.6495,4.623,4.6495,859,102.75,100.39,2.84,130631,3.13
2022-04-21,4.7035,4.7035,4.7035,4.7035,614,103.79,100.58,2.92,128698,1.96
2022-04-22,4.5825,4.591,4.5765,4.5825,663,102.07,101.22,2.91,133058,2.1
2022-04-25,4.48,4.48,4.411,4.449,494,98.54,101.75,2.83,138004,7.25
2022-04-26,4.4765,4.4765,4.434,4.44,359,101.7,102.3,2.77,138403,4.18
2022-04-27,4.446,4.4545,4.4425,4.4545,24293,102.02,102.95,2.82,137695,3.78
2022-04-28,4.446,4.4695,4.3665,4.4135,4363,105.36,103.62,2.86,139217,-3.36
2022-04-29,4.423,4.485,4.363,4.395,1147,104.69,102.96,2.89,140348,-5.76
2022-05-02,4.3805,4.3855,4.19,4.2555,1034,105.17,103.74,3.0,144769,1.72
2022-05-03,4.277,4.344,4.2575,4.271,878,102.41,103.47,2.96,144286,1.52
2022-05-04,4.29,4.364,4.24,4.3285,1065,107.81,102.59,2.92,141958,5.22
2022-05-05,4.3985,4.42,4.2785,4.285,778,108.26,103.75,3.07,144019,-5.71
2022-05-06,4.293,4.299,4.23,4.2615,1207,109.77,103.66,3.12,144156,-4.13
2022-05-09,4.23,4.23,4.1265,4.193,1019,103.09,103.65,3.08,146302,-12.03
2022-05-10,4.1735,4.251,4.13,4.1545,908,99.76,103.92,2.99,147819,-6.28
2022-05-11,4.155,4.245,4.155,4.2125,723,105.71,103.85,2.92,146493,1.39
2022-05-12,4.1975,4.1975,4.056,4.105,783,106.13,104.85,2.82,150226,-7.27
2022-05-13,4.1085,4.1805,4.068,4.1805,1133,110.49,104.56,2.93,147334,-0.79
2022-05-16,4.21,4.2145,4.15,4.1965,575,114.2,104.19,2.88,147621,-4.75
2022-05-17,4.2405,4.2795,4.2125,4.2395,780,112.4,103.36,2.97,145464,-1.64
2022-05-18,4.241,4.243,4.15,4.182,689,109.59,103.81,2.89,146487,-9.71
2022-05-19,4.1815,4.285,4.1815,4.285,587,112.21,102.72,2.86,143080,-2.26
2022-05-20,4.256,4.32,4.256,4.281,577,113.23,103.15,2.79,142994,-17.69
2022-05-23,4.305,4.3485,4.29,4.3475,577,110.29,102.08,2.86,140207,-2.84
2022-05-24,4.3245,4.3415,4.26,4.3255,969,109.77,101.86,2.76,141296,-10.33
2022-05-25,4.2695,4.2935,4.2615,4.277,503,110.33,102.06,2.75,143103,3.24
2022-05-26,4.2575,4.2575,4.255,4.255,842,114.09,101.83,2.76,143619,0.82
2022-05-27,4.269,4.321,4.255,4.304,1475,115.07,101.67,2.74,141328,-0.12
2022-05-31,4.341,4.349,4.289,4.295,323,114.67,101.75,2.84,142036,5.04
2022-06-01,4.28,4.346,4.28,4.33,886,115.26,102.55,2.93,141103,-6.87
2022-06-02,4.389,4.554,4.389,4.554,343,116.87,101.77,2.91,133219,9.41
2022-06-03,4.55,4.5675,4.4725,4.4775,377,118.87,102.14,2.96,136727,4.38
2022-06-06,4.4175,4.4425,4.4175,4.4395,230,118.5,102.44,3.04,137576,-1.94
2022-06-07,4.3935,4.4395,4.381,4.4395,319,119.41,102.32,2.97,136889,4.92
2022-06-08,4.435,4.4585,4.412,4.4585,271,122.11,102.54,3.03,135913,-6.05
2022-06-09,4.44,4.44,4.3855,4.389,374,121.51,103.22,3.04,138325,-5.51
2022-06-10,4.34,4.34,4.293,4.301,385,120.67,104.15,3.16,141514,-5.53
2022-06-13,4.2395,4.262,4.19,4.2165,718,120.93,105.08,3.37,144363,-6.19
2022-06-14,4.2,4.217,4.137,4.1615,454,118.93,105.52,3.48,146447,-9.51
2022-06-15,4.1375,4.194,4.131,4.1675,687,115.31,105.16,3.39,145673,1.96
2022-06-16,4.176,4.176,4.052,4.112,564,117.59,103.63,3.31,148266,-6.14
2022-06-17,4.1,4.1,4.0155,4.0175,657,109.56,104.7,3.24,151536,-4.27
2022-06-21,3.965,4.065,3.965,4.043,453,110.65,104.44,3.31,151146,-8.56
2022-06-22,3.8915,3.9535,3.8905,3.9515,443,106.19,104.2,3.16,154503,-15.96
2022-06-23,3.854,3.86,3.7585,3.7585,533,104.27,104.43,3.07,161464,-7.92
2022-06-24,3.734,3.773,3.7,3.76,315,107.62,104.19,3.12,161667,-18.81
2022-06-27,3.791,3.803,3.75,3.779,375,109.57,103.94,3.19,161204,-9.36
2022-06-28,3.8115,3.8115,3.784,3.784,26394,111.76,104.51,3.21,161318,-15.79
2022-06-29,3.755,3.813,3.7075,3.779,4697,109.78,105.11,3.09,162091,0.92
2022-06-30,3.778,3.781,3.6855,3.7145,1292,105.76,104.69,2.97,164437,-5.26
2022-07-01,3.685,3.704,3.571,3.619,1107,108.43,105.14,2.89,168099,-10.48
2022-07-05,3.608,3.618,3.4245,3.425,919,99.5,106.5,2.81,174848,-7.12
2022-07-06,3.4545,3.4635,3.37,3.418,927,98.53,107.1,2.91,175741,-17.76
2022-07-07,3.4645,3.582,3.4435,3.582,475,102.73,107.13,3.01,169697,-8.76
2022-07-08,3.5115,3.543,3.4755,3.532,639,104.79,107.01,3.1,172258,-11.1
2022-07-11,3.43,3.4785,3.398,3.4375,610,104.09,108.02,2.99,175547,-11.96
2022-07-12,3.4,3.409,3.26,3.2965,525,95.84,108.07,2.96,179838,-8.68
2022-07-13,3.3135,3.3325,3.23,3.3255,417,96.3,107.96,2.9,178881,-11.02
2022-07-14,3.269,3.2775,3.187,3.2105,591,95.78,108.54,2.96,182599,-14.68
2022-07-15,3.154,3.254,3.15,3.2345,420,97.59,108.06,2.93,182138,-24.09
2022-07-18,3.314,3.3605,3.314,3.348,558,102.6,107.37,2.96,177871,-19.2
2022-07-19,3.2905,3.294,3.2655,3.2915,467,104.22,106.68,3.02,179648,-15.72
2022-07-20,3.303,3.359,3.303,3.3295,598,102.26,107.08,3.04,177468,-14.16
2022-07-21,3.327,3.327,3.275,3.302,486,96.35,106.91,2.91,178227,-20.63
2022-07-22,3.324,3.3695,3.319,3.3485,432,94.7,106.73,2.78,175509,-2.34
2022-07-25,3.3215,3.4,3.3205,3.351,588,96.7,106.48,2.82,174708,-6.78
2022-07-26,3.4,3.4515,3.375,3.3825,367,94.98,107.19,2.79,173948,-10.96
2022-07-27,3.4295,3.4295,3.4295,3.4295,784,97.26,106.45,2.73,172657,-13.02
2022-07-28,3.476,3.507,3.4685,3.475,735,96.42,106.35,2.68,171256,-13.87
2022-07-29,3.495,3.601,3.491,3.584,724,98.62,105.9,2.64,167005,-16.21
2022-08-01,3.5805,3.5805,3.534,3.552,326,93.89,105.45,2.61,168104,-11.46
2022-08-02,3.5215,3.5245,3.4895,3.5245,479,94.42,106.24,2.74,169065,-10.9
2022-08-03,3.507,3.515,3.4695,3.4695,225,90.66,106.51,2.75,170469,-19.09
2022-08-04,3.46,3.5085,3.46,3.483,336,88.54,105.69,2.68,170673,-11.04
2022-08-05,3.52,3.5615,3.5095,3.553,236,89.01,106.62,2.84,168617,-12.61
2022-08-08,3.5875,3.5875,3.5875,3.5875,176,90.76,106.44,2.77,167310,-20.95
2022-08-09,3.601,3.601,3.59,3.5925,352,90.5,106.37,2.8,167148,-15.65
2022-08-10,3.6075,3.6555,3.6075,3.6555,246,91.93,105.2,2.79,165036,-12.62
2022-08-11,3.7105,3.7105,3.7105,3.7105,308,94.34,105.09,2.89,162193,-0.43
2022-08-12,3.662,3.676,3.662,3.676,367,92.09,105.63,2.85,163289,-7.52
2022-08-15,3.587,3.6335,3.583,3.629,366,89.41,106.55,2.79,164627,-17.56
2022-08-16,3.6045,3.6455,3.6045,3.6365,270,86.53,106.5,2.82,163914,-8.36
2022-08-17,3.613,3.613,3.598,3.598,289,88.11,106.57,2.89,165135,-19.01
2022-08-18,3.6465,3.6465,3.6465,3.6465,352,90.5,107.48,2.88,164246,-5.26
2022-08-19,3.6725,3.6835,3.666,3.6835,242,90.77,108.17,2.99,163240,-12.56
2022-08-22,3.702,3.703,3.669,3.6705,351,90.23,109.05,3.04,163437,-10.84
2022-08-23,3.713,3.7535,3.6985,3.7045,574,93.74,108.62,3.05,162505,-3.31
2022-08-24,3.655,3.6605,3.655,3.6605,539,94.89,108.68,3.11,164675,-16.93
2022-08-25,3.7015,3.72,3.695,3.7105,718,92.52,108.47,3.03,163341,-16.85
2022-08-26,3.784,3.785,3.697,3.7115,472,93.06,108.8,3.04,163333,-12.77
2022-08-29,3.665,3.665,3.6265,3.6265,22591,97.01,108.84,3.11,166017,-5.73
2022-08-30,3.6055,3.634,3.5315,3.545,7929,91.64,108.77,3.11,169183,-19.53
2022-08-31,3.5565,3.5805,3.4465,3.5185,1607,89.55,108.7,3.13,170288,-26.43
2022-09-01,3.5175,3.518,3.4125,3.4145,969,86.61,109.69,3.27,174331,-15.82
2022-09-02,3.423,3.4615,3.389,3.4215,804,86.87,109.53,3.19,174372,-10.72
2022-09-06,3.394,3.47,3.3825,3.469,785,86.88,110.21,3.34,173181,-6.89
2022-09-07,3.463,3.463,3.418,3.438,668,81.94,109.84,3.27,174026,-15.59
2022-09-08,3.4525,3.5575,3.4525,3.536,728,83.54,109.71,3.29,171188,-14.11
2022-09-09,3.579,3.6325,3.559,3.581,655,86.79,109.0,3.32,169702,-5.72
2022-09-12,3.5545,3.6315,3.552,3.6255,462,87.78,108.33,3.36,169079,-20.28
2022-09-13,3.6255,3.6975,3.55,3.581,699,87.31,109.82,3.42,170326,-13.43
2022-09-14,3.5575,3.572,3.527,3.5455,525,88.48,109.66,3.41,172350,-10.98
2022-09-15,3.572,3.572,3.5055,3.5235,596,85.1,109.74,3.46,173209,-9.96
2022-09-16,3.5,3.568,3.47,3.561,554,85.11,109.76,3.45,171603,-14.29
2022-09-19,3.5425,3.5575,3.515,3.5575,450,85.73,109.74,3.49,171508,-11.61
2022-09-20,3.541,3.5575,3.54,3.548,545,84.45,110.22,3.57,171696,-24.34
2022-09-21,3.533,3.553,3.45,3.512,985,82.94,110.64,3.51,173147,-15.64
2022-09-22,3.479,3.5375,3.479,3.4985,681,83.49,111.35,3.71,173855,-10.25
2022-09-23,3.488,3.489,3.3645,3.3715,511,78.74,113.19,3.7,178042,-19.02
2022-09-26,3.345,3.384,3.3,3.3135,589,76.71,114.1,3.88,180061,-14.54
2022-09-27,3.3645,3.373,3.313,3.323,487,78.5,114.11,3.96,180692,-12.48
2022-09-28,3.332,3.382,3.332,3.382,527,82.15,112.6,3.7,179405,-15.69
2022-09-29,3.4075,3.4495,3.353,3.44,592,81.23,112.25,3.75,177571,-12.4
2022-09-30,3.444,3.4825,3.429,3.442,276,79.49,112.12,3.8,177518,-18.04
2022-10-03,3.4,3.46,3.394,3.458,609,83.63,111.75,3.65,177012,-14.06
2022-10-04,3.464,3.55,3.464,3.518,720,86.52,110.07,3.62,175188,-9.22
2022-10-05,3.529,3.5825,3.5035,3.5325,282,87.76,111.07,3.76,174220,-11.31
2022-10-06,3.4925,3.5015,3.475,3.475,217,88.45,112.26,3.83,176117,-15.75
2022-10-07,3.45,3.455,3.4115,3.4125,278,92.64,112.8,3.88,177554,-12.47
2022-10-10,3.464,3.493,3.4535,3.4535,246,91.13,113.14,3.89,176298,-9.51
2022-10-11,3.4665,3.483,3.427,3.478,265,89.35,113.22,3.94,175732,-23.02
2022-10-12,3.4145,3.459,3.4145,3.4445,352,87.27,113.32,3.9,176687,-7.4
2022-10-13,3.43,3.472,3.4,3.4675,249,89.11,112.36,3.95,176590,-14.59
2022-10-14,3.4675,3.4675,3.4485,3.4505,354,85.61,113.31,4.01,176634,-10.99
2022-10-17,3.45,3.479,3.439,3.4555,269,85.46,112.04,4.01,175800,-7.07
2022-10-18,3.435,3.4425,3.39,3.4065,331,82.82,112.13,4.0,177616,-20.53
2022-10-19,3.369,3.3695,3.358,3.3605,353,85.55,112.98,4.13,179697,-17.79
2022-10-20,3.4215,3.467,3.4175,3.451,433,85.98,112.88,4.23,177287,-14.56
2022-10-21,3.46,3.523,3.46,3.523,417,85.05,112.01,4.21,174561,-16.13
2022-10-24,3.493,3.493,3.4795,3.4795,537,84.58,111.99,4.23,176569,-4.08
2022-10-25,3.46,3.46,3.4505,3.4505,508,85.32,110.95,4.11,177566,-17.4
2022-10-26,3.558,3.6295,3.558,3.6295,367,87.91,109.7,4.01,171224,-13.66
2022-10-27,3.595,3.6255,3.595,3.6255,761,89.08,110.59,3.94,171761,-9.91
2022-10-28,3.5375,3.5375,3.4535,3.466,860,87.9,110.67,4.01,177637,-18.94
2022-10-31,3.4095,3.43,3.4095,3.4135,587,86.53,111.53,4.08,178766,-15.56
2022-11-01,3.4945,3.523,3.4795,3.5095,405,88.37,111.48,4.05,176070,-10.79
2022-11-02,3.4985,3.5055,3.475,3.5055,238,90.0,111.35,4.06,176831,-14.1
2022-11-03,3.4455,3.4565,3.4455,3.4565,309,88.17,112.93,4.12,178265,-13.51
2022-11-04,3.637,3.7315,3.6345,3.7145,322,92.61,110.88,4.16,169413,-12.47
2022-11-07,3.666,3.666,3.605,3.6295,279,91.79,110.12,4.21,172610,-18.45
2022-11-08,3.6585,3.7085,3.6585,3.7055,221,88.91,109.62,4.13,170067,-8.32
2022-11-09,3.6765,3.7415,3.6765,3.7415,323,85.83,110.55,4.15,168560,-0.71
2022-11-10,3.808,3.808,3.794,3.796,231,86.47,108.21,3.83,166350,-8.71
2022-11-11,3.917,3.951,3.8905,3.951,260,88.96,106.29,3.81,160913,-5.74
2022-11-14,3.848,3.872,3.8365,3.855,661,85.87,106.66,3.87,164801,-4.6
2022-11-15,3.849,3.8505,3.825,3.8395,409,86.92,106.4,3.8,165588,-14.6
2022-11-16,3.788,3.788,3.788,3.788,461,85.59,106.28,3.69,167224,-0.39
2022-11-17,3.6955,3.696,3.6755,3.6895,427,81.64,106.69,3.78,171019,-9.12
2022-11-18,3.6585,3.659,3.632,3.632,645,80.08,106.93,3.82,171749,-2.69
2022-11-21,3.6,3.601,3.5665,3.5715,455,79.73,107.84,3.83,174384,-15.27
2022-11-22,3.6515,3.6515,3.6145,3.6145,539,80.95,107.22,3.76,172096,-1.98
2022-11-23,3.608,3.621,3.608,3.6175,296,77.94,106.08,3.71,171828,-7.16
2022-11-25,3.629,3.629,3.6265,3.6265,301,76.28,105.96,3.69,171009,-8.15
2022-11-28,3.5785,3.6105,3.5785,3.6105,31550,77.24,106.68,3.7,170986,-9.95
2022-11-29,3.595,3.677,3.5905,3.63,8381,78.2,106.82,3.75,170826,-12.12
2022-11-30,3.6315,3.782,3.627,3.7295,2093,80.55,105.95,3.7,167133,-3.63
2022-12-01,3.783,3.814,3.734,3.814,1366,81.22,104.73,3.53,164332,-7.87
2022-12-02,3.773,3.8585,3.756,3.848,660,79.98,104.55,3.51,163121,-17.99
2022-12-05,3.8705,3.8715,3.77,3.7895,686,76.93,105.29,3.6,165383,-14.47
2022-12-06,3.786,3.8575,3.786,3.8115,856,74.25,105.58,3.51,164647,-9.54
2022-12-07,3.8185,3.857,3.7775,3.8555,535,72.01,105.1,3.41,162530,-6.51
2022-12-08,3.837,3.9045,3.837,3.8805,786,71.46,104.77,3.49,162103,-8.03
2022-12-09,3.88,3.912,3.85,3.876,599,71.02,104.81,3.57,162039,-1.71
2022-12-12,3.841,3.8455,3.7895,3.7985,542,73.17,105.13,3.61,164051,-18.52
2022-12-13,3.821,3.9145,3.806,3.8395,522,75.39,103.98,3.5,162423,-7.54
2022-12-14,3.838,3.8765,3.827,3.875,589,77.28,103.77,3.5,161856,-16.9
2022-12-15,3.8575,3.8575,3.7585,3.763,1002,76.11,104.56,3.45,166159,-5.41
2022-12-16,3.779,3.796,3.74,3.7615,616,74.29,104.7,3.48,166054,-9.7
2022-12-19,3.811,3.811,3.7515,3.783,601,75.19,104.72,3.58,165144,-6.86
2022-12-20,3.747,3.8055,3.725,3.7975,585,76.09,103.97,3.68,164492,-13.1
2022-12-21,3.807,3.814,3.804,3.806,578,78.29,104.16,3.68,165129,-2.28
2022-12-22,3.822,3.837,3.7505,3.7515,591,77.49,104.43,3.67,167209,-4.15
2022-12-23,3.7835,3.811,3.76,3.803,370,79.56,104.31,3.75,165600,-5.79
2022-12-27,3.864,3.928,3.8335,3.8335,380,79.53,104.18,3.86,164996,-8.98
2022-12-28,3.842,3.842,3.819,3.832,550,78.96,104.46,3.89,165156,-5.45
2022-12-29,3.831,3.8425,3.809,3.821,723,78.4,103.84,3.84,165424,-12.02
2022-12-30,3.8265,3.8315,3.802,3.8055,681,80.26,103.52,3.88,165878,-4.4
2023-01-03,3.8325,3.842,3.7615,3.766,1032,76.93,104.52,3.79,167229,-0.93
2023-01-04,3.736,3.752,3.7275,3.7395,663,72.84,104.25,3.71,168139,-4.15
2023-01-05,3.8005,3.818,3.8005,3.818,367,73.67,105.04,3.72,165719,-12.17
2023-01-06,3.8135,3.9135,3.8135,3.9085,422,73.77,103.88,3.57,162575,-5.59
2023-01-09,3.9435,4.027,3.9385,4.0185,837,74.63,103.0,3.52,159055,-12.48
2023-01-10,4.0125,4.067,4.0085,4.067,676,75.12,103.24,3.62,157321,-2.55
2023-01-11,4.1085,4.174,4.106,4.1545,657,77.41,103.19,3.55,154294,-2.07
2023-01-12,4.1505,4.191,4.146,4.186,532,78.39,102.25,3.45,152292,-13.27
2023-01-13,4.179,4.2075,4.147,4.2075,372,79.86,102.2,3.51,151952,-9.47
2023-01-17,4.141,4.2195,4.141,4.215,406,80.18,102.39,3.54,151845,-4.98
2023-01-18,4.217,4.3145,4.212,4.2285,514,79.48,102.36,3.38,151822,-4.9
2023-01-19,4.1945,4.2325,4.1945,4.2265,350,80.33,102.06,3.4,150589,-9.47
2023-01-20,4.22,4.253,4.22,4.2485,447,81.31,102.01,3.48,150759,-1.2
2023-01-23,4.2795,4.2795,4.242,4.254,495,81.62,102.14,3.53,150503,-1.82
2023-01-24,4.2515,4.2515,4.229,4.2455,527,80.13,101.92,3.47,151299,-4.15
2023-01-25,4.2145,4.24,4.2145,4.24,380,80.15,101.64,3.46,151024,-7.03
2023-01-26,4.255,4.267,4.2375,4.267,616,81.01,101.84,3.49,150355,2.33
2023-01-27,4.224,4.224,4.224,4.224,596,79.68,101.93,3.52,151386,4.83
2023-01-30,4.2345,4.2365,4.1755,4.2035,468,77.9,102.28,3.55,151822,-6.12
2023-01-31,4.17,4.2325,4.1415,4.2285,518,78.87,102.1,3.53,151809,-6.45
2023-02-01,4.1675,4.1925,4.1095,4.111,969,76.41,101.22,3.4,155835,-2.41
2023-02-02,4.189,4.189,4.0885,4.094,558,75.88,101.75,3.4,156528,-6.87
2023-02-03,4.096,4.119,4.054,4.063,624,73.39,102.92,3.53,158005,-6.16
2023-02-06,4.0685,4.0685,4.006,4.0435,299,74.11,103.62,3.63,158910,-2.01
2023-02-07,4.02,4.0885,4.0175,4.0885,278,77.14,103.43,3.67,157403,-14.69
2023-02-08,4.1135,4.1135,4.0265,4.0435,263,78.47,103.41,3.65,159142,0.89
2023-02-09,4.1055,4.1055,4.0745,4.1055,256,78.06,103.22,3.68,158054,-4.57
2023-02-10,4.0435,4.0435,4.0275,4.0275,320,79.72,103.63,3.74,160758,-7.96
2023-02-13,4.0275,4.087,4.0275,4.087,345,80.14,103.35,3.72,158766,-5.61
2023-02-14,4.083,4.11,4.08,4.11,390,79.06,103.23,3.76,158434,-5.06
2023-02-15,4.024,4.0695,4.015,4.052,482,78.59,103.92,3.81,160961,-14.26
2023-02-16,4.11,4.1655,4.11,4.1655,490,78.49,103.86,3.84,157523,3.29
2023-02-17,4.114,4.132,4.114,4.114,513,76.34,103.86,3.83,159613,-4.62
2023-02-21,4.18,4.237,4.1795,4.2345,406,76.16,104.18,3.95,154881,-1.1
2023-02-22,4.201,4.2035,4.174,4.2025,682,73.95,104.59,3.92,156736,1.04
2023-02-23,4.1515,4.1525,4.0715,4.073,306,75.39,104.6,3.88,160753,-10.44
2023-02-24,4.0195,4.0195,3.955,3.955,53656,76.32,105.21,3.95,165019,-4.45
2023-02-27,3.957,4.018,3.9345,4.009,8905,75.68,104.67,3.92,162789,-7.48
2023-02-28,4.0125,4.1005,4.003,4.0975,1526,77.05,104.87,3.92,159663,-0.8
2023-03-01,4.11,4.181,4.11,4.168,901,77.69,104.48,3.99,157343,-14.79
2023-03-02,4.175,4.175,4.06,4.084,830,78.16,105.03,4.07,160428,-5.7
2023-03-03,4.0795,4.123,4.073,4.078,663,79.68,104.52,3.96,160828,-8.29
2023-03-06,4.055,4.1005,4.023,4.1005,795,80.46,104.35,3.98,160767,-2.83
2023-03-07,4.087,4.088,3.9755,3.9865,906,77.58,105.62,3.97,164961,-4.07
2023-03-08,3.9815,4.079,3.981,4.0415,525,76.66,105.66,3.98,162926,-9.27
2023-03-09,4.0465,4.0565,4.03,4.0545,584,75.72,105.31,3.92,162905,-9.13
2023-03-10,4.012,4.0675,3.99,4.0455,591,76.68,104.58,3.69,163755,-6.23
2023-03-13,4.023,4.08,3.946,4.0695,842,74.8,103.6,3.52,162363,-9.86
2023-03-14,4.0395,4.062,4.001,4.0105,923,71.33,103.6,3.64,164696,-1.91
2023-03-15,4.021,4.021,3.8565,3.8565,875,67.61,104.65,3.49,170402,-9.89
2023-03-16,3.904,3.906,3.84,3.8855,592,68.35,104.42,3.59,169253,-22.22
2023-03-17,3.9425,3.959,3.8965,3.9135,498,66.74,103.71,3.39,168892,-9.21
2023-03-20,3.937,3.9825,3.924,3.9755,532,67.64,103.28,3.48,166655,-11.75
2023-03-21,4.051,4.0515,4.017,4.0185,571,69.33,103.26,3.61,165206,-14.18
2023-03-22,4.0215,4.081,4.005,4.0685,641,70.9,102.35,3.5,163378,-11.58
2023-03-23,4.1,4.146,4.0855,4.146,465,69.96,102.53,3.41,160673,-3.88
2023-03-24,4.1655,4.1655,4.0755,4.1015,471,69.26,103.12,3.38,161737,1.66
2023-03-27,4.06,4.1255,4.06,4.1045,566,72.81,102.86,3.53,160984,-3.38
2023-03-28,4.1085,4.1245,4.088,4.112,496,73.2,102.43,3.56,161439,-7.88
2023-03-29,4.133,4.133,4.111,4.115,636,72.97,102.64,3.57,160953,-2.53
2023-03-30,4.12,4.1205,4.079,4.0905,636,74.37,102.14,3.55,161364,-7.41
2023-03-31,4.032,4.1045,4.032,4.1045,520,75.67,102.51,3.49,159905,-8.42
2023-04-03,4.0965,4.0965,4.056,4.0595,398,80.42,102.09,3.43,161193,-11.28
2023-04-04,4.066,4.066,3.974,3.9835,372,80.71,101.59,3.34,163257,-15.22
2023-04-05,3.979,3.998,3.958,3.998,274,80.61,101.85,3.29,163489,-8.22
2023-04-06,4.037,4.037,3.9975,4.026,0,80.7,101.82,3.29,162963,-5.13
2023-04-10,3.9885,3.998,3.978,3.9865,230,79.74,102.58,3.41,164036,-6.9
2023-04-11,4.041,4.041,4.0245,4.0245,337,81.53,102.2,3.43,163719,-8.02
2023-04-12,4.0105,4.0845,3.999,4.0845,288,83.26,101.5,3.42,162061,-9.92
2023-04-13,4.1,4.1345,4.1,4.124,539,82.16,101.01,3.45,160533,-1.66
2023-04-14,4.1895,4.1895,4.1005,4.1075,484,82.52,101.55,3.52,159985,-11.49
2023-04-17,4.107,4.108,4.0615,4.066,374,80.83,102.1,3.59,162469,-1.54
2023-04-18,4.06,4.0895,4.06,4.0895,326,80.86,101.75,3.57,161021,-10.14
2023-04-19,4.07,4.072,4.029,4.072,494,79.16,101.97,3.6,160893,-9.11
2023-04-20,4.058,4.0595,4.01,4.022,471,77.29,101.84,3.55,163103,-13.31
2023-04-21,4.003,4.0055,3.98,3.98,583,77.87,101.82,3.57,165671,-9.01
2023-04-24,3.964,3.964,3.95,3.953,522,78.76,101.35,3.52,167239,-1.96
2023-04-25,3.88,3.88,3.843,3.846,671,77.07,101.86,3.4,171238,-5.6
2023-04-26,3.868,3.868,3.8435,3.85,38282,74.3,101.47,3.43,171365,-3.23
2023-04-27,3.841,3.8785,3.805,3.8645,6253,74.76,101.5,3.53,171242,-5.33
2023-04-28,3.8715,3.8995,3.84,3.87,1453,76.78,101.67,3.45,171391,-13.39
2023-05-01,3.8715,3.983,3.8555,3.917,897,75.66,102.15,3.57,169872,-8.94
2023-05-02,3.9185,3.9315,3.843,3.848,820,71.66,101.96,3.44,172334,-12.05
2023-05-03,3.83,3.845,3.8215,3.8315,682,68.6,101.34,3.4,172884,-1.7
2023-05-04,3.8835,3.8835,3.824,3.85,847,68.56,101.4,3.35,171897,-14.11
2023-05-05,3.849,3.8855,3.8435,3.8715,472,71.34,101.21,3.45,171018,-3.39
2023-05-08,3.8895,3.941,3.8865,3.918,327,73.16,101.37,3.52,168629,-2.81
2023-05-09,3.9095,3.9095,3.874,3.889,396,73.71,101.64,3.52,169599,1.51
2023-05-10,3.849,3.8735,3.818,3.828,545,72.56,101.48,3.44,171290,-10.45
2023-05-11,3.8,3.802,3.678,3.6975,802,70.87,102.06,3.4,175360,-6.47
2023-05-12,3.69,3.726,3.69,3.7165,318,70.04,102.68,3.46,174776,1.61
2023-05-15,3.7515,3.7515,3.731,3.7375,476,71.11,102.43,3.51,174668,-12.62
2023-05-16,3.736,3.737,3.6455,3.6545,544,70.86,102.56,3.55,177986,-18.24
2023-05-17,3.646,3.749,3.646,3.743,530,72.83,102.88,3.58,174182,-18.86
2023-05-18,3.7135,3.7135,3.6805,3.6815,704,71.86,103.58,3.65,175889,-6.67
2023-05-19,3.6925,3.7555,3.6925,3.7225,522,71.55,103.2,3.69,174877,-19.13
2023-05-22,3.718,3.7185,3.66,3.674,614,71.99,103.2,3.72,176133,-12.19
2023-05-23,3.67,3.67,3.613,3.6415,367,72.91,103.49,3.7,177169,-8.54
2023-05-24,3.6,3.604,3.54,3.5535,553,74.34,103.89,3.72,180497,-10.91
2023-05-25,3.5845,3.609,3.5685,3.5805,546,71.83,104.21,3.81,179116,-9.37
2023-05-26,3.605,3.6735,3.605,3.6735,660,72.67,104.21,3.81,175908,-9.22
2023-05-30,3.667,3.68,3.6325,3.658,1442,69.46,104.17,3.7,175851,-4.13
2023-05-31,3.6265,3.66,3.6185,3.631,484,68.09,104.32,3.64,176525,-15.62
2023-06-01,3.6835,3.7115,3.679,3.7065,403,70.1,103.56,3.61,174026,-13.3
2023-06-02,3.767,3.7675,3.719,3.7225,326,71.74,104.02,3.69,172749,-13.58
2023-06-05,3.7205,3.773,3.7205,3.7625,475,72.15,104.0,3.69,171548,-5.07
2023-06-06,3.733,3.7685,3.733,3.767,343,71.74,104.13,3.7,171381,-4.66
2023-06-07,3.7585,3.7825,3.75,3.7545,430,72.53,104.1,3.78,172067,-7.06
2023-06-08,3.7795,3.7965,3.7775,3.7965,364,71.29,103.34,3.71,170698,-2.88
2023-06-09,3.789,3.789,3.78,3.789,260,70.17,103.56,3.74,171575,-14.78
2023-06-12,3.75,3.7685,3.7485,3.7505,348,67.12,103.63,3.77,172978,-1.03
2023-06-13,3.818,3.857,3.816,3.8285,407,69.42,103.34,3.84,170055,-0.78
2023-06-14,3.8405,3.866,3.84,3.866,310,68.27,103.01,3.8,168798,-4.25
2023-06-15,3.8125,3.8965,3.8125,3.8965,369,70.62,102.12,3.73,167975,1.37
2023-06-16,3.895,3.895,3.8785,3.8845,368,71.78,102.3,3.77,168417,-15.98
2023-06-20,3.86,3.8945,3.8415,3.8785,347,70.5,102.54,3.73,168645,-10.39
2023-06-21,3.86,3.911,3.86,3.911,409,72.53,102.07,3.72,167192,-11.04
2023-06-22,3.95,3.95,3.887,3.8885,407,69.51,102.39,3.8,167681,-4.04
2023-06-23,3.83,3.83,3.795,3.806,376,69.16,102.9,3.74,169937,-13.93
2023-06-26,3.8205,3.8235,3.78,3.7865,455,69.37,102.69,3.72,171407,-5.13
2023-06-27,3.773,3.7985,3.772,3.7815,504,67.7,102.49,3.77,171022,-2.13
2023-06-28,3.74,3.74,3.716,3.7205,22765,69.56,102.91,3.71,172845,-6.27
2023-06-29,3.711,3.731,3.6625,3.6775,3999,69.86,103.34,3.85,174027,-8.86
2023-06-30,3.6775,3.7515,3.6775,3.741,1048,70.64,102.91,3.82,172207,-14.43
2023-07-03,3.7475,3.7905,3.7475,3.779,1069,69.79,102.99,3.86,170745,-13.25
2023-07-05,3.771,3.773,3.721,3.7535,652,71.79,103.37,3.94,172199,-3.08
2023-07-06,3.743,3.7465,3.712,3.72,711,71.8,103.17,4.04,173068,-5.85
2023-07-07,3.7325,3.77,3.727,3.767,664,73.86,102.27,4.05,171549,-9.36
2023-07-10,3.7645,3.774,3.7375,3.7715,686,72.99,101.97,4.01,171015,-11.2
2023-07-11,3.781,3.8,3.74,3.7535,530,74.83,101.73,3.98,172610,-19.46
2023-07-12,3.7855,3.842,3.7765,3.842,733,75.75,100.52,3.86,168979,-13.58
2023-07-13,3.8855,3.939,3.8855,3.9295,704,76.89,99.77,3.76,166055,2.43
2023-07-14,3.932,3.9355,3.9,3.922,486,75.42,99.91,3.82,166603,-13.63
2023-07-17,3.888,3.888,3.8135,3.832,390,74.15,99.84,3.8,169939,-7.4
2023-07-18,3.8335,3.8335,3.797,3.816,492,75.75,99.94,3.79,170416,-3.51
2023-07-19,3.7975,3.803,3.78,3.7995,510,75.35,100.28,3.74,170935,-15.03
2023-07-20,3.8255,3.873,3.812,3.8175,729,75.63,100.88,3.85,170325,-7.61
2023-07-21,3.84,3.84,3.7925,3.803,594,77.07,101.07,3.84,170766,-4.02
2023-07-24,3.812,3.8405,3.775,3.8405,627,78.74,101.35,3.86,169887,-8.18
2023-07-25,3.8725,3.922,3.8725,3.902,941,79.63,101.35,3.91,168730,6.87
2023-07-26,3.8715,3.895,3.8715,3.8905,795,78.78,100.89,3.85,168881,-15.96
2023-07-27,3.8635,3.8635,3.8635,3.8635,544,80.09,101.77,4.01,169210,-2.66
2023-07-28,3.8805,3.9205,3.8805,3.917,1510,80.58,101.62,3.97,167298,-8.15
2023-07-31,3.921,4.001,3.921,3.9945,1430,81.8,101.86,3.96,165746,-2.46
2023-08-01,4.0025,4.0025,3.8935,3.8935,1186,81.37,102.3,4.05,168919,-5.37
2023-08-02,3.87,3.87,3.827,3.8275,1122,79.49,102.59,4.08,171967,-12.07
2023-08-03,3.828,3.876,3.825,3.876,1055,81.55,102.54,4.19,171024,-6.66
2023-08-04,3.8305,3.845,3.8035,3.845,457,82.82,102.02,4.06,171860,-17.48
2023-08-07,3.807,3.813,3.804,3.813,480,81.94,102.05,4.08,173236,-5.57
2023-08-08,3.78,3.78,3.7085,3.748,706,82.92,102.53,4.03,176244,-7.91
2023-08-09,3.797,3.797,3.762,3.7675,570,84.4,102.49,4.01,175391,-5.96
2023-08-10,3.789,3.8115,3.74,3.751,668,82.82,102.52,4.08,175877,-4.07
2023-08-11,3.72,3.72,3.69,3.7145,753,83.19,102.84,4.17,176893,-7.98
2023-08-14,3.7235,3.726,3.7045,3.7245,540,82.51,103.19,4.18,176086,-8.95
2023-08-15,3.676,3.6875,3.653,3.6615,620,80.99,103.21,4.22,177999,-14.89
2023-08-16,3.662,3.6775,3.6515,3.6515,671,79.38,103.42,4.26,177798,-14.17
2023-08-17,3.6855,3.686,3.6745,3.6855,524,80.39,103.44,4.31,176623,-4.25
2023-08-18,3.694,3.7,3.6865,3.699,299,81.25,103.38,4.25,175804,-2.83
2023-08-21,3.719,3.719,3.7015,3.712,320,80.72,103.33,4.34,175455,-11.04
2023-08-22,3.746,3.759,3.737,3.7505,381,80.35,103.56,4.33,173407,-9.14
2023-08-23,3.795,3.807,3.795,3.8035,317,78.89,103.36,4.2,171701,-13.23
2023-08-24,3.7815,3.7815,3.765,3.7675,472,79.05,103.98,4.24,173336,-3.29
2023-08-25,3.7955,3.7955,3.76,3.76,251,79.83,104.08,4.24,172701,-5.92
2023-08-28,3.7665,3.768,3.754,3.754,549,80.1,104.06,4.21,173080,0.38
2023-08-29,3.7905,3.793,3.788,3.793,29529,81.16,103.55,4.12,172267,-13.23
2023-08-30,3.7925,3.795,3.7635,3.785,7893,81.63,103.16,4.12,172003,-10.83
2023-08-31,3.788,3.7925,3.75,3.7725,2069,83.63,103.62,4.09,173193,-7.94
2023-09-01,3.792,3.862,3.786,3.8125,822,85.55,104.24,4.17,171981,-5.36
2023-09-05,3.807,3.811,3.7665,3.811,944,86.69,104.81,4.27,171717,-9.69
2023-09-06,3.799,3.8035,3.7435,3.7485,837,87.54,104.86,4.29,173879,-13.76
2023-09-07,3.754,3.754,3.704,3.726,787,86.87,105.06,4.26,174918,-5.27
2023-09-08,3.7135,3.7135,3.676,3.6805,1120,87.51,105.09,4.26,176544,-6.64
2023-09-11,3.7025,3.7745,3.7025,3.77,846,87.29,104.57,4.29,173654,-13.71
2023-09-12,3.7625,3.763,3.736,3.752,460,88.84,104.71,4.26,173870,-2.57
2023-09-13,3.7495,3.763,3.746,3.756,509,88.52,104.77,4.25,173806,-3.45
2023-09-14,3.8,3.8,3.761,3.7825,545,90.16,105.41,4.29,172243,-8.3
2023-09-15,3.8055,3.8055,3.757,3.7635,556,90.77,105.32,4.32,172858,-8.81
2023-09-18,3.745,3.745,3.733,3.7415,674,91.48,105.2,4.32,173221,-6.71
2023-09-19,3.71,3.714,3.7,3.714,717,91.2,105.2,4.36,173852,-14.13
2023-09-20,3.7335,3.7465,3.708,3.7465,842,90.28,105.16,4.35,173271,-9.27
2023-09-21,3.708,3.7185,3.61,3.6665,628,89.63,105.36,4.48,176562,-21.18
2023-09-22,3.6865,3.6865,3.6655,3.6655,586,90.03,105.58,4.44,176871,-6.05
2023-09-25,3.6635,3.666,3.649,3.6495,1582,89.68,106.0,4.54,176940,-18.44
2023-09-26,3.62,3.6435,3.62,3.625,702,90.39,106.23,4.56,177655,-3.42
2023-09-27,3.62,3.627,3.6195,3.627,1228,93.68,106.67,4.63,178131,-12.56
2023-09-28,3.6255,3.6975,3.616,3.6945,935,91.71,106.22,4.6,175832,-11.13
2023-09-29,3.738,3.7665,3.7175,3.726,815,90.79,106.17,4.57,175773,-12.81
2023-10-02,3.6925,3.6925,3.6315,3.632,621,88.82,106.9,4.68,179240,-12.29
2023-10-03,3.6315,3.6315,3.606,3.6155,525,89.23,107.0,4.8,179904,-3.96
2023-10-04,3.6115,3.6115,3.5705,3.584,395,84.22,106.8,4.74,180868,-23.89
2023-10-05,3.566,3.576,3.547,3.547,376,82.31,106.33,4.72,182223,-5.53
2023-10-06,3.556,3.632,3.556,3.6245,326,82.79,106.04,4.78,179442,-9.25
2023-10-09,3.643,3.654,3.6425,3.6425,318,86.38,106.08,4.8,179130,-16.75
2023-10-10,3.5955,3.632,3.5955,3.632,331,85.97,105.83,4.66,179928,-16.23
2023-10-11,3.614,3.614,3.614,3.614,433,83.49,105.82,4.59,180205,-2.69
2023-10-12,3.618,3.618,3.5855,3.594,349,82.91,106.57,4.71,180305,-16.05
2023-10-13,3.5945,3.595,3.5725,3.58,388,87.69,106.65,4.63,179969,-17.27
2023-10-16,3.582,3.59,3.582,3.587,298,86.66,106.24,4.71,179953,-5.73
2023-10-17,3.545,3.5755,3.545,3.5755,375,86.66,106.25,4.85,179859,-9.86
2023-10-18,3.608,3.608,3.5785,3.582,340,88.32,106.57,4.9,178662,-16.16
2023-10-19,3.574,3.5915,3.574,3.5915,418,89.37,106.25,4.99,178505,-10.27
2023-10-20,3.567,3.567,3.5365,3.542,760,88.75,106.16,4.92,181359,-17.1
2023-10-23,3.53,3.573,3.53,3.573,387,85.49,105.54,4.84,180271,-6.08
2023-10-24,3.55,3.619,3.55,3.61,645,83.74,106.27,4.84,179354,-5.82
2023-10-25,3.5925,3.5925,3.57,3.572,501,85.39,106.53,4.95,180721,-8.94
2023-10-26,3.579,3.579,3.564,3.5685,556,83.21,106.6,4.84,180799,-9.84
2023-10-27,3.635,3.635,3.631,3.634,847,85.54,106.56,4.84,178920,-2.02
2023-10-30,3.6355,3.699,3.6355,3.6495,665,82.31,106.12,4.88,178247,-10.63
2023-10-31,3.6465,3.6495,3.63,3.6415,771,81.02,106.66,4.88,178647,-16.64
2023-11-01,3.6485,3.679,3.636,3.645,546,80.44,106.88,4.79,178669,-8.44
2023-11-02,3.658,3.6765,3.658,3.667,412,82.46,106.12,4.67,177598,0.02
2023-11-03,3.6935,3.6935,3.663,3.6745,357,80.51,105.02,4.56,177782,-15.39
2023-11-06,3.7075,3.71,3.7055,3.7095,368,80.82,105.22,4.66,176479,-11.69
2023-11-07,3.6585,3.6765,3.64,3.67,313,77.37,105.54,4.57,177521,-8.29
2023-11-08,3.647,3.647,3.628,3.628,435,75.33,105.59,4.52,179233,-11.17
2023-11-09,3.62,3.6435,3.61,3.635,363,75.74,105.91,4.63,178583,-15.72
2023-11-10,3.624,3.6245,3.5835,3.5835,493,77.17,105.86,4.63,180398,-5.85
2023-11-13,3.644,3.6625,3.644,3.6625,575,78.26,105.66,4.63,177629,1.13
2023-11-14,3.703,3.703,3.6825,3.6825,762,78.26,104.11,4.44,177418,-9.24
2023-11-15,3.6785,3.7205,3.6755,3.7175,383,76.66,104.39,4.53,176407,-14.3
2023-11-16,3.693,3.7045,3.693,3.7045,338,72.9,104.37,4.45,176850,-17.69
2023-11-17,3.6865,3.7375,3.6865,3.7375,493,75.89,103.82,4.44,176063,-8.24
2023-11-20,3.75,3.8125,3.7485,3.8125,377,77.6,103.47,4.42,174064,-3.07
2023-11-21,3.8105,3.8145,3.798,3.8145,466,77.77,103.59,4.42,174245,-6.19
2023-11-22,3.78,3.78,3.76,3.7665,596,77.1,103.92,4.42,175930,-9.18
2023-11-23,3.7695,3.779,3.7695,3.779,596,77.1,103.92,4.42,174902,-11.96
2023-11-24,3.7695,3.7965,3.7695,3.7965,373,75.54,103.4,4.47,173810,-14.25
2023-11-27,3.7815,3.7815,3.755,3.7625,435,74.86,103.2,4.39,174863,-5.04
2023-11-28,3.755,3.801,3.755,3.801,32871,76.41,102.75,4.34,173241,-4.17
2023-11-29,3.808,3.822,3.773,3.786,6653,77.86,102.77,4.27,173682,-16.65
2023-11-30,3.8,3.84,3.7845,3.829,2571,75.96,103.5,4.35,172202,-0.44
2023-12-01,3.8375,3.91,3.83,3.909,2050,74.07,103.27,4.23,169641,-4.52
2023-12-04,3.896,3.8965,3.812,3.8205,963,73.04,103.64,4.29,172706,-1.5
2023-12-05,3.812,3.823,3.759,3.7725,971,72.32,104.05,4.17,174605,-15.8
2023-12-06,3.773,3.809,3.713,3.7165,551,69.38,104.15,4.12,176594,-16.62
2023-12-07,3.716,3.7855,3.716,3.7845,721,69.34,103.54,4.13,173325,-9.69
2023-12-08,3.786,3.851,3.786,3.82,421,71.23,104.01,4.24,171660,-5.99
2023-12-11,3.784,3.7885,3.7675,3.78,723,71.32,104.1,4.24,172995,-0.02
2023-12-12,3.7805,3.797,3.7715,3.786,808,68.61,103.87,4.21,172241,-5.39
2023-12-13,3.788,3.832,3.755,3.786,679,69.47,102.87,4.03,172511,-10.14
2023-12-14,3.885,3.899,3.87,3.8885,1003,71.58,101.96,3.93,169612,-12.78
2023-12-15,3.8715,3.891,3.864,3.885,853,71.43,102.55,3.93,170283,-1.54
2023-12-18,3.848,3.848,3.848,3.848,464,72.47,102.51,3.95,171482,-12.97
2023-12-19,3.9,3.92,3.896,3.896,701,73.44,102.17,3.92,170473,0.59
2023-12-20,3.9015,3.927,3.874,3.9015,638,74.22,102.41,3.88,170347,-8.9
2023-12-21,3.9075,3.9155,3.9075,3.9085,781,73.89,101.84,3.89,169951,0.56
2023-12-22,3.9145,3.9195,3.892,3.8955,547,73.56,101.7,3.9,170130,-4.16
2023-12-26,3.9235,3.927,3.892,3.8955,525,75.57,101.47,3.89,169993,-8.24
2023-12-27,3.923,3.9435,3.923,3.9435,1283,74.11,100.99,3.79,168139,-9.55
2023-12-28,3.949,3.949,3.903,3.913,940,71.77,101.23,3.85,169283,-9.04
2023-12-29,3.913,3.913,3.87,3.8805,349,71.65,101.33,3.87,170493,-5.6
2024-01-02,3.8825,3.902,3.856,3.869,879,70.38,102.2,3.95,170897,-7.5
2024-01-03,3.8375,3.862,3.8295,3.8475,395,72.7,102.46,3.91,171846,-11.13
2024-01-04,3.855,3.856,3.8115,3.831,389,72.19,102.42,3.99,172959,-9.19
2024-01-05,3.8325,3.8395,3.793,3.7945,413,73.81,102.41,4.04,174664,-8.43
2024-01-08,3.797,3.8135,3.78,3.7995,406,70.77,102.21,4.0,173821,-19.4
2024-01-09,3.7875,3.788,3.748,3.7485,409,72.24,102.57,4.02,174456,-7.1
2024-01-10,3.758,3.784,3.758,3.781,650,71.37,102.36,4.03,173739,-13.89
2024-01-11,3.793,3.7935,3.7765,3.7765,292,72.02,102.29,3.98,173282,-14.81
2024-01-12,3.787,3.7925,3.74,3.74,430,72.68,102.4,3.95,174458,-17.94
2024-01-16,3.763,3.775,3.763,3.7665,295,72.4,103.36,4.07,173004,-18.14
2024-01-17,3.735,3.748,3.7295,3.7325,319,72.56,103.45,4.11,173383,-16.37
2024-01-18,3.7275,3.745,3.72,3.745,289,74.08,103.54,4.14,173189,-12.98
2024-01-19,3.7625,3.788,3.7625,3.787,264,73.41,103.29,4.15,172061,0.85
2024-01-22,3.762,3.7675,3.762,3.764,493,75.19,103.33,4.09,172606,-11.83
2024-01-23,3.796,3.796,3.7855,3.7905,401,74.37,103.62,4.14,170513,-7.98
2024-01-24,3.8025,3.885,3.797,3.8825,523,75.09,103.24,4.18,167047,-5.72
2024-01-25,3.8625,3.8655,3.86,3.8655,413,77.36,103.57,4.13,167818,-7.28
2024-01-26,3.866,3.8695,3.8505,3.8505,632,78.01,103.47,4.16,167678,-8.51
2024-01-29,3.84,3.873,3.84,3.873,706,76.78,103.61,4.09,166973,-13.81
2024-01-30,3.8685,3.9145,3.859,3.9065,562,77.82,103.4,4.06,165794,-0.16
2024-01-31,3.911,3.936,3.885,3.9025,750,75.85,103.27,3.97,166194,1.57
2024-02-01,3.8955,3.8955,3.845,3.8525,695,73.82,103.05,3.86,167998,-16.51
2024-02-02,3.85,3.85,3.8215,3.8215,529,72.28,103.92,4.03,168645,-13.6
2024-02-05,3.805,3.805,3.767,3.772,372,72.78,104.45,4.16,170916,-10.5
2024-02-06,3.7765,3.7915,3.7765,3.7825,327,73.31,104.18,4.09,170477,-13.79
2024-02-07,3.7845,3.7845,3.735,3.7375,351,73.86,104.04,4.11,172040,-7.0
2024-02-08,3.7425,3.7425,3.692,3.7055,383,76.22,104.15,4.17,172740,-13.57
2024-02-09,3.6965,3.6965,3.686,3.686,324,76.84,104.08,4.19,173223,0.65
2024-02-12,3.721,3.7285,3.721,3.7285,200,76.92,104.17,4.17,171337,-3.69
2024-02-13,3.7315,3.733,3.7065,3.714,197,77.87,104.96,4.32,171767,-8.76
2024-02-14,3.6995,3.7005,3.6995,3.7005,359,76.64,104.72,4.27,173010,-4.86
2024-02-15,3.7315,3.7575,3.7315,3.7565,273,78.03,104.3,4.24,170433,-3.76
2024-02-16,3.8265,3.8415,3.8265,3.838,334,79.19,104.28,4.3,166854,-11.09
2024-02-20,3.8665,3.8665,3.8665,3.8665,392,78.18,104.08,4.28,166518,-12.0
2024-02-21,3.857,3.875,3.856,3.8745,358,77.91,104.01,4.32,166144,-7.43
2024-02-22,3.8965,3.8975,3.867,3.8975,255,78.61,103.96,4.33,165038,-3.22
2024-02-23,3.8605,3.882,3.8605,3.882,462,76.49,103.94,4.26,166049,-7.03
2024-02-26,3.84,3.84,3.824,3.824,515,77.58,103.83,4.3,167806,-16.33
2024-02-27,3.82,3.831,3.82,3.831,23671,78.87,103.83,4.32,168383,-12.38
2024-02-28,3.8305,3.8325,3.8015,3.8275,7289,78.54,103.98,4.27,168810,-8.78
2024-02-29,3.8275,3.8465,3.825,3.8345,2054,78.26,104.16,4.25,168346,-8.7
2024-03-01,3.838,3.858,3.809,3.855,1346,79.97,103.86,4.18,168599,1.8
2024-03-04,3.845,3.8815,3.8435,3.852,1136,78.74,103.83,4.22,168432,-15.03
2024-03-05,3.8465,3.863,3.838,3.844,929,78.15,103.8,4.14,169045,-5.67
2024-03-06,3.84,3.8915,3.8375,3.8705,987,79.13,103.37,4.1,168253,-0.42
2024-03-07,3.874,3.931,3.874,3.9195,1243,78.93,102.82,4.09,167123,4.1
2024-03-08,3.9175,3.932,3.878,3.885,693,78.01,102.74,4.09,169034,-9.71
2024-03-11,3.887,3.923,3.887,3.9225,691,77.93,102.87,4.1,167736,-4.76
2024-03-12,3.93,3.94,3.8965,3.925,775,77.56,102.96,4.16,167309,-4.34
2024-03-13,3.923,4.056,3.9205,4.0525,828,79.72,102.79,4.19,163053,-4.62
2024-03-14,4.055,4.055,4.018,4.037,861,81.26,103.36,4.3,163291,-6.28
2024-03-15,4.0405,4.1205,4.036,4.1125,822,81.04,103.43,4.3,161555,-2.66
2024-03-18,4.105,4.146,4.094,4.1145,950,82.72,103.58,4.34,161546,-17.48
2024-03-19,4.1145,4.1145,4.05,4.0585,978,83.47,103.81,4.3,163342,-2.11
2024-03-20,4.065,4.0775,4.02,4.0385,776,81.68,103.41,4.27,164125,-5.14
2024-03-21,4.086,4.086,4.031,4.0465,867,81.07,104.0,4.27,163238,-6.78
2024-03-22,4.0205,4.0205,3.99,3.996,1056,80.63,104.43,4.22,164569,3.93
2024-03-25,3.9995,4.024,3.99,4.007,676,81.95,104.23,4.25,164724,-9.54
2024-03-26,3.98,3.9985,3.98,3.996,852,81.62,104.29,4.23,164813,-8.32
2024-03-27,3.9955,4.005,3.969,3.9925,715,81.35,104.35,4.2,164465,3.61
2024-03-28,4.0195,4.0195,3.982,4.0035,852,83.17,104.55,4.21,164321,-10.37
2024-04-01,4.074,4.074,4.0445,4.046,623,83.71,105.02,4.33,163367,-8.43
2024-04-02,4.054,4.0865,4.054,4.07,458,85.15,104.82,4.36,162851,-6.11
2024-04-03,4.0725,4.2055,4.0725,4.193,431,85.43,104.25,4.36,158994,0.37
2024-04-04,4.222,4.2465,4.2175,4.2465,205,86.59,104.12,4.31,156781,-2.13
2024-04-05,4.2395,4.2395,4.235,4.2395,1377,86.91,104.3,4.38,156386,-9.72
2024-04-08,4.1815,4.297,4.1815,4.277,223,86.43,104.14,4.42,155749,-5.45
2024-04-09,4.277,4.286,4.2745,4.286,206,85.23,104.15,4.37,155289,-5.71
2024-04-10,4.2745,4.282,4.2645,4.282,316,86.21,105.25,4.56,155316,-3.11
2024-04-11,4.2725,4.2725,4.2305,4.252,355,85.02,105.28,4.58,156964,-0.97
2024-04-12,4.34,4.34,4.2555,4.2575,252,85.66,106.04,4.5,157022,-0.94
2024-04-15,4.383,4.383,4.286,4.379,289,85.41,106.21,4.63,152974,-10.39
2024-04-16,4.365,4.3655,4.28,4.3055,314,85.36,106.26,4.66,156521,2.89
2024-04-17,4.3715,4.3715,4.3425,4.3425,234,82.69,105.95,4.59,154936,-0.71
2024-04-18,4.415,4.4405,4.415,4.4405,295,82.73,106.15,4.65,151924,6.18
2024-04-19,4.4425,4.5145,4.4425,4.502,248,83.14,106.15,4.61,149797,2.25
2024-04-22,4.4785,4.5005,4.472,4.5005,468,82.85,106.08,4.62,149971,5.51
2024-04-23,4.485,4.4905,4.42,4.4905,570,83.36,105.69,4.6,151008,2.21
2024-04-24,4.467,4.4965,4.467,4.467,417,82.81,105.86,4.65,152059,6.32
2024-04-25,4.5705,4.5705,4.5705,4.5705,396,83.57,105.6,4.71,148679,3.49
2024-04-26,4.6245,4.6245,4.569,4.569,55975,83.85,105.94,4.67,149214,0.37
2024-04-29,4.573,4.678,4.5625,4.659,11865,82.63,105.58,4.61,145900,13.35
2024-04-30,4.675,4.691,4.5425,4.5645,2062,81.93,106.22,4.69,148830,5.25
2024-05-01,4.5405,4.5985,4.5135,4.5525,1659,79.0,105.76,4.59,148780,3.52
2024-05-02,4.581,4.581,4.476,4.494,864,78.95,105.3,4.57,149942,-6.46
2024-05-03,4.5145,4.5735,4.5045,4.5735,879,78.11,105.03,4.5,148085,-5.52
2024-05-06,4.5925,4.647,4.584,4.6345,642,78.48,105.05,4.49,145454,3.14
2024-05-07,4.63,4.637,4.5935,4.6255,823,78.38,105.41,4.46,145669,2.3
2024-05-08,4.583,4.594,4.532,4.562,1097,78.99,105.55,4.49,147767,-2.3
2024-05-09,4.559,4.6165,4.5385,4.6075,905,79.26,105.23,4.45,146313,2.05
2024-05-10,4.646,4.753,4.6455,4.6935,989,78.26,105.31,4.5,143670,10.36
2024-05-13,4.686,4.809,4.686,4.8045,853,79.12,105.22,4.48,140172,7.28
2024-05-14,4.823,5.082,4.8195,4.9535,1046,78.02,105.01,4.45,134695,-0.04
2024-05-15,4.99,5.1775,4.864,4.9695,724,78.63,104.35,4.36,134060,5.31
2024-05-16,5.023,5.023,4.882,4.892,1150,79.23,104.46,4.38,136899,0.88
2024-05-17,4.865,5.0705,4.865,5.057,790,80.06,104.45,4.42,131012,5.02
2024-05-20,5.192,5.1985,5.029,5.0875,747,79.8,104.57,4.44,130668,5.28
2024-05-21,5.0575,5.1615,5.0575,5.119,568,79.26,104.66,4.41,129787,5.35
2024-05-22,5.075,5.075,4.839,4.8675,976,77.57,104.94,4.43,138920,-1.68
2024-05-23,4.81,4.848,4.8035,4.8165,713,76.87,105.11,4.47,141003,3.32
2024-05-24,4.816,4.825,4.7725,4.7785,689,77.72,104.72,4.47,142861,0.68
2024-05-28,4.8635,4.899,4.86,4.8755,461,79.83,104.61,4.54,139548,-9.95
2024-05-29,4.802,4.8055,4.796,4.8055,1059,79.23,105.1,4.62,141414,14.08
2024-05-30,4.7755,4.7855,4.6425,4.672,1170,77.91,104.72,4.55,146266,7.59
2024-05-31,4.6385,4.6515,4.5835,4.61,615,76.99,104.67,4.51,148143,-0.51
2024-06-03,4.684,4.684,4.663,4.677,488,74.22,104.14,4.4,145560,2.31
2024-06-04,4.686,4.686,4.5445,4.548,593,73.25,104.11,4.34,150339,-5.26
2024-06-05,4.538,4.6225,4.538,4.6195,436,74.07,104.27,4.29,148394,9.97
2024-06-06,4.6615,4.691,4.65,4.691,376,75.55,104.1,4.28,145901,11.87
2024-06-07,4.56,4.56,4.4795,4.4945,398,75.53,104.89,4.43,152918,0.71
2024-06-10,4.475,4.569,4.475,4.5565,391,77.74,105.15,4.47,151514,5.82
2024-06-11,4.4655,4.523,4.4655,4.523,388,77.9,105.23,4.4,152794,1.16
2024-06-12,4.5265,4.5875,4.5235,4.5815,384,78.5,104.65,4.3,151918,-5.66
2024-06-13,4.5075,4.5075,4.5075,4.5075,532,78.62,105.2,4.24,154762,-1.97
2024-06-14,4.5165,4.551,4.509,4.551,577,78.45,105.55,4.21,152447,1.3
2024-06-17,4.471,4.526,4.471,4.5215,512,80.33,105.32,4.28,153819,-2.0
2024-06-18,4.45,4.562,4.45,4.562,454,81.57,105.26,4.22,152573,-0.32
2024-06-20,4.605,4.618,4.592,4.618,445,82.17,105.59,4.25,151193,1.02
2024-06-21,4.5975,4.5975,4.479,4.494,687,80.73,105.8,4.26,155836,-0.48
2024-06-24,4.48,4.527,4.4765,4.527,668,81.63,105.47,4.25,154619,0.6
2024-06-25,4.5115,4.5115,4.3675,4.381,690,80.83,105.61,4.24,159178,-6.79
2024-06-26,4.3635,4.3675,4.363,4.3675,27282,80.9,106.05,4.32,159556,-5.24
2024-06-27,4.359,4.3655,4.305,4.3285,6440,81.74,105.91,4.29,160539,-8.57
2024-06-28,4.3265,4.416,4.319,4.3905,1413,81.54,105.87,4.34,158107,3.52
2024-07-01,4.3885,4.4335,4.3625,4.4265,991,83.38,105.9,4.48,157112,-11.45
2024-07-02,4.424,4.474,4.4005,4.4295,894,82.81,105.72,4.44,157759,4.89
2024-07-03,4.4525,4.5645,4.4525,4.541,821,83.88,105.4,4.36,154034,7.44
2024-07-05,4.544,4.68,4.544,4.6585,495,83.16,104.88,4.27,149383,0.47
2024-07-08,4.609,4.6675,4.6075,4.622,561,82.33,105.01,4.27,150861,-11.49
2024-07-09,4.6165,4.647,4.559,4.578,663,81.41,105.12,4.3,152939,-0.83
2024-07-10,4.5805,4.646,4.5625,4.6075,727,82.1,105.05,4.28,151632,1.02
2024-07-11,4.6005,4.611,4.5055,4.5085,979,82.62,104.44,4.19,155037,-4.95
2024-07-12,4.5195,4.5985,4.49,4.5985,608,82.21,104.09,4.19,151894,-1.34
2024-07-15,4.57,4.5735,4.51,4.529,443,81.91,104.19,4.23,153973,8.01
2024-07-16,4.5115,4.5135,4.43,4.444,782,80.76,104.27,4.17,157240,2.62
2024-07-17,4.4255,4.4275,4.393,4.399,483,82.85,103.75,4.15,158760,-5.89
2024-07-18,4.3985,4.3985,4.266,4.266,437,82.82,104.17,4.19,163604,-10.91
2024-07-19,4.252,4.261,4.218,4.219,302,80.13,104.4,4.24,164850,-5.15
2024-07-22,4.219,4.221,4.1475,4.1805,483,79.78,104.31,4.26,166000,-5.06
2024-07-23,4.1455,4.149,4.137,4.146,503,76.96,104.45,4.24,167533,-1.94
2024-07-24,4.133,4.138,4.099,4.099,596,77.59,104.39,4.29,169010,-7.69
2024-07-25,4.0605,4.1325,4.0605,4.1125,516,78.28,104.36,4.26,169315,-2.29
2024-07-26,4.1125,4.127,4.088,4.1045,386,77.16,104.32,4.2,169415,4.73
2024-07-29,4.065,4.065,4.0495,4.062,863,75.81,104.56,4.18,171003,-1.4
2024-07-30,4.061,4.076,4.0265,4.063,1667,74.73,104.55,4.14,171388,-5.7
2024-07-31,4.0765,4.179,4.0695,4.16,637,77.91,104.1,4.11,167355,-5.17
2024-08-01,4.111,4.111,4.0505,4.0665,880,76.31,104.42,3.98,169835,-7.2
2024-08-02,4.1075,4.11,4.084,4.084,421,73.52,103.21,3.79,168536,0.7
2024-08-05,4.1,4.1,3.926,3.984,585,72.94,102.69,3.79,172604,-9.59
2024-08-06,3.95,4.0115,3.95,4.0115,449,73.2,102.97,3.89,171393,-5.88
2024-08-07,3.9685,3.9685,3.928,3.9375,397,75.23,103.2,3.97,175134,-6.78
2024-08-08,3.9175,3.9615,3.9175,3.945,408,76.19,103.21,4.0,174618,-9.45
2024-08-09,3.966,4.014,3.966,3.98,343,76.84,103.14,3.94,173476,-13.36
2024-08-12,4.02,4.071,4.0195,4.055,399,80.06,103.14,3.91,171545,-3.95
2024-08-13,4.036,4.036,4.036,4.036,241,78.35,102.56,3.85,173113,-6.11
2024-08-14,4.0505,4.052,4.025,4.025,190,76.98,102.57,3.82,174425,-3.44
2024-08-15,4.0285,4.144,4.0285,4.139,335,78.16,102.98,3.93,170979,-7.18
2024-08-16,4.0945,4.1275,4.0945,4.1275,286,76.65,102.46,3.89,171843,1.45
2024-08-19,4.166,4.1695,4.1645,4.1665,237,74.37,101.89,3.87,170744,-8.55
2024-08-20,4.1755,4.191,4.139,4.1495,326,74.04,101.44,3.82,171689,4.18
2024-08-21,4.174,4.1845,4.174,4.1815,299,71.93,101.04,3.78,170321,-12.72
2024-08-22,4.198,4.198,4.139,4.141,301,73.01,101.51,3.86,171371,-2.31
2024-08-23,4.194,4.2045,4.194,4.1945,301,74.83,100.72,3.81,169497,-1.44
2024-08-26,4.1995,4.2145,4.1995,4.2115,346,77.42,100.85,3.82,168825,-7.58
2024-08-27,4.2435,4.244,4.2305,4.2305,256,75.53,100.55,3.83,167956,-1.25
2024-08-28,4.22,4.22,4.145,4.145,24167,74.52,101.09,3.84,171262,1.96
2024-08-29,4.145,4.178,4.1045,4.1475,6135,75.91,101.34,3.87,171604,-15.49
2024-08-30,4.1805,4.196,4.1425,4.145,1365,73.55,101.7,3.91,171732,-1.92
2024-09-03,4.149,4.1545,3.993,4.032,1114,70.34,101.83,3.84,176352,-18.32
2024-09-04,4.031,4.043,3.99,4.0195,944,69.2,101.36,3.77,176275,-10.83
2024-09-05,4.027,4.1035,3.982,4.0775,543,69.15,101.11,3.73,174158,2.86
2024-09-06,4.079,4.114,4.0045,4.0145,679,67.67,101.18,3.71,176041,-8.98
2024-09-09,4.046,4.096,4.046,4.0845,679,68.71,101.55,3.7,172751,-11.06
2024-09-10,4.08,4.08,4.033,4.0405,674,65.75,101.63,3.65,174253,-6.73
2024-09-11,4.058,4.103,4.058,4.083,550,67.31,101.68,3.65,172711,5.13
2024-09-12,4.112,4.1665,4.112,4.133,749,68.97,101.37,3.68,171642,-13.75
2024-09-13,4.1485,4.184,4.1485,4.175,509,68.65,101.11,3.65,170456,-9.32
2024-09-16,4.2,4.247,4.2,4.213,539,70.09,100.76,3.62,168665,3.9
2024-09-17,4.224,4.233,4.1935,4.2135,463,71.19,100.89,3.64,169482,5.71
2024-09-18,4.1885,4.27,4.1885,4.238,311,70.91,100.6,3.68,169174,-3.79
2024-09-19,4.3,4.3105,4.2695,4.286,566,71.95,100.61,3.74,167756,-8.87
2024-09-20,4.317,4.318,4.261,4.2815,276,71.92,100.72,3.73,167812,7.75
2024-09-23,4.2495,4.2975,4.248,4.289,755,70.37,100.92,3.74,167117,5.33
2024-09-24,4.3,4.4295,4.3,4.4295,431,71.56,100.37,3.74,162032,2.51
2024-09-25,4.453,4.453,4.424,4.428,563,69.69,100.92,3.78,162575,-4.96
2024-09-26,4.4785,4.581,4.4785,4.581,1237,67.67,100.56,3.79,158068,0.77
2024-09-27,4.567,4.5895,4.521,4.541,1128,68.18,100.42,3.75,160162,-0.29
2024-09-30,4.61,4.61,4.465,4.496,416,68.17,100.78,3.8,161517,1.6
2024-10-01,4.512,4.538,4.511,4.5355,748,69.83,101.19,3.74,159631,7.7
2024-10-02,4.5765,4.6055,4.5685,4.596,469,70.1,101.68,3.79,157577,5.6
2024-10-03,4.611,4.611,4.4755,4.502,407,73.71,101.99,3.85,160071,-5.36
2024-10-04,4.5045,4.551,4.5045,4.5225,440,74.38,102.52,3.98,159499,7.16
2024-10-07,4.514,4.519,4.4955,4.519,413,77.14,102.54,4.03,159555,1.8
2024-10-08,4.428,4.433,4.4065,4.412,504,73.57,102.55,4.03,163090,2.34
2024-10-09,4.3905,4.3905,4.355,4.355,425,73.24,102.93,4.07,164368,5.52
2024-10-10,4.377,4.4025,4.377,4.385,259,75.85,102.99,4.1,163549,-7.0
2024-10-11,4.4055,4.4515,4.4055,4.4515,336,75.56,102.89,4.07,160982,-0.79
2024-10-14,4.35,4.399,4.345,4.3635,398,73.83,103.3,4.1,163535,-4.36
2024-10-15,4.3645,4.3645,4.293,4.3005,614,70.58,103.26,4.04,164448,-10.33
2024-10-16,4.319,4.3355,4.314,4.3315,430,70.39,103.59,4.02,163350,-0.37
2024-10-17,4.345,4.345,4.285,4.2865,345,70.67,103.83,4.1,165723,9.89
2024-10-18,4.352,4.371,4.333,4.346,406,69.22,103.49,4.07,164388,-11.13
2024-10-21,4.3515,4.3515,4.319,4.323,425,70.56,104.01,4.18,164987,-2.37
2024-10-22,4.367,4.367,4.348,4.348,378,72.09,104.08,4.2,163841,1.3
2024-10-23,4.32,4.32,4.28,4.3045,474,70.77,104.43,4.24,165575,-1.83
2024-10-24,4.367,4.367,4.293,4.3195,556,70.19,104.06,4.2,164600,-2.82
2024-10-25,4.3055,4.3395,4.3055,4.3395,386,71.78,104.26,4.23,164036,-8.5
2024-10-28,4.333,4.3365,4.33,4.332,611,67.38,104.32,4.28,164643,-0.94
2024-10-29,4.325,4.348,4.325,4.3325,1134,67.21,104.28,4.27,165178,-5.88
2024-10-30,4.3395,4.357,4.3125,4.3275,936,68.61,103.99,4.27,165308,-13.11
2024-10-31,4.3325,4.34,4.3025,4.3135,1249,69.26,103.98,4.28,165706,3.64
2024-11-01,4.355,4.355,4.33,4.3475,695,69.49,104.28,4.36,164121,2.89
2024-11-04,4.371,4.416,4.371,4.407,471,71.47,103.89,4.31,161667,-0.9
2024-11-05,4.399,4.458,4.399,4.4505,585,71.99,103.42,4.29,160042,0.53
2024-11-06,4.274,4.274,4.2075,4.2225,732,71.69,105.09,4.43,168187,1.9
2024-11-07,4.2245,4.4115,4.2245,4.41,394,72.36,104.51,4.34,162036,-0.0
2024-11-08,4.3885,4.3885,4.2755,4.2865,473,70.38,105.0,4.31,165997,1.85
2024-11-11,4.306,4.306,4.211,4.211,565,68.04,105.54,4.31,169311,-5.1
2024-11-12,4.1655,4.1655,4.1175,4.1195,542,68.12,106.02,4.43,172392,1.8
2024-11-13,4.114,4.114,4.0615,4.066,645,68.43,106.48,4.45,174255,-3.82
2024-11-14,4.0615,4.073,4.058,4.073,451,68.7,106.67,4.42,173673,-4.37
2024-11-15,4.124,4.1255,4.0485,4.051,349,67.02,106.69,4.43,173353,-11.96
2024-11-18,4.063,4.116,4.063,4.108,371,69.16,106.28,4.41,171755,-3.47
2024-11-19,4.0985,4.161,4.095,4.13,362,69.39,106.21,4.38,171317,-8.78
2024-11-20,4.1445,4.146,4.13,4.1435,437,68.87,106.68,4.41,170718,-7.65
2024-11-21,4.1155,4.124,4.1,4.113,600,70.1,106.97,4.43,171816,-8.91
2024-11-22,4.077,4.0835,4.069,4.074,514,71.24,107.49,4.41,173413,-10.66
2024-11-25,4.103,4.103,4.089,4.0915,335,68.94,106.82,4.26,172097,5.52
2024-11-26,4.0395,4.0395,4.0365,4.039,37274,68.77,107.01,4.3,173696,0.89
2024-11-27,4.059,4.099,4.052,4.067,11425,68.72,106.08,4.24,173074,4.19
2024-11-29,4.078,4.1,4.053,4.0805,1274,68.0,105.74,4.18,172037,-11.36
2024-12-02,4.0725,4.091,4.032,4.0755,1564,68.1,106.45,4.2,172344,-4.95
2024-12-03,4.095,4.205,4.065,4.146,1863,69.94,106.37,4.22,169266,-10.89
2024-12-04,4.138,4.1555,4.1245,4.142,1579,68.54,106.34,4.18,169616,-7.95
2024-12-05,4.1455,4.147,4.1155,4.135,713,68.3,105.71,4.18,169845,-9.15
2024-12-06,4.138,4.19,4.136,4.1385,514,67.2,105.97,4.15,168996,1.68
2024-12-09,4.141,4.236,4.1295,4.2235,867,68.37,106.15,4.2,166545,-5.44
2024-12-10,4.205,4.2275,4.1945,4.2235,1242,68.59,106.4,4.22,166214,1.89
2024-12-11,4.221,4.2585,4.1845,4.214,1029,70.29,106.71,4.27,166182,-0.55
2024-12-12,4.2805,4.2805,4.17,4.195,761,70.02,106.96,4.32,166937,7.71
2024-12-13,4.1785,4.179,4.1395,4.149,608,71.29,107.0,4.4,169064,-11.78
2024-12-16,4.1325,4.1705,4.1325,4.1435,913,70.71,106.86,4.4,168800,1.84
2024-12-17,4.1395,4.1395,4.0835,4.0915,1362,70.08,106.96,4.39,170647,0.63
2024-12-18,4.092,4.1065,4.038,4.1,1164,70.58,108.03,4.49,170543,-9.87
2024-12-19,4.035,4.0505,4.02,4.0205,846,69.91,108.41,4.57,173637,-0.96
2024-12-20,4.032,4.044,4.0275,4.041,836,69.46,107.62,4.52,172999,-4.06
2024-12-23,4.0315,4.0315,4.02,4.023,900,69.24,108.04,4.6,173464,-7.1
2024-12-24,4.0525,4.0525,4.043,4.0495,397,70.1,108.26,4.59,172164,-9.75
2024-12-26,4.073,4.0775,4.0685,4.072,362,69.62,108.13,4.58,171415,-8.95
2024-12-27,4.0615,4.0625,4.058,4.0625,805,70.6,108.0,4.62,171265,4.78
2024-12-30,4.09,4.09,4.0335,4.0455,1066,70.99,108.13,4.55,170546,-5.68
2024-12-31,4.0475,4.053,3.9795,3.986,708,71.72,108.49,4.57,172825,-2.51
2025-01-02,3.9925,4.0,3.9745,3.9885,764,73.13,109.39,4.57,173144,-10.35
2025-01-03,4.034,4.042,4.0335,4.0395,505,73.96,108.95,4.6,170296,-9.66
2025-01-06,4.115,4.162,4.115,4.127,485,73.56,108.26,4.62,166779,0.75
2025-01-07,4.1615,4.162,4.139,4.1605,814,74.25,108.54,4.68,165885,-10.99
2025-01-08,4.19,4.237,4.19,4.2275,441,73.32,109.09,4.69,164466,-5.48
2025-01-09,4.285,4.285,4.269,4.2795,281,73.92,109.18,4.69,162655,-2.59
2025-01-10,4.314,4.314,4.2745,4.2745,298,76.57,109.65,4.78,162503,-2.26
2025-01-13,4.29,4.2955,4.29,4.2955,231,78.82,109.96,4.8,161685,-3.45
2025-01-14,4.325,4.325,4.2925,4.3105,452,77.5,109.27,4.79,161779,-0.39
2025-01-15,4.34,4.366,4.34,4.3595,298,80.04,109.09,4.65,159773,1.71
2025-01-16,4.4,4.412,4.398,4.4105,200,78.68,108.96,4.61,157629,2.55
2025-01-17,4.3495,4.352,4.33,4.3375,288,77.88,109.35,4.61,159966,-6.96
2025-01-21,4.31,4.311,4.2715,4.311,493,75.89,108.06,4.57,160465,-3.78
2025-01-22,4.27,4.2715,4.2585,4.2715,445,75.44,108.17,4.6,161903,3.12
2025-01-23,4.25,4.2995,4.2295,4.2995,488,74.62,108.05,4.64,161654,1.97
2025-01-24,4.339,4.339,4.2805,4.29,476,74.66,107.44,4.63,162132,-9.49
2025-01-27,4.235,4.235,4.202,4.2035,710,73.17,107.34,4.53,165046,-1.95
2025-01-28,4.235,4.2465,4.22,4.2205,435,73.77,107.87,4.55,164319,-13.38
2025-01-29,4.2565,4.258,4.2565,4.2575,1145,72.62,108.0,4.55,162321,-2.8
2025-01-30,4.255,4.3135,4.255,4.288,1598,72.73,107.8,4.51,161651,6.84
2025-01-31,4.2755,4.276,4.247,4.262,872,72.53,108.37,4.57,162526,-7.71
2025-02-03,4.2535,4.3085,4.2535,4.294,597,73.16,108.99,4.54,161324,-6.75
2025-02-04,4.325,4.351,4.325,4.3425,567,72.7,107.96,4.51,161064,1.85
2025-02-05,4.386,4.436,4.386,4.4345,602,71.03,107.58,4.42,157978,-8.53
2025-02-06,4.4885,4.492,4.4355,4.4535,586,70.61,107.69,4.44,156975,-3.75
2025-02-07,4.5365,4.589,4.5365,4.5815,342,71.0,108.04,4.49,152303,4.0
2025-02-10,4.6825,4.703,4.6745,4.7005,495,72.32,108.32,4.49,148655,-0.67
2025-02-11,4.556,4.5945,4.547,4.5945,390,73.32,107.96,4.54,152416,0.0
2025-02-12,4.698,4.698,4.6925,4.698,281,71.37,107.94,4.64,148146,6.2
2025-02-13,4.766,4.77,4.764,4.769,358,71.29,107.31,4.53,146075,5.47
2025-02-14,4.6565,4.6565,4.6565,4.6565,636,70.74,106.57,4.47,149712,3.29
2025-02-18,4.59,4.594,4.55,4.585,683,71.85,107.05,4.54,153057,-0.63
2025-02-19,4.557,4.557,4.557,4.557,569,72.25,107.17,4.53,154523,2.56
2025-02-20,4.545,4.608,4.545,4.608,663,72.57,106.34,4.5,152537,0.73
2025-02-21,4.535,4.5755,4.535,4.56,767,70.4,106.61,4.42,154793,3.04
2025-02-24,4.529,4.5355,4.516,4.517,561,70.7,106.6,4.39,156329,-2.27
2025-02-25,4.5055,4.555,4.486,4.486,488,68.93,106.31,4.3,157798,-1.09
2025-02-26,4.542,4.542,4.542,4.542,17252,68.62,106.42,4.25,156056,-4.42
2025-02-27,4.5375,4.621,4.504,4.58,6735,70.35,107.24,4.28,154345,0.82
2025-02-28,4.556,4.5565,4.4795,4.5145,2731,69.76,107.61,4.23,156348,-3.87
2025-03-03,4.5445,4.616,4.508,4.5765,1408,68.37,106.75,4.18,154641,-4.61
2025-03-04,4.566,4.567,4.5,4.5275,1394,68.26,105.74,4.21,156206,1.64
2025-03-05,4.535,4.79,4.535,4.7665,819,66.31,105.74,4.26,147659,4.39
2025-03-06,4.7815,4.8025,4.7225,4.779,1108,66.36,104.06,4.29,146792,7.4
2025-03-07,4.752,4.756,4.657,4.683,903,67.04,103.84,4.32,150342,0.13
2025-03-10,4.657,4.6815,4.6075,4.6395,821,66.03,103.91,4.21,152793,3.78
2025-03-11,4.6195,4.7745,4.6,4.74,756,66.25,103.44,4.29,148795,5.75
2025-03-12,4.7655,4.8685,4.7655,4.821,649,67.68,103.61,4.32,145971,6.24
2025-03-13,4.8145,4.9025,4.7755,4.8985,776,66.55,103.83,4.27,143894,0.85
2025-03-14,4.8955,4.9245,4.8475,4.8695,394,67.18,103.72,4.31,144873,5.37
2025-03-17,4.855,4.955,4.855,4.9335,528,67.58,103.37,4.31,142837,7.24
2025-03-18,4.949,4.994,4.944,4.993,424,66.9,103.24,4.28,140276,6.2
2025-03-19,5.003,5.0965,5.003,5.076,459,67.16,103.43,4.26,137564,-3.23
2025-03-20,5.0985,5.106,5.0485,5.085,578,68.26,103.85,4.23,137165,8.11
2025-03-21,5.082,5.0875,5.017,5.0875,598,68.28,104.09,4.25,137521,18.41
2025-03-24,5.1025,5.1575,5.049,5.064,799,69.11,104.26,4.33,138877,5.25
2025-03-25,5.0715,5.1885,5.0715,5.183,419,69.0,104.18,4.31,135878,4.9
2025-03-26,5.2365,5.277,5.2035,5.216,547,69.65,104.55,4.34,134984,10.82
2025-03-27,5.2115,5.2115,5.0725,5.0975,1770,69.92,104.07,4.37,139278,9.03
2025-03-28,5.104,5.1295,5.063,5.1125,1395,69.36,104.04,4.26,138840,13.62
2025-03-31,5.0935,5.12,5.0075,5.02,720,71.48,104.21,4.25,141919,0.21
2025-04-01,5.06,5.063,5.001,5.019,838,71.2,104.26,4.16,142106,10.14
2025-04-02,5.0105,5.0665,4.9965,5.0235,523,71.71,103.81,4.2,141816,9.5
2025-04-03,4.875,4.9245,4.794,4.811,274,66.95,102.07,4.05,149329,3.18
2025-04-04,4.78,4.78,4.356,4.3845,467,61.99,103.02,3.98,164849,0.25
2025-04-07,4.312,4.3675,4.1455,4.169,434,60.7,103.26,4.16,171939,1.01
2025-04-08,4.1525,4.153,4.0985,4.1275,430,59.58,102.96,4.26,173904,-0.29
2025-04-09,4.141,4.436,4.141,4.1755,288,62.35,102.9,4.4,172817,-9.77
2025-04-10,4.382,4.384,4.321,4.321,313,60.07,100.87,4.39,167671,1.86
2025-04-11,4.439,4.545,4.4035,4.5075,358,61.5,99.78,4.49,160189,-0.23
2025-04-14,4.5685,4.6325,4.5655,4.6105,413,61.53,99.64,4.36,156311,1.75
2025-04-15,4.6015,4.6135,4.587,4.611,463,61.33,100.22,4.32,156877,1.75
2025-04-16,4.594,4.676,4.534,4.674,289,62.47,99.38,4.28,154661,1.42
2025-04-17,4.665,4.7315,4.602,4.7315,550,64.68,99.38,4.33,152199,8.85
2025-04-21,4.694,4.722,4.694,4.721,232,63.08,98.28,4.41,152340,2.34
2025-04-22,4.751,4.8765,4.749,4.8705,516,64.31,98.92,4.39,147485,-0.97
2025-04-23,4.8565,4.9,4.8305,4.8355,714,62.27,99.84,4.39,148956,2.23
2025-04-24,4.8415,4.8795,4.8415,4.85,1626,62.79,99.29,4.3,148341,5.27
2025-04-25,4.788,4.8355,4.788,4.8355,697,63.02,99.47,4.27,148684,10.34
2025-04-28,4.835,4.838,4.833,4.838,16324,62.05,99.01,4.22,148420,7.24
2025-04-29,4.8465,4.9145,4.796,4.823,4169,60.42,99.24,4.17,148530,-0.22
2025-04-30,4.8135,4.816,4.4985,4.56,2137,58.21,99.47,4.18,158462,13.18
2025-05-01,4.581,4.616,4.5645,4.581,1206,59.24,100.25,4.23,157582,2.34
2025-05-02,4.5845,4.6785,4.584,4.6275,1221,58.29,100.0,4.32,156502,7.97
2025-05-05,4.6445,4.716,4.6345,4.655,654,57.13,99.83,4.34,156224,1.18
2025-05-06,4.653,4.7485,4.65,4.735,777,59.09,99.24,4.31,153873,5.6
2025-05-07,4.75,4.75,4.576,4.6165,618,58.07,99.61,4.28,157827,5.65
2025-05-08,4.5935,4.632,4.505,4.561,884,59.91,100.64,4.37,159951,6.85
2025-05-09,4.51,4.626,4.448,4.611,796,61.02,100.34,4.38,158190,6.67
2025-05-12,4.6535,4.669,4.566,4.5785,847,61.95,101.79,4.46,158921,5.34
2025-05-13,4.5705,4.6825,4.57,4.6815,596,63.67,101.0,4.5,155462,0.69
2025-05-14,4.6445,4.691,4.59,4.611,940,63.15,101.04,4.53,157399,-1.47
2025-05-15,4.605,4.651,4.5445,4.6445,737,61.62,100.88,4.45,156761,3.47
2025-05-16,4.621,4.6225,4.5335,4.5555,1098,62.49,101.09,4.44,159667,5.36
2025-05-19,4.562,4.634,4.535,4.6335,1190,62.69,100.43,4.47,157027,0.56
2025-05-20,4.607,4.6405,4.589,4.6195,1081,62.56,100.12,4.48,157645,6.82
2025-05-21,4.65,4.6565,4.6225,4.638,1191,61.57,99.56,4.6,156881,8.99
2025-05-22,4.58,4.6495,4.564,4.6485,1194,61.2,99.96,4.55,156777,-2.73
2025-05-23,4.66,4.842,4.645,4.8065,1217,61.53,99.11,4.51,151033,-0.35
2025-05-27,4.811,4.811,4.703,4.71,983,60.89,99.52,4.43,154803,1.92
2025-05-28,4.72,4.74,4.636,4.644,1034,61.84,99.88,4.48,156507,3.34
2025-05-29,4.6635,4.6635,4.6445,4.6535,1046,60.94,99.28,4.42,156232,-0.7
2025-05-30,4.6475,4.7,4.633,4.6525,1648,60.79,99.33,4.42,157139,8.67
2025-06-02,4.8545,4.9175,4.8215,4.8345,679,62.52,98.7,4.46,150319,6.3
2025-06-03,4.8225,4.839,4.765,4.8095,1484,63.41,99.25,4.46,150889,4.07
2025-06-04,4.8395,4.8795,4.83,4.8645,940,62.85,98.79,4.36,149195,-2.62
2025-06-05,4.88,5.036,4.88,4.9135,541,63.37,98.74,4.39,147561,-1.41
2025-06-06,4.891,4.92,4.8145,4.83,458,64.58,99.19,4.51,150641,5.53
2025-06-09,4.847,4.913,4.847,4.9095,487,65.29,98.94,4.48,148079,-5.54
2025-06-10,4.864,4.909,4.864,4.884,342,64.98,99.05,4.47,149257,9.86
2025-06-11,4.82,4.8325,4.7945,4.801,537,68.15,98.63,4.41,152661,2.97
2025-06-12,4.792,4.823,4.792,4.8215,447,68.04,97.92,4.36,152128,20.23
2025-06-13,4.8215,4.8215,4.7355,4.803,698,72.98,98.18,4.42,152667,15.33
2025-06-16,4.794,4.8295,4.794,4.8265,649,71.77,98.0,4.45,152148,3.17
2025-06-17,4.806,4.806,4.771,4.8005,700,74.84,98.82,4.39,153912,3.22
2025-06-18,4.8365,4.845,4.8155,4.845,0,75.14,98.91,4.4,152295,9.29
2025-06-20,4.831,4.831,4.75,4.826,854,74.93,98.71,4.38,152522,12.59
2025-06-23,4.8185,4.908,4.8165,4.843,819,68.51,98.42,4.32,152425,-3.9
2025-06-24,4.8635,4.8685,4.8635,4.867,506,64.37,97.86,4.29,151531,-4.34
2025-06-25,4.8905,4.913,4.89,4.913,708,64.92,97.68,4.29,148943,2.05
2025-06-26,5.0445,5.0735,5.0425,5.0655,17008,65.24,97.15,4.25,143987,9.98
2025-06-27,5.0535,5.087,4.9765,5.0685,4809,65.52,97.4,4.28,143641,9.59
2025-06-30,5.0705,5.076,5.012,5.03,1194,65.11,96.88,4.23,144948,11.97
2025-07-01,5.0315,5.122,5.0315,5.048,1003,65.45,96.82,4.25,144467,0.85
2025-07-02,5.0465,5.1615,5.035,5.149,792,67.45,96.78,4.29,141018,-3.47
2025-07-03,5.152,5.152,5.0845,5.097,0,67.0,97.18,4.35,143157,11.75
2025-07-04,5.0845,5.0845,5.0,5.0185,0,66.5,97.18,4.35,145709,2.34
2025-07-07,5.003,5.003,4.9565,4.9845,718,67.93,97.48,4.39,147130,-4.04
2025-07-08,4.968,5.645,4.9495,5.645,922,68.33,97.51,4.41,123895,15.04
2025-07-09,5.467,5.682,5.3975,5.4435,857,68.38,97.47,4.34,131280,15.76
2025-07-10,5.58,5.593,5.5435,5.548,756,66.57,97.65,4.35,127900,12.49
2025-07-11,5.585,5.585,5.45,5.562,1082,68.45,97.85,4.42,126989,10.99
2025-07-14,5.476,5.515,5.4495,5.515,1093,66.98,98.08,4.43,129122,11.89
2025-07-15,5.486,5.546,5.483,5.546,1621,66.52,98.62,4.49,127796,11.22
2025-07-16,5.49,5.514,5.445,5.4965,1152,66.38,98.39,4.45,129892,5.72
2025-07-17,5.468,5.4905,5.457,5.486,866,67.54,98.73,4.46,130425,8.75
2025-07-18,5.489,5.579,5.489,5.578,521,67.34,98.48,4.43,128032,16.08
2025-07-21,5.5505,5.617,5.5505,5.6105,583,67.2,97.85,4.37,126794,15.49
2025-07-22,5.643,5.6995,5.643,5.697,729,66.21,97.39,4.34,123610,15.8
2025-07-23,5.751,5.8655,5.751,5.795,607,65.25,97.21,4.39,120171,11.21
2025-07-24,5.8605,5.895,5.772,5.777,686,66.03,97.38,4.41,120664,15.05
2025-07-25,5.775,5.78,5.728,5.7635,911,65.16,97.65,4.39,121497,4.91
2025-07-28,5.7475,5.748,5.498,5.595,782,66.71,98.66,4.42,126667,14.58
2025-07-29,5.61,5.61,5.583,5.6035,1039,69.21,98.91,4.33,125895,20.94
2025-07-30,5.6265,5.628,4.4925,5.57,2823,70.0,99.94,4.38,126587,6.0
2025-07-31,4.595,4.5955,4.3235,4.3305,1537,69.26,100.03,4.36,170397,-5.05
2025-08-01,4.389,4.4125,4.385,4.4125,1301,67.33,98.69,4.22,168297,0.55
2025-08-04,4.4235,4.431,4.4145,4.415,1042,66.29,98.78,4.2,168163,5.2
2025-08-05,4.388,4.401,4.355,4.364,831,65.16,98.78,4.2,169872,-3.94
2025-08-06,4.4,4.412,4.3805,4.391,924,64.35,98.18,4.22,168958,-4.82
2025-08-07,4.3995,4.427,4.3775,4.3785,986,63.88,98.4,4.24,169919,-11.36
2025-08-08,4.3875,4.4555,4.3875,4.4555,645,63.88,98.18,4.28,166806,-0.04
2025-08-11,4.4455,4.4515,4.4235,4.4235,794,63.96,98.52,4.27,168034,9.25
2025-08-12,4.5125,4.5125,4.5,4.5085,803,63.17,98.1,4.29,165497,1.49
2025-08-13,4.5095,4.5095,4.472,4.482,879,62.65,97.84,4.24,166650,-0.34
2025-08-14,4.455,4.4665,4.455,4.4645,2053,63.96,98.25,4.29,167348,1.17
2025-08-15,4.4885,4.4885,4.474,4.478,797,62.8,97.85,4.33,167326,-0.33
2025-08-18,4.447,4.464,4.447,4.457,1008,63.42,98.17,4.34,166845,-4.6
2025-08-19,4.419,4.419,4.409,4.409,957,62.35,98.27,4.3,168830,2.98
2025-08-20,4.4125,4.431,4.408,4.426,1188,63.21,98.22,4.3,167940,0.2
2025-08-21,4.4385,4.44,4.4295,4.4315,821,63.52,98.62,4.33,166924,-0.77
2025-08-22,4.447,4.448,4.4465,4.4475,939,63.66,97.72,4.26,166594,-5.53
2025-08-25,4.473,4.4735,4.466,4.4665,945,64.8,98.43,4.28,166547,6.1
2025-08-26,4.4535,4.4535,4.4505,4.4505,528,63.25,98.23,4.26,167046,2.7
2025-08-27,4.4145,4.4145,4.4145,4.4145,20198,64.15,98.23,4.24,168734,-3.83
2025-08-28,4.4245,4.478,4.4075,4.4635,7819,64.6,97.81,4.21,167745,4.55
2025-08-29,4.4665,4.522,4.4665,4.5185,0,64.01,97.77,4.23,166412,-2.26
2025-09-02,4.5205,4.57,4.494,4.5695,1397,65.59,98.4,4.28,165365,-3.04
2025-09-03,4.5725,4.59,4.5335,4.5585,1166,63.97,98.14,4.21,166083,-3.07
2025-09-04,4.498,4.5075,4.4875,4.488,881,63.48,98.35,4.18,168585,-9.01
2025-09-05,4.5215,4.5215,4.472,4.4825,859,61.87,97.77,4.09,168057,2.14
2025-09-08,4.483,4.499,4.483,4.4905,888,62.26,97.45,4.05,167666,-9.27
2025-09-09,4.5115,4.512,4.484,4.501,1354,62.63,97.79,4.07,166919,-6.13
2025-09-10,4.5035,4.554,4.5025,4.55,1052,63.67,97.78,4.03,166181,-9.75
2025-09-11,4.55,4.61,4.535,4.5905,1044,62.37,97.54,4.01,164684,0.7
2025-09-12,4.589,4.5935,4.5815,4.5885,883,62.69,97.55,4.06,164810,0.35
2025-09-15,4.6,4.6635,4.593,4.6555,491,63.3,97.3,4.03,162713,0.31
2025-09-16,4.635,4.636,4.63,4.633,651,64.52,96.63,4.03,163520,-3.55
2025-09-17,4.57,4.588,4.5475,4.571,950,64.05,96.87,4.08,166453,-4.97
2025-09-18,4.5595,4.5625,4.5215,4.541,837,63.57,97.35,4.1,167222,2.83
2025-09-19,4.544,4.5725,4.544,4.569,653,62.68,97.64,4.14,166330,-1.89
2025-09-22,4.5725,4.5875,4.5705,4.573,830,62.64,97.33,4.14,165856,2.49
2025-09-23,4.57,4.587,4.57,4.5845,1072,63.41,97.26,4.12,164859,-3.37
2025-09-24,4.582,4.7665,4.5585,4.7525,1961,64.99,97.87,4.15,158704,4.06
2025-09-25,4.743,4.743,4.7,4.7,1220,64.98,98.55,4.17,160525,9.02
2025-09-26,4.677,4.7155,4.6695,4.7155,1901,65.72,98.15,4.19,159789,5.62
2025-09-29,4.7085,4.842,4.7085,4.841,2748,63.45,97.91,4.14,155085,2.2
2025-09-30,4.7955,4.828,4.778,4.805,1426,62.37,97.77,4.15,155712,5.1
2025-10-01,4.8115,4.8425,4.782,4.8305,755,61.78,97.71,4.11,154782,2.93
2025-10-02,4.8425,4.9185,4.8425,4.898,1055,60.48,97.85,4.09,151743,5.01
2025-10-03,4.955,5.062,4.955,5.058,995,60.88,97.72,4.12,146485,5.35
2025-10-06,5.0025,5.0025,4.9805,4.987,1007,61.69,98.11,4.16,149007,5.27
2025-10-07,5.0675,5.075,5.0395,5.048,731,61.73,98.58,4.13,146216,7.91
2025-10-08,5.0445,5.0585,5.019,5.046,685,62.55,98.85,4.13,146147,1.86
2025-10-09,5.0565,5.115,5.05,5.0755,913,61.51,99.54,4.15,144776,2.11
2025-10-10,5.116,5.116,4.834,4.8485,960,58.9,98.98,4.05,152865,-2.59
2025-10-13,5.068,5.1005,5.067,5.1005,960,59.49,99.27,4.05,144648,-0.5
2025-10-14,4.9125,4.9875,4.9125,4.9805,551,58.7,99.05,4.02,148004,-0.08
2025-10-15,4.9905,4.9905,4.919,4.972,1056,58.27,98.79,4.05,148353,6.7
2025-10-16,4.9295,4.958,4.91,4.958,615,57.46,98.39,3.98,148771,1.26
2025-10-17,4.955,4.959,4.9315,4.9315,686,57.54,98.43,4.01,150001,7.96
2025-10-20,4.984,5.0035,4.984,4.998,560,57.52,98.59,3.99,147769,6.4
2025-10-21,4.94,4.94,4.92,4.93,674,57.82,98.93,3.96,149811,-4.47
2025-10-22,4.905,4.972,4.9045,4.961,613,58.5,98.9,3.95,148582,9.04
2025-10-23,4.966,5.082,4.9655,5.082,403,61.79,98.94,3.99,143989,11.33
2025-10-24,5.094,5.0945,5.0925,5.0935,368,61.5,98.95,4.0,144071,2.45
2025-10-27,5.1875,5.1995,5.107,5.1405,421,61.31,98.78,4.0,142435,10.11
2025-10-28,5.08,5.142,5.08,5.1405,670,60.15,98.69,3.98,143291,3.72
2025-10-29,5.1995,5.2335,5.199,5.2335,2276,60.48,99.22,4.06,140009,9.66
2025-10-30,5.1745,5.184,5.0295,5.078,2249,60.57,99.53,4.09,145132,0.9
2025-10-31,5.0785,5.0995,5.0615,5.0655,982,60.98,99.8,4.1,144889,-1.9
2025-11-03,5.088,5.0885,5.0275,5.047,0,61.05,99.87,4.11,144725,4.92
2025-11-04,4.9195,4.939,4.9195,4.926,590,60.56,100.22,4.09,148247,4.71
2025-11-05,4.959,4.9665,4.959,4.963,606,59.6,100.2,4.16,147072,3.8
2025-11-06,4.9625,4.963,4.9365,4.9455,946,59.43,99.73,4.09,147913,-0.35
2025-11-07,4.9445,4.945,4.9355,4.938,599,59.75,99.6,4.09,147464,3.48
2025-11-10,5.016,5.0895,5.016,5.087,1048,60.13,99.62,4.11,142652,8.68
2025-11-11,5.0425,5.0485,5.042,5.0485,685,61.04,99.46,4.12,143782,6.63
2025-11-12,5.043,5.127,5.037,5.0895,656,58.49,99.48,4.07,142413,8.28
2025-11-13,5.0995,5.104,5.038,5.0875,795,58.69,99.18,4.11,143209,3.99
2025-11-14,5.051,5.051,5.0485,5.0495,780,60.09,99.27,4.15,144942,12.73
2025-11-17,4.998,5.0025,4.9975,5.0,699,59.91,99.59,4.13,146554,0.37
2025-11-18,4.94,4.9765,4.94,4.9625,767,60.74,99.55,4.12,147466,8.22
2025-11-19,5.01,5.0105,5.006,5.008,1148,59.44,100.23,4.13,144905,12.26
2025-11-20,4.98,4.9985,4.94,4.9595,969,59.14,100.16,4.11,146279,8.15
2025-11-21,4.92,5.013,4.92,5.0085,616,58.06,100.18,4.06,144469,5.34
2025-11-24,4.974,4.975,4.957,4.962,1045,58.84,100.14,4.04,145652,3.13
2025-11-25,5.003,5.003,4.995,4.9995,41200,57.95,99.66,4.0,144280,11.42
2025-11-26,5.0205,5.12,5.016,5.1045,11335,58.65,99.6,4.0,140640,0.44
2025-11-28,5.1195,5.215,5.055,5.1855,1349,58.55,99.46,4.02,137704,3.72
2025-12-01,5.21,5.28,5.186,5.219,1396,59.32,99.41,4.1,136239,7.0
2025-12-02,5.174,5.2275,5.148,5.161,1740,58.64,99.36,4.09,138345,14.45
2025-12-03,5.162,5.351,5.162,5.308,1005,58.95,98.85,4.06,133398,12.0
2025-12-04,5.308,5.3125,5.233,5.2915,1491,59.67,98.99,4.11,133485,5.05
2025-12-05,5.281,5.4,5.2695,5.382,949,60.08,98.99,4.14,130953,9.47
2025-12-08,5.373,5.377,5.317,5.3645,621,58.88,99.09,4.17,131521,7.73
2025-12-09,5.3365,5.3365,5.237,5.2405,440,58.25,99.22,4.19,135869,5.71
2025-12-10,5.2475,5.324,5.2475,5.2755,948,58.46,98.79,4.16,134963,14.59
2025-12-11,5.334,5.4385,5.328,5.427,990,57.6,98.35,4.14,129765,4.73
2025-12-12,5.424,5.4355,5.21,5.2835,1213,57.44,98.4,4.19,135217,17.84
2025-12-15,5.2735,5.41,5.2735,5.3385,1068,56.82,98.15,4.18,133421,14.62
2025-12-16,5.27,5.306,5.27,5.287,798,55.27,98.15,4.15,134948,15.29
2025-12-17,5.315,5.368,5.315,5.3635,1289,55.94,98.37,4.15,132433,8.48
2025-12-18,5.322,5.386,5.322,5.3665,860,56.15,98.43,4.12,131813,10.08
2025-12-19,5.431,5.469,5.425,5.4395,703,56.66,98.6,4.15,129307,4.58
2025-12-22,5.4415,5.48,5.4195,5.4375,1789,58.01,98.29,4.17,129362,9.1
2025-12-23,5.436,5.5245,5.423,5.476,724,58.38,97.94,4.17,127921,14.67
2025-12-24,5.5,5.564,5.47,5.4985,1111,58.35,97.98,4.14,127076,18.96
2025-12-26,5.6095,5.78,5.6095,5.7665,876,56.74,98.02,4.14,116849,10.3
2025-12-29,5.7885,5.7885,5.4905,5.4905,2538,58.08,98.04,4.12,126262,10.55
2025-12-30,5.512,5.7355,5.4975,5.7275,3056,57.95,98.24,4.13,118009,14.59
2025-12-31,5.6325,5.649,5.6245,5.63,1095,57.42,98.28,4.16,121493,7.15
2026-01-02,5.6525,5.655,5.624,5.64,1307,57.32,98.42,4.19,120681,17.21
2026-01-05,5.7965,5.9255,5.7965,5.9245,775,58.32,98.27,4.16,111293,14.19
2026-01-06,5.96,6.0165,5.9075,6.0105,1480,57.13,98.58,4.18,107893,17.9
2026-01-07,5.967,5.967,5.7965,5.809,1055,55.99,98.68,4.14,115382,14.1
2026-01-08,5.799,5.799,5.672,5.7465,1385,57.76,98.93,4.18,117762,11.63
2026-01-09,5.8555,5.8555,5.8555,5.8555,965,59.12,99.13,4.17,113656,16.91
2026-01-12,5.9535,6.0115,5.941,5.985,1078,59.5,98.86,4.19,109922,17.48
2026-01-13,5.965,5.971,5.959,5.97,1211,61.15,99.13,4.17,109910,16.52
2026-01-14,6.0,6.019,5.978,6.009,1011,62.02,99.13,4.14,108959,15.22
2026-01-15,5.938,5.9575,5.894,5.948,1068,59.19,99.32,4.16,111544,19.7
2026-01-16,5.78,5.791,5.75,5.7885,868,59.44,99.39,4.23,116825,24.37
2026-01-20,5.8495,5.8795,5.747,5.773,772,60.34,98.64,4.3,117994,16.61
2026-01-21,5.8025,5.827,5.7275,5.7295,744,60.62,98.76,4.25,119404,20.35
2026-01-22,5.7005,5.764,5.7005,5.7425,981,59.36,98.36,4.25,119079,8.58
2026-01-23,5.784,5.9145,5.754,5.911,767,61.07,97.6,4.24,113298,18.43
2026-01-26,5.98,5.989,5.8785,5.984,720,60.63,97.04,4.21,110683,13.06
2026-01-27,5.832,5.841,5.8205,5.8285,917,62.39,96.22,4.22,116490,9.22
2026-01-28,5.8815,5.8945,5.8815,5.8925,1681,63.21,96.45,4.25,114607,13.71
2026-01-29,6.157,6.508,6.1315,6.1755,3804,65.42,96.28,4.23,103916,26.9
2026-01-30,6.1545,6.1545,5.746,5.897,1981,65.21,96.99,4.24,114250,22.21
2026-02-02,5.74,5.8595,5.569,5.8015,1104,62.14,97.61,4.28,116844,17.48
2026-02-03,5.8745,6.0745,5.8695,6.0625,699,63.21,97.44,4.27,108174,11.87
2026-02-04,6.06,6.079,5.826,5.826,831,65.14,97.62,4.28,116959,15.59
2026-02-05,5.777,5.803,5.68,5.799,884,63.29,97.82,4.21,117413,17.75
2026-02-06,5.65,5.8645,5.65,5.8635,421,63.55,97.63,4.21,114970,17.92
2026-02-09,5.8795,5.9525,5.8795,5.945,542,64.36,96.82,4.2,111620,8.84
2026-02-10,5.8875,5.901,5.8755,5.896,445,63.96,96.8,4.15,113238,13.0
2026-02-11,5.923,5.9525,5.923,5.949,653,64.63,96.83,4.17,111245,17.79
2026-02-12,5.9725,5.9725,5.75,5.771,1109,62.84,96.93,4.1,117826,18.57
2026-02-13,5.7955,5.799,5.7,5.7925,1584,62.89,96.88,4.06,117663,5.18
2026-02-17,5.6345,5.6365,5.633,5.633,941,62.33,97.16,4.05,123873,13.35
2026-02-18,5.667,5.8,5.667,5.7935,1156,65.19,97.7,4.08,118003,16.88
2026-02-19,5.735,5.735,5.725,5.73,993,66.43,97.93,4.07,120131,19.62
2026-02-20,5.742,5.8605,5.7275,5.831,658,66.39,97.8,4.09,115839,20.1
2026-02-23,5.88,5.88,5.7505,5.773,764,66.31,97.7,4.03,117506,18.83
2026-02-24,5.854,5.9285,5.854,5.923,937,65.63,97.88,4.03,112690,13.79
2026-02-25,5.9705,5.983,5.9705,5.9795,29280,65.42,97.7,4.05,111440,8.95
2026-02-26,5.9925,6.0005,5.914,5.947,7727,65.21,97.79,4.02,112022,16.12
2026-02-27,5.9595,6.08,5.9595,6.0045,3035,67.02,97.61,3.96,109743,23.81
2026-03-02,5.9665,6.0305,5.877,5.8945,1695,71.23,98.38,4.05,113581,24.4
2026-03-03,5.91,5.944,5.72,5.7735,1489,74.56,99.05,4.06,117942,19.47
2026-03-04,5.7905,5.8895,5.789,5.855,736,74.66,98.77,4.08,114725,19.08
2026-03-05,5.849,5.849,5.73,5.753,1705,81.01,99.32,4.15,118486,17.56
2026-03-06,5.786,5.792,5.7355,5.757,1171,90.9,98.99,4.13,118133,12.93
2026-03-09,5.723,5.846,5.63,5.8005,1061,94.77,99.18,4.14,116604,15.61
2026-03-10,5.8445,5.9075,5.8295,5.904,737,83.45,98.83,4.14,113227,25.9
2026-03-11,5.8885,5.8885,5.7895,5.8455,853,87.25,99.23,4.21,115277,12.11
2026-03-12,5.852,5.8525,5.774,5.8245,636,95.73,99.74,4.27,115816,24.63
2026-03-13,5.729,5.792,5.6285,5.7145,546,98.71,100.36,4.28,119617,13.57
2026-03-16,5.63,5.8095,5.63,5.7905,571,93.5,99.71,4.22,116917,22.76
2026-03-17,5.742,5.7485,5.7,5.7265,703,96.21,99.58,4.2,118990,8.3
2026-03-18,5.7215,5.734,5.44,5.554,1985,96.32,100.09,4.26,124911,16.1
2026-03-19,5.48,5.4805,5.2895,5.433,1355,96.14,99.23,4.28,129866,7.98
2026-03-20,5.5145,5.5145,5.268,5.3425,1388,98.32,99.65,4.39,133286,3.45
2026-03-23,5.4525,5.5,5.422,5.4395,1206,88.13,98.95,4.33,129758,12.84
2026-03-24,5.3935,5.5,5.376,5.4225,1140,92.35,99.43,4.39,130666,16.58
2026-03-25,5.5325,5.5325,5.493,5.529,811,90.32,99.6,4.33,126789,8.64
2026-03-26,5.4635,5.477,5.425,5.4465,547,94.48,99.9,4.42,130204,4.34
2026-03-27,5.467,5.467,5.467,5.467,4008,99.64,100.15,4.44,129653,11.63
2026-03-30,5.401,5.499,5.401,5.476,2377,102.88,100.51,4.34,129290,11.76
2026-03-31,5.4835,5.628,5.4835,5.5875,1807,101.38,99.96,4.31,125589,16.34
2026-04-01,5.6165,5.6315,5.584,5.624,1430,100.12,99.65,4.32,123604,18.8
2026-04-02,5.549,5.614,5.5485,5.563,0,111.54,100.03,4.31,125232,12.99
2026-04-06,5.6245,5.6245,5.5675,5.5835,638,112.41,99.98,4.34,123977,22.82
2026-04-07,5.5675,5.5675,5.5445,5.5445,542,112.95,99.64,4.34,125407,14.18
2026-04-08,5.7595,5.763,5.759,5.7595,650,94.41,99.13,4.29,118661,14.01
2026-04-09,5.727,5.748,5.727,5.748,2085,97.87,98.82,4.29,120068,7.54
2026-04-10,5.7775,5.8705,5.7705,5.8705,683,96.57,98.65,4.32,116068,15.82
2026-04-13,5.976,6.0,5.976,5.976,401,99.08,98.37,4.3,112600,16.77
2026-04-14,6.0745,6.0795,6.068,6.0705,485,91.28,98.12,4.26,108482,24.43
2026-04-15,6.073,6.084,6.07,6.072,394,91.29,98.06,4.28,108186,21.96
2026-04-16,6.065,6.068,6.02,6.0665,1007,94.69,98.22,4.31,108024,13.68
2026-04-17,6.1015,6.1055,6.077,6.1035,842,83.85,98.1,4.25,106449,20.91
2026-04-20,5.98,6.0545,5.98,6.036,1058,89.61,98.05,4.25,108736,22.56
2026-04-21,5.9995,6.0015,5.9685,6.0015,924,92.13,98.41,4.29,109731,26.41
2026-04-22,6.1155,6.12,6.113,6.12,1149,92.96,98.59,4.29,104693,24.69
2026-04-23,6.023,6.0755,6.021,6.0755,957,95.85,98.8,4.32,106587,23.5
2026-04-24,5.98,6.0235,5.98,6.0235,788,94.4,98.51,4.31,107924,19.34
2026-04-27,6.022,6.022,6.018,6.018,914,96.37,98.48,4.34,108225,20.92
2026-04-28,5.9145,5.9145,5.9145,5.9145,23966,99.93,98.62,4.35,112780,23.93
2026-04-29,5.9235,5.964,5.8625,5.8785,4555,106.88,98.92,4.42,113627,10.57
2026-04-30,5.903,5.978,5.892,5.926,1622,105.07,98.08,4.39,110826,16.08
2026-05-01,5.9335,5.936,5.912,5.932,1399,101.94,98.21,4.38,110487,14.04
2026-05-04,5.807,5.899,5.79,5.795,827,106.42,98.47,4.45,115777,18.08
2026-05-05,5.8205,5.968,5.8195,5.943,640,102.27,98.48,4.42,111479,24.19
2026-05-06,5.9605,6.1555,5.9605,6.1365,1278,95.08,98.02,4.36,104153,17.47
2026-05-07,6.146,6.1875,6.11,6.1275,738,94.81,98.25,4.39,104691,8.39
2026-05-08,6.0525,6.258,6.0525,6.249,661,95.42,97.84,4.36,100229,19.8
2026-05-11,6.258,6.448,6.258,6.4135,609,98.07,97.94,4.41,94424,28.49
2026-05-12,6.435,6.601,6.435,6.485,782,102.18,98.29,4.46,93112,27.5
2026-05-13,6.596,6.645,6.596,6.6355,910,101.02,98.48,4.48,87168,28.83
2026-05-14,6.5555,6.577,6.5475,6.5675,718,101.17,98.88,4.46,89662,24.44
2026-05-15,6.52,6.52,6.2315,6.2515,899,105.42,99.27,4.59,100932,15.5
2026-05-18,6.197,6.282,6.197,6.272,1463,108.66,98.97,4.62,100704,24.73
2026-05-19,6.2545,6.2545,6.121,6.165,1254,107.77,99.3,4.67,104493,16.64
2026-05-20,6.164,6.3015,6.12,6.2905,993,98.26,99.11,4.57,100239,33.3
2026-05-21,6.22,6.2615,6.22,6.257,1051,96.35,99.19,4.59,101235,24.82
2026-05-22,6.345,6.348,6.3405,6.342,992,96.6,99.32,4.56,98381,20.12
2026-05-26,6.355,6.391,6.335,6.361,1840,93.89,99.17,4.49,97562,20.21
2026-05-27,6.4175,6.4175,6.305,6.305,2474,88.68,99.21,4.48,99801,22.1
2026-05-28,6.3,6.3995,6.2235,6.396,2596,88.9,99.02,4.45,96450,22.5
2026-05-29,6.392,6.392,6.345,6.3595,1317,87.36,98.91,4.45,97897,28.83
2026-06-01,6.544,6.55,6.494,6.524,1053,92.16,99.2,4.47,92127,26.23
2026-06-02,6.6525,6.6525,6.634,6.6495,651,93.76,99.22,4.45,88241,23.21
2026-06-03,6.5525,6.553,6.4755,6.481,1180,96.02,99.53,4.49,94115,34.21